model,family,metric_name,block,reading_bin,reading_phase,raw_spearman_rho,length_controlled_spearman_rho,n_programs,status
Qwen,Expert-choice confidence,fixed_v8_composite_1,0,0,early,0.1184017595307917,0.2159090909090908,32,available
Qwen,Expert-choice confidence,fixed_v8_composite_1,0,1,early,0.034090909090909,0.1528592375366569,32,available
Qwen,Expert-choice confidence,fixed_v8_composite_1,0,2,early,-0.0351906158357771,-0.0311583577712609,32,available
Qwen,Expert-choice confidence,fixed_v8_composite_1,0,3,early,-0.0355571847507331,0.0487536656891495,32,available
Qwen,Expert-choice confidence,fixed_v8_composite_1,0,4,middle,-0.2364369501466275,-0.2177419354838709,32,available
Qwen,Expert-choice confidence,fixed_v8_composite_1,0,5,middle,-0.0172287390029325,0.064882697947214,32,available
Qwen,Expert-choice confidence,fixed_v8_composite_1,0,6,middle,0.0406891495601173,0.0843108504398826,32,available
Qwen,Expert-choice confidence,fixed_v8_composite_1,0,7,middle,-0.0047653958944281,0.0381231671554252,32,available
Qwen,Expert-choice confidence,fixed_v8_composite_1,0,8,late,-0.0821114369501466,-0.0095307917888563,32,available
Qwen,Expert-choice confidence,fixed_v8_composite_1,0,9,late,0.1011730205278592,0.1389296187683284,32,available
Qwen,Expert-choice confidence,fixed_v8_composite_1,0,10,late,-0.0076979472140762,0.0348240469208211,32,available
Qwen,Expert-choice confidence,fixed_v8_composite_1,0,11,late,0.0157624633431085,0.0791788856304985,32,available
Qwen,Expert-choice confidence,fixed_v8_composite_1,1,0,early,-0.1004398826979472,0.0403225806451612,32,available
Qwen,Expert-choice confidence,fixed_v8_composite_1,1,1,early,-0.2910557184750733,-0.128299120234604,32,available
Qwen,Expert-choice confidence,fixed_v8_composite_1,1,2,early,-0.2778592375366568,-0.219574780058651,32,available
Qwen,Expert-choice confidence,fixed_v8_composite_1,1,3,early,-0.2093108504398826,-0.0469208211143695,32,available
Qwen,Expert-choice confidence,fixed_v8_composite_1,1,4,middle,-0.3658357771260997,-0.2529325513196481,32,available
Qwen,Expert-choice confidence,fixed_v8_composite_1,1,5,middle,-0.2155425219941348,-0.2111436950146627,32,available
Qwen,Expert-choice confidence,fixed_v8_composite_1,1,6,middle,-0.1803519061583577,-0.0978739002932551,32,available
Qwen,Expert-choice confidence,fixed_v8_composite_1,1,7,middle,-0.2166422287390029,-0.1429618768328445,32,available
Qwen,Expert-choice confidence,fixed_v8_composite_1,1,8,late,-0.1730205278592375,-0.0249266862170087,32,available
Qwen,Expert-choice confidence,fixed_v8_composite_1,1,9,late,-0.1228005865102639,-0.001466275659824,32,available
Qwen,Expert-choice confidence,fixed_v8_composite_1,1,10,late,-0.1191348973607038,-0.0186950146627565,32,available
Qwen,Expert-choice confidence,fixed_v8_composite_1,1,11,late,-0.2877565982404692,-0.2071114369501466,32,available
Qwen,Expert-choice confidence,fixed_v8_composite_1,2,0,early,-0.0835777126099706,-0.0278592375366568,32,available
Qwen,Expert-choice confidence,fixed_v8_composite_1,2,1,early,-0.2437683284457477,-0.2115102639296187,32,available
Qwen,Expert-choice confidence,fixed_v8_composite_1,2,2,early,-0.1678885630498533,-0.1458944281524926,32,available
Qwen,Expert-choice confidence,fixed_v8_composite_1,2,3,early,-0.1561583577712609,-0.095307917888563,32,available
Qwen,Expert-choice confidence,fixed_v8_composite_1,2,4,middle,-0.3049853372434017,-0.3104838709677419,32,available
Qwen,Expert-choice confidence,fixed_v8_composite_1,2,5,middle,-0.0766129032258064,-0.1081378299120234,32,available
Qwen,Expert-choice confidence,fixed_v8_composite_1,2,6,middle,-0.0344574780058651,0.0586510263929618,32,available
Qwen,Expert-choice confidence,fixed_v8_composite_1,2,7,middle,-0.1825513196480938,-0.1792521994134897,32,available
Qwen,Expert-choice confidence,fixed_v8_composite_1,2,8,late,-0.126466275659824,-0.0084310850439882,32,available
Qwen,Expert-choice confidence,fixed_v8_composite_1,2,9,late,-0.0912756598240469,-0.0381231671554252,32,available
Qwen,Expert-choice confidence,fixed_v8_composite_1,2,10,late,-0.1532258064516128,-0.0821114369501466,32,available
Qwen,Expert-choice confidence,fixed_v8_composite_1,2,11,late,-0.2412023460410557,-0.2587976539589443,32,available
Qwen,Expert-choice confidence,fixed_v8_composite_1,3,0,early,-0.0032991202346041,0.0894428152492668,32,available
Qwen,Expert-choice confidence,fixed_v8_composite_1,3,1,early,-0.0208944281524926,0.0663489736070381,32,available
Qwen,Expert-choice confidence,fixed_v8_composite_1,3,2,early,0.1649560117302052,0.1818181818181818,32,available
Qwen,Expert-choice confidence,fixed_v8_composite_1,3,3,early,0.0219941348973607,0.1052052785923753,32,available
Qwen,Expert-choice confidence,fixed_v8_composite_1,3,4,middle,-0.1184017595307917,-0.1359970674486803,32,available
Qwen,Expert-choice confidence,fixed_v8_composite_1,3,5,middle,0.096041055718475,0.2888563049853372,32,available
Qwen,Expert-choice confidence,fixed_v8_composite_1,3,6,middle,-0.0040322580645161,0.1044721407624633,32,available
Qwen,Expert-choice confidence,fixed_v8_composite_1,3,7,middle,0.1129032258064516,0.1862170087976539,32,available
Qwen,Expert-choice confidence,fixed_v8_composite_1,3,8,late,0.0755131964809384,0.1851173020527859,32,available
Qwen,Expert-choice confidence,fixed_v8_composite_1,3,9,late,0.1000733137829912,0.1935483870967741,32,available
Qwen,Expert-choice confidence,fixed_v8_composite_1,3,10,late,0.0439882697947214,0.1484604105571847,32,available
Qwen,Expert-choice confidence,fixed_v8_composite_1,3,11,late,0.1341642228739002,0.157991202346041,32,available
Qwen,Expert-choice confidence,fixed_v8_composite_1,4,0,early,-0.2448680351906158,-0.031891495601173,32,available
Qwen,Expert-choice confidence,fixed_v8_composite_1,4,1,early,-0.4637096774193548,-0.2126099706744868,32,available
Qwen,Expert-choice confidence,fixed_v8_composite_1,4,2,early,-0.3053519061583578,-0.0799120234604105,32,available
Qwen,Expert-choice confidence,fixed_v8_composite_1,4,3,early,-0.2730938416422287,0.0175953079178885,32,available
Qwen,Expert-choice confidence,fixed_v8_composite_1,4,4,middle,-0.4006598240469208,-0.1986803519061583,32,available
Qwen,Expert-choice confidence,fixed_v8_composite_1,4,5,middle,-0.2232404692082111,-0.0388563049853372,32,available
Qwen,Expert-choice confidence,fixed_v8_composite_1,4,6,middle,-0.2587976539589443,-0.0414222873900293,32,available
Qwen,Expert-choice confidence,fixed_v8_composite_1,4,7,middle,-0.2862903225806451,-0.0857771260997067,32,available
Qwen,Expert-choice confidence,fixed_v8_composite_1,4,8,late,-0.4076246334310849,-0.1429618768328445,32,available
Qwen,Expert-choice confidence,fixed_v8_composite_1,4,9,late,-0.2928885630498533,-0.0729472140762463,32,available
Qwen,Expert-choice confidence,fixed_v8_composite_1,4,10,late,-0.4061583577712609,-0.126466275659824,32,available
Qwen,Expert-choice confidence,fixed_v8_composite_1,4,11,late,-0.3731671554252199,-0.1741202346041055,32,available
Qwen,Expert-choice confidence,fixed_v8_composite_1,5,0,early,0.001466275659824,0.1840175953079178,32,available
Qwen,Expert-choice confidence,fixed_v8_composite_1,5,1,early,-0.0890762463343108,0.344208211143695,32,available
Qwen,Expert-choice confidence,fixed_v8_composite_1,5,2,early,0.0304252199413489,0.3108504398826979,32,available
Qwen,Expert-choice confidence,fixed_v8_composite_1,5,3,early,-0.0120967741935483,0.3607038123167155,32,available
Qwen,Expert-choice confidence,fixed_v8_composite_1,5,4,middle,-0.0172287390029325,0.2554985337243401,32,available
Qwen,Expert-choice confidence,fixed_v8_composite_1,5,5,middle,-0.034090909090909,0.3533724340175952,32,available
Qwen,Expert-choice confidence,fixed_v8_composite_1,5,6,middle,0.1477272727272727,0.4277859237536656,32,available
Qwen,Expert-choice confidence,fixed_v8_composite_1,5,7,middle,0.1524926686217008,0.4288856304985337,32,available
Qwen,Expert-choice confidence,fixed_v8_composite_1,5,8,late,0.0348240469208211,0.3907624633431084,32,available
Qwen,Expert-choice confidence,fixed_v8_composite_1,5,9,late,0.0733137829912023,0.3225806451612903,32,available
Qwen,Expert-choice confidence,fixed_v8_composite_1,5,10,late,-0.0381231671554252,0.4024926686217009,32,available
Qwen,Expert-choice confidence,fixed_v8_composite_1,5,11,late,0.1030058651026392,0.4024926686217009,32,available
Qwen,Expert-choice confidence,fixed_v8_composite_1,6,0,early,-0.25183284457478,0.0216275659824046,32,available
Qwen,Expert-choice confidence,fixed_v8_composite_1,6,1,early,-0.3229472140762462,0.1011730205278592,32,available
Qwen,Expert-choice confidence,fixed_v8_composite_1,6,2,early,-0.2401026392961876,0.0542521994134897,32,available
Qwen,Expert-choice confidence,fixed_v8_composite_1,6,3,early,-0.1854838709677419,0.1484604105571847,32,available
Qwen,Expert-choice confidence,fixed_v8_composite_1,6,4,middle,-0.3379765395894428,-0.1220674486803519,32,available
Qwen,Expert-choice confidence,fixed_v8_composite_1,6,5,middle,-0.2983870967741935,0.0373900293255131,32,available
Qwen,Expert-choice confidence,fixed_v8_composite_1,6,6,middle,-0.2034457478005865,0.0901759530791788,32,available
Qwen,Expert-choice confidence,fixed_v8_composite_1,6,7,middle,-0.2093108504398826,0.0065982404692082,32,available
Qwen,Expert-choice confidence,fixed_v8_composite_1,6,8,late,-0.2569648093841642,0.0252932551319648,32,available
Qwen,Expert-choice confidence,fixed_v8_composite_1,6,9,late,-0.0865102639296187,0.1997800586510264,32,available
Qwen,Expert-choice confidence,fixed_v8_composite_1,6,10,late,-0.2254398826979472,0.1532258064516128,32,available
Qwen,Expert-choice confidence,fixed_v8_composite_1,6,11,late,-0.187316715542522,0.1052052785923753,32,available
Qwen,Expert-choice confidence,fixed_v8_composite_1,7,0,early,-0.032991202346041,0.0546187683284457,32,available
Qwen,Expert-choice confidence,fixed_v8_composite_1,7,1,early,-0.0172287390029325,0.2001466275659824,32,available
Qwen,Expert-choice confidence,fixed_v8_composite_1,7,2,early,0.0252932551319648,0.1664222873900293,32,available
Qwen,Expert-choice confidence,fixed_v8_composite_1,7,3,early,0.0359237536656891,0.221041055718475,32,available
Qwen,Expert-choice confidence,fixed_v8_composite_1,7,4,middle,0.032258064516129,0.125,32,available
Qwen,Expert-choice confidence,fixed_v8_composite_1,7,5,middle,0.0678152492668621,0.189882697947214,32,available
Qwen,Expert-choice confidence,fixed_v8_composite_1,7,6,middle,-0.0128299120234604,0.0861436950146627,32,available
Qwen,Expert-choice confidence,fixed_v8_composite_1,7,7,middle,-0.0212609970674486,0.0252932551319648,32,available
Qwen,Expert-choice confidence,fixed_v8_composite_1,7,8,late,0.1345307917888563,0.2368035190615835,32,available
Qwen,Expert-choice confidence,fixed_v8_composite_1,7,9,late,0.0421554252199413,0.1664222873900293,32,available
Qwen,Expert-choice confidence,fixed_v8_composite_1,7,10,late,0.0597507331378299,0.2807917888563049,32,available
Qwen,Expert-choice confidence,fixed_v8_composite_1,7,11,late,0.0399560117302052,0.2111436950146627,32,available
Qwen,Expert-choice confidence,fixed_v8_composite_1,8,0,early,-0.3031524926686216,-0.1781524926686216,32,available
Qwen,Expert-choice confidence,fixed_v8_composite_1,8,1,early,-0.2155425219941348,0.1678885630498533,32,available
Qwen,Expert-choice confidence,fixed_v8_composite_1,8,2,early,-0.1851173020527859,0.0861436950146627,32,available
Qwen,Expert-choice confidence,fixed_v8_composite_1,8,3,early,-0.1063049853372434,0.190615835777126,32,available
Qwen,Expert-choice confidence,fixed_v8_composite_1,8,4,middle,-0.2236070381231671,-0.033357771260997,32,available
Qwen,Expert-choice confidence,fixed_v8_composite_1,8,5,middle,-0.2324046920821113,-0.0102639296187683,32,available
Qwen,Expert-choice confidence,fixed_v8_composite_1,8,6,middle,-0.1524926686217008,0.0120967741935483,32,available
Qwen,Expert-choice confidence,fixed_v8_composite_1,8,7,middle,-0.1359970674486803,0.0120967741935483,32,available
Qwen,Expert-choice confidence,fixed_v8_composite_1,8,8,late,-0.0491202346041055,0.2430351906158357,32,available
Qwen,Expert-choice confidence,fixed_v8_composite_1,8,9,late,-0.1140029325513196,0.1085043988269794,32,available
Qwen,Expert-choice confidence,fixed_v8_composite_1,8,10,late,-0.1979472140762463,0.187683284457478,32,available
Qwen,Expert-choice confidence,fixed_v8_composite_1,8,11,late,-0.0854105571847507,0.1620234604105571,32,available
Qwen,Expert-choice confidence,fixed_v8_composite_1,9,0,early,-0.0579178885630498,0.157991202346041,32,available
Qwen,Expert-choice confidence,fixed_v8_composite_1,9,1,early,-0.0854105571847507,0.3808651026392961,32,available
Qwen,Expert-choice confidence,fixed_v8_composite_1,9,2,early,0.0219941348973607,0.2980205278592375,32,available
Qwen,Expert-choice confidence,fixed_v8_composite_1,9,3,early,-0.1074046920821114,0.2576979472140762,32,available
Qwen,Expert-choice confidence,fixed_v8_composite_1,9,4,middle,-0.0249266862170087,0.2848240469208211,32,available
Qwen,Expert-choice confidence,fixed_v8_composite_1,9,5,middle,0.002932551319648,0.3196480938416422,32,available
Qwen,Expert-choice confidence,fixed_v8_composite_1,9,6,middle,-0.0062316715542521,0.2324046920821113,32,available
Qwen,Expert-choice confidence,fixed_v8_composite_1,9,7,middle,0.0553519061583577,0.2653958944281525,32,available
Qwen,Expert-choice confidence,fixed_v8_composite_1,9,8,late,0.1645894428152492,0.4945014662756597,32,available
Qwen,Expert-choice confidence,fixed_v8_composite_1,9,9,late,0.0065982404692082,0.251099706744868,32,available
Qwen,Expert-choice confidence,fixed_v8_composite_1,9,10,late,-0.0069648093841642,0.4321847507331378,32,available
Qwen,Expert-choice confidence,fixed_v8_composite_1,9,11,late,0.0465542521994134,0.3225806451612903,32,available
Qwen,Expert-choice confidence,fixed_v8_composite_1,10,0,early,0.0205278592375366,0.2122434017595307,32,available
Qwen,Expert-choice confidence,fixed_v8_composite_1,10,1,early,-0.0751466275659824,0.3170821114369501,32,available
Qwen,Expert-choice confidence,fixed_v8_composite_1,10,2,early,-0.002565982404692,0.3570381231671554,32,available
Qwen,Expert-choice confidence,fixed_v8_composite_1,10,3,early,0.0,0.3885630498533724,32,available
Qwen,Expert-choice confidence,fixed_v8_composite_1,10,4,middle,-0.0454545454545454,0.2045454545454545,32,available
Qwen,Expert-choice confidence,fixed_v8_composite_1,10,5,middle,-0.0076979472140762,0.3053519061583578,32,available
Qwen,Expert-choice confidence,fixed_v8_composite_1,10,6,middle,0.19024926686217,0.4318181818181817,32,available
Qwen,Expert-choice confidence,fixed_v8_composite_1,10,7,middle,0.063049853372434,0.3324780058651026,32,available
Qwen,Expert-choice confidence,fixed_v8_composite_1,10,8,late,0.1279325513196481,0.531524926686217,32,available
Qwen,Expert-choice confidence,fixed_v8_composite_1,10,9,late,0.0993401759530791,0.4681085043988269,32,available
Qwen,Expert-choice confidence,fixed_v8_composite_1,10,10,late,-0.0865102639296187,0.3870967741935483,32,available
Qwen,Expert-choice confidence,fixed_v8_composite_1,10,11,late,0.0472873900293255,0.379032258064516,32,available
Qwen,Expert-choice confidence,fixed_v8_composite_1,11,0,early,-0.4241202346041055,-0.2254398826979472,32,available
Qwen,Expert-choice confidence,fixed_v8_composite_1,11,1,early,-0.4721407624633431,-0.1176686217008797,32,available
Qwen,Expert-choice confidence,fixed_v8_composite_1,11,2,early,-0.5146627565982405,-0.2730938416422287,32,available
Qwen,Expert-choice confidence,fixed_v8_composite_1,11,3,early,-0.6455278592375365,-0.3379765395894428,32,available
Qwen,Expert-choice confidence,fixed_v8_composite_1,11,4,middle,-0.5263929618768328,-0.2778592375366568,32,available
Qwen,Expert-choice confidence,fixed_v8_composite_1,11,5,middle,-0.5201612903225806,-0.2349706744868035,32,available
Qwen,Expert-choice confidence,fixed_v8_composite_1,11,6,middle,-0.3870967741935483,-0.1044721407624633,32,available
Qwen,Expert-choice confidence,fixed_v8_composite_1,11,7,middle,-0.4461143695014662,-0.1612903225806451,32,available
Qwen,Expert-choice confidence,fixed_v8_composite_1,11,8,late,-0.2639296187683284,0.0978739002932551,32,available
Qwen,Expert-choice confidence,fixed_v8_composite_1,11,9,late,-0.3585043988269794,-0.0608504398826979,32,available
Qwen,Expert-choice confidence,fixed_v8_composite_1,11,10,late,-0.4351173020527858,-0.0828445747800586,32,available
Qwen,Expert-choice confidence,fixed_v8_composite_1,11,11,late,-0.4776392961876832,-0.2628299120234604,32,available
Qwen,Expert-choice confidence,fixed_v8_composite_1,12,0,early,-0.0839442815249266,0.3310117302052786,32,available
Qwen,Expert-choice confidence,fixed_v8_composite_1,12,1,early,-0.4028592375366568,0.0058651026392961,32,available
Qwen,Expert-choice confidence,fixed_v8_composite_1,12,2,early,-0.4255865102639296,-0.1019061583577712,32,available
Qwen,Expert-choice confidence,fixed_v8_composite_1,12,3,early,-0.3321114369501466,0.0608504398826979,32,available
Qwen,Expert-choice confidence,fixed_v8_composite_1,12,4,middle,-0.4464809384164222,-0.1792521994134897,32,available
Qwen,Expert-choice confidence,fixed_v8_composite_1,12,5,middle,-0.3552052785923753,-0.0626832844574779,32,available
Qwen,Expert-choice confidence,fixed_v8_composite_1,12,6,middle,-0.2360703812316715,0.0905425219941348,32,available
Qwen,Expert-choice confidence,fixed_v8_composite_1,12,7,middle,-0.2983870967741935,-0.0458211143695014,32,available
Qwen,Expert-choice confidence,fixed_v8_composite_1,12,8,late,-0.2851906158357771,0.0164956011730205,32,available
Qwen,Expert-choice confidence,fixed_v8_composite_1,12,9,late,-0.1367302052785923,0.2404692082111436,32,available
Qwen,Expert-choice confidence,fixed_v8_composite_1,12,10,late,-0.3636363636363636,-0.001466275659824,32,available
Qwen,Expert-choice confidence,fixed_v8_composite_1,12,11,late,-0.2939882697947213,0.0454545454545454,32,available
Qwen,Expert-choice confidence,fixed_v8_composite_1,13,0,early,-0.1004398826979472,-0.126099706744868,32,available
Qwen,Expert-choice confidence,fixed_v8_composite_1,13,1,early,-0.2151759530791788,-0.1063049853372434,32,available
Qwen,Expert-choice confidence,fixed_v8_composite_1,13,2,early,-0.0432551319648093,0.0623167155425219,32,available
Qwen,Expert-choice confidence,fixed_v8_composite_1,13,3,early,-0.2118768328445747,-0.1041055718475073,32,available
Qwen,Expert-choice confidence,fixed_v8_composite_1,13,4,middle,-0.0476539589442815,0.063782991202346,32,available
Qwen,Expert-choice confidence,fixed_v8_composite_1,13,5,middle,-0.0656158357771261,-0.0571847507331378,32,available
Qwen,Expert-choice confidence,fixed_v8_composite_1,13,6,middle,-0.1092375366568914,-0.0843108504398826,32,available
Qwen,Expert-choice confidence,fixed_v8_composite_1,13,7,middle,-0.12683284457478,-0.0817448680351906,32,available
Qwen,Expert-choice confidence,fixed_v8_composite_1,13,8,late,0.0571847507331378,0.189882697947214,32,available
Qwen,Expert-choice confidence,fixed_v8_composite_1,13,9,late,-0.0898093841642228,-0.0238269794721407,32,available
Qwen,Expert-choice confidence,fixed_v8_composite_1,13,10,late,-0.2225073313782991,-0.0403225806451612,32,available
Qwen,Expert-choice confidence,fixed_v8_composite_1,13,11,late,-0.1096041055718475,-0.0157624633431085,32,available
Qwen,Expert-choice confidence,fixed_v8_composite_1,14,0,early,-0.2342375366568914,0.2126099706744868,32,available
Qwen,Expert-choice confidence,fixed_v8_composite_1,14,1,early,-0.4442815249266861,-0.0076979472140762,32,available
Qwen,Expert-choice confidence,fixed_v8_composite_1,14,2,early,-0.4244868035190615,-0.1019061583577712,32,available
Qwen,Expert-choice confidence,fixed_v8_composite_1,14,3,early,-0.4149560117302052,0.0113636363636363,32,available
Qwen,Expert-choice confidence,fixed_v8_composite_1,14,4,middle,-0.4622434017595307,-0.157624633431085,32,available
Qwen,Expert-choice confidence,fixed_v8_composite_1,14,5,middle,-0.3504398826979471,-0.0285923753665689,32,available
Qwen,Expert-choice confidence,fixed_v8_composite_1,14,6,middle,-0.3174486803519061,-0.0069648093841642,32,available
Qwen,Expert-choice confidence,fixed_v8_composite_1,14,7,middle,-0.3090175953079178,0.0267595307917888,32,available
Qwen,Expert-choice confidence,fixed_v8_composite_1,14,8,late,-0.2184750733137829,0.1697214076246334,32,available
Qwen,Expert-choice confidence,fixed_v8_composite_1,14,9,late,-0.2730938416422287,0.1495601173020527,32,available
Qwen,Expert-choice confidence,fixed_v8_composite_1,14,10,late,-0.4640762463343108,0.0139296187683284,32,available
Qwen,Expert-choice confidence,fixed_v8_composite_1,14,11,late,-0.3244134897360703,0.0681818181818181,32,available
Qwen,Expert-choice confidence,fixed_v8_composite_1,15,0,early,-0.1752199413489735,0.0608504398826979,32,available
Qwen,Expert-choice confidence,fixed_v8_composite_1,15,1,early,-0.3526392961876832,-0.0362903225806451,32,available
Qwen,Expert-choice confidence,fixed_v8_composite_1,15,2,early,-0.282258064516129,0.002565982404692,32,available
Qwen,Expert-choice confidence,fixed_v8_composite_1,15,3,early,-0.3167155425219941,0.0476539589442815,32,available
Qwen,Expert-choice confidence,fixed_v8_composite_1,15,4,middle,-0.2313049853372434,0.0975073313782991,32,available
Qwen,Expert-choice confidence,fixed_v8_composite_1,15,5,middle,-0.2331378299120234,0.0384897360703812,32,available
Qwen,Expert-choice confidence,fixed_v8_composite_1,15,6,middle,-0.3229472140762462,-0.1862170087976539,32,available
Qwen,Expert-choice confidence,fixed_v8_composite_1,15,7,middle,-0.2774926686217008,-0.0821114369501466,32,available
Qwen,Expert-choice confidence,fixed_v8_composite_1,15,8,late,-0.2855571847507331,-0.0417888563049853,32,available
Qwen,Expert-choice confidence,fixed_v8_composite_1,15,9,late,-0.2749266862170087,-0.095307917888563,32,available
Qwen,Expert-choice confidence,fixed_v8_composite_1,15,10,late,-0.4164222873900293,-0.0560850439882697,32,available
Qwen,Expert-choice confidence,fixed_v8_composite_1,15,11,late,-0.3097507331378298,-0.0736803519061583,32,available
Qwen,Expert-choice confidence,fixed_v8_composite_1,16,0,early,-0.4310850439882697,-0.2423020527859237,32,available
Qwen,Expert-choice confidence,fixed_v8_composite_1,16,1,early,-0.406524926686217,0.0707478005865102,32,available
Qwen,Expert-choice confidence,fixed_v8_composite_1,16,2,early,-0.4105571847507331,0.0256598240469208,32,available
Qwen,Expert-choice confidence,fixed_v8_composite_1,16,3,early,-0.4985337243401758,-0.0707478005865102,32,available
Qwen,Expert-choice confidence,fixed_v8_composite_1,16,4,middle,-0.5109970674486803,-0.2052785923753665,32,available
Qwen,Expert-choice confidence,fixed_v8_composite_1,16,5,middle,-0.4186217008797653,-0.1711876832844574,32,available
Qwen,Expert-choice confidence,fixed_v8_composite_1,16,6,middle,-0.374633431085044,-0.0714809384164222,32,available
Qwen,Expert-choice confidence,fixed_v8_composite_1,16,7,middle,-0.4494134897360703,-0.2569648093841642,32,available
Qwen,Expert-choice confidence,fixed_v8_composite_1,16,8,late,-0.2708944281524926,0.0725806451612903,32,available
Qwen,Expert-choice confidence,fixed_v8_composite_1,16,9,late,-0.3907624633431084,-0.0289589442815249,32,available
Qwen,Expert-choice confidence,fixed_v8_composite_1,16,10,late,-0.4428152492668622,0.0674486803519061,32,available
Qwen,Expert-choice confidence,fixed_v8_composite_1,16,11,late,-0.3713343108504399,0.0458211143695014,32,available
Qwen,Expert-choice confidence,fixed_v8_composite_1,17,0,early,-0.2063782991202346,-0.0051319648093841,32,available
Qwen,Expert-choice confidence,fixed_v8_composite_1,17,1,early,-0.2276392961876832,0.1118035190615835,32,available
Qwen,Expert-choice confidence,fixed_v8_composite_1,17,2,early,-0.1645894428152492,0.0388563049853372,32,available
Qwen,Expert-choice confidence,fixed_v8_composite_1,17,3,early,-0.2287390029325513,0.0454545454545454,32,available
Qwen,Expert-choice confidence,fixed_v8_composite_1,17,4,middle,-0.2635630498533724,-0.0436217008797653,32,available
Qwen,Expert-choice confidence,fixed_v8_composite_1,17,5,middle,-0.1293988269794721,0.0791788856304985,32,available
Qwen,Expert-choice confidence,fixed_v8_composite_1,17,6,middle,-0.1352639296187683,0.0040322580645161,32,available
Qwen,Expert-choice confidence,fixed_v8_composite_1,17,7,middle,-0.189516129032258,-0.0384897360703812,32,available
Qwen,Expert-choice confidence,fixed_v8_composite_1,17,8,late,-0.0806451612903225,0.1301319648093841,32,available
Qwen,Expert-choice confidence,fixed_v8_composite_1,17,9,late,-0.0707478005865102,0.0626832844574779,32,available
Qwen,Expert-choice confidence,fixed_v8_composite_1,17,10,late,-0.1649560117302052,0.0824780058651026,32,available
Qwen,Expert-choice confidence,fixed_v8_composite_1,17,11,late,-0.128299120234604,0.0355571847507331,32,available
Qwen,Expert-choice confidence,fixed_v8_composite_1,18,0,early,-0.2584310850439882,0.0791788856304985,32,available
Qwen,Expert-choice confidence,fixed_v8_composite_1,18,1,early,-0.4904692082111436,-0.1026392961876832,32,available
Qwen,Expert-choice confidence,fixed_v8_composite_1,18,2,early,-0.37866568914956,-0.0813782991202346,32,available
Qwen,Expert-choice confidence,fixed_v8_composite_1,18,3,early,-0.3614369501466275,0.094941348973607,32,available
Qwen,Expert-choice confidence,fixed_v8_composite_1,18,4,middle,-0.4164222873900293,-0.127565982404692,32,available
Qwen,Expert-choice confidence,fixed_v8_composite_1,18,5,middle,-0.3577712609970674,0.0439882697947214,32,available
Qwen,Expert-choice confidence,fixed_v8_composite_1,18,6,middle,-0.281524926686217,-0.0491202346041055,32,available
Qwen,Expert-choice confidence,fixed_v8_composite_1,18,7,middle,-0.3306451612903225,-0.0403225806451612,32,available
Qwen,Expert-choice confidence,fixed_v8_composite_1,18,8,late,-0.3244134897360703,0.0190615835777126,32,available
Qwen,Expert-choice confidence,fixed_v8_composite_1,18,9,late,-0.2305718475073313,0.1187683284457477,32,available
Qwen,Expert-choice confidence,fixed_v8_composite_1,18,10,late,-0.4255865102639296,-0.0113636363636363,32,available
Qwen,Expert-choice confidence,fixed_v8_composite_1,18,11,late,-0.3189149560117301,-0.0102639296187683,32,available
Qwen,Expert-choice confidence,fixed_v8_composite_1,19,0,early,-0.1037390029325513,-0.002199413489736,32,available
Qwen,Expert-choice confidence,fixed_v8_composite_1,19,1,early,-0.0791788856304985,0.1715542521994134,32,available
Qwen,Expert-choice confidence,fixed_v8_composite_1,19,2,early,0.0065982404692082,0.096774193548387,32,available
Qwen,Expert-choice confidence,fixed_v8_composite_1,19,3,early,0.0205278592375366,0.1810850439882697,32,available
Qwen,Expert-choice confidence,fixed_v8_composite_1,19,4,middle,-0.0227272727272727,0.1400293255131964,32,available
Qwen,Expert-choice confidence,fixed_v8_composite_1,19,5,middle,0.0443548387096774,0.2324046920821113,32,available
Qwen,Expert-choice confidence,fixed_v8_composite_1,19,6,middle,-0.0157624633431085,0.0425219941348973,32,available
Qwen,Expert-choice confidence,fixed_v8_composite_1,19,7,middle,0.0047653958944281,0.0898093841642228,32,available
Qwen,Expert-choice confidence,fixed_v8_composite_1,19,8,late,0.0989736070381231,0.2188416422287389,32,available
Qwen,Expert-choice confidence,fixed_v8_composite_1,19,9,late,0.0685483870967741,0.1693548387096774,32,available
Qwen,Expert-choice confidence,fixed_v8_composite_1,19,10,late,0.1121700879765395,0.2888563049853372,32,available
Qwen,Expert-choice confidence,fixed_v8_composite_1,19,11,late,0.0139296187683284,0.1535923753665689,32,available
Qwen,Expert-choice confidence,fixed_v8_composite_1,20,0,early,-0.3717008797653959,-0.2265395894428152,32,available
Qwen,Expert-choice confidence,fixed_v8_composite_1,20,1,early,-0.2232404692082111,0.0498533724340175,32,available
Qwen,Expert-choice confidence,fixed_v8_composite_1,20,2,early,-0.2371700879765395,-0.0366568914956011,32,available
Qwen,Expert-choice confidence,fixed_v8_composite_1,20,3,early,-0.1810850439882697,0.0432551319648093,32,available
Qwen,Expert-choice confidence,fixed_v8_composite_1,20,4,middle,-0.3658357771260997,-0.1950146627565982,32,available
Qwen,Expert-choice confidence,fixed_v8_composite_1,20,5,middle,-0.1737536656891495,0.0498533724340175,32,available
Qwen,Expert-choice confidence,fixed_v8_composite_1,20,6,middle,-0.2686950146627566,-0.0997067448680351,32,available
Qwen,Expert-choice confidence,fixed_v8_composite_1,20,7,middle,-0.1521260997067448,-0.0036656891495601,32,available
Qwen,Expert-choice confidence,fixed_v8_composite_1,20,8,late,-0.1623900293255131,0.0571847507331378,32,available
Qwen,Expert-choice confidence,fixed_v8_composite_1,20,9,late,-0.2456011730205278,-0.063782991202346,32,available
Qwen,Expert-choice confidence,fixed_v8_composite_1,20,10,late,-0.2063782991202346,0.0432551319648093,32,available
Qwen,Expert-choice confidence,fixed_v8_composite_1,20,11,late,-0.1766862170087976,-0.001466275659824,32,available
Qwen,Expert-choice confidence,fixed_v8_composite_1,21,0,early,-0.1667888563049853,-0.0157624633431085,32,available
Qwen,Expert-choice confidence,fixed_v8_composite_1,21,1,early,-0.12683284457478,0.1466275659824046,32,available
Qwen,Expert-choice confidence,fixed_v8_composite_1,21,2,early,-0.1851173020527859,-0.1143695014662756,32,available
Qwen,Expert-choice confidence,fixed_v8_composite_1,21,3,early,-0.157991202346041,0.0590175953079178,32,available
Qwen,Expert-choice confidence,fixed_v8_composite_1,21,4,middle,-0.1796187683284457,-0.0271260997067448,32,available
Qwen,Expert-choice confidence,fixed_v8_composite_1,21,5,middle,-0.1165689149560117,0.0285923753665689,32,available
Qwen,Expert-choice confidence,fixed_v8_composite_1,21,6,middle,-0.0758797653958944,0.0054985337243401,32,available
Qwen,Expert-choice confidence,fixed_v8_composite_1,21,7,middle,-0.0381231671554252,0.1140029325513196,32,available
Qwen,Expert-choice confidence,fixed_v8_composite_1,21,8,late,0.0087976539589442,0.2166422287390029,32,available
Qwen,Expert-choice confidence,fixed_v8_composite_1,21,9,late,-0.0821114369501466,0.0384897360703812,32,available
Qwen,Expert-choice confidence,fixed_v8_composite_1,21,10,late,-0.127199413489736,0.1202346041055718,32,available
Qwen,Expert-choice confidence,fixed_v8_composite_1,21,11,late,-0.1480938416422287,-0.0256598240469208,32,available
Qwen,Expert-choice confidence,fixed_v8_composite_1,22,0,early,0.0850439882697947,0.2320381231671554,32,available
Qwen,Expert-choice confidence,fixed_v8_composite_1,22,1,early,0.0887096774193548,0.25183284457478,32,available
Qwen,Expert-choice confidence,fixed_v8_composite_1,22,2,early,0.2019794721407624,0.2419354838709677,32,available
Qwen,Expert-choice confidence,fixed_v8_composite_1,22,3,early,0.125,0.2950879765395894,32,available
Qwen,Expert-choice confidence,fixed_v8_composite_1,22,4,middle,0.0348240469208211,0.0821114369501466,32,available
Qwen,Expert-choice confidence,fixed_v8_composite_1,22,5,middle,0.1774193548387096,0.2617302052785923,32,available
Qwen,Expert-choice confidence,fixed_v8_composite_1,22,6,middle,0.1605571847507331,0.2012463343108504,32,available
Qwen,Expert-choice confidence,fixed_v8_composite_1,22,7,middle,0.1359970674486803,0.2008797653958944,32,available
Qwen,Expert-choice confidence,fixed_v8_composite_1,22,8,late,0.1968475073313782,0.3317448680351906,32,available
Qwen,Expert-choice confidence,fixed_v8_composite_1,22,9,late,0.1781524926686216,0.282258064516129,32,available
Qwen,Expert-choice confidence,fixed_v8_composite_1,22,10,late,0.0663489736070381,0.2357038123167155,32,available
Qwen,Expert-choice confidence,fixed_v8_composite_1,22,11,late,0.1810850439882697,0.2463343108504398,32,available
Qwen,Expert-choice confidence,fixed_v8_composite_1,23,0,early,0.0887096774193548,0.2441348973607038,32,available
Qwen,Expert-choice confidence,fixed_v8_composite_1,23,1,early,-0.06341642228739,0.1286656891495601,32,available
Qwen,Expert-choice confidence,fixed_v8_composite_1,23,2,early,0.0307917888563049,0.1689882697947214,32,available
Qwen,Expert-choice confidence,fixed_v8_composite_1,23,3,early,0.095307917888563,0.2947214076246334,32,available
Qwen,Expert-choice confidence,fixed_v8_composite_1,23,4,middle,-0.0447214076246334,0.0476539589442815,32,available
Qwen,Expert-choice confidence,fixed_v8_composite_1,23,5,middle,0.0509530791788856,0.2133431085043988,32,available
Qwen,Expert-choice confidence,fixed_v8_composite_1,23,6,middle,0.0623167155425219,0.1495601173020527,32,available
Qwen,Expert-choice confidence,fixed_v8_composite_1,23,7,middle,0.1074046920821114,0.190982404692082,32,available
Qwen,Expert-choice confidence,fixed_v8_composite_1,23,8,late,0.1096041055718475,0.3192815249266862,32,available
Qwen,Expert-choice confidence,fixed_v8_composite_1,23,9,late,0.0894428152492668,0.2250733137829911,32,available
Qwen,Expert-choice confidence,fixed_v8_composite_1,23,10,late,0.0472873900293255,0.2708944281524926,32,available
Qwen,Expert-choice confidence,fixed_v8_composite_1,23,11,late,0.0828445747800586,0.2412023460410557,32,available
Qwen,Expert-choice confidence,fixed_v8_composite_1,24,0,early,-0.0282258064516129,0.094208211143695,32,available
Qwen,Expert-choice confidence,fixed_v8_composite_1,24,1,early,-0.1810850439882697,0.0263929618768328,32,available
Qwen,Expert-choice confidence,fixed_v8_composite_1,24,2,early,0.0076979472140762,0.1726539589442815,32,available
Qwen,Expert-choice confidence,fixed_v8_composite_1,24,3,early,-0.0414222873900293,0.1744868035190615,32,available
Qwen,Expert-choice confidence,fixed_v8_composite_1,24,4,middle,-0.0824780058651026,0.0604838709677419,32,available
Qwen,Expert-choice confidence,fixed_v8_composite_1,24,5,middle,-0.0256598240469208,0.0667155425219941,32,available
Qwen,Expert-choice confidence,fixed_v8_composite_1,24,6,middle,0.0,0.1235337243401759,32,available
Qwen,Expert-choice confidence,fixed_v8_composite_1,24,7,middle,-0.0197947214076246,0.127565982404692,32,available
Qwen,Expert-choice confidence,fixed_v8_composite_1,24,8,late,0.1022727272727272,0.3328445747800586,32,available
Qwen,Expert-choice confidence,fixed_v8_composite_1,24,9,late,0.0359237536656891,0.2236070381231671,32,available
Qwen,Expert-choice confidence,fixed_v8_composite_1,24,10,late,-0.1411290322580645,0.1110703812316715,32,available
Qwen,Expert-choice confidence,fixed_v8_composite_1,24,11,late,-0.0392228739002932,0.1381964809384163,32,available
Qwen,Expert-choice confidence,fixed_v8_composite_1,25,0,early,-0.094574780058651,-0.033724340175953,32,available
Qwen,Expert-choice confidence,fixed_v8_composite_1,25,1,early,-0.0227272727272727,0.1436950146627565,32,available
Qwen,Expert-choice confidence,fixed_v8_composite_1,25,2,early,-0.000733137829912,0.1436950146627565,32,available
Qwen,Expert-choice confidence,fixed_v8_composite_1,25,3,early,0.0381231671554252,0.1766862170087976,32,available
Qwen,Expert-choice confidence,fixed_v8_composite_1,25,4,middle,-0.0058651026392961,0.0978739002932551,32,available
Qwen,Expert-choice confidence,fixed_v8_composite_1,25,5,middle,-0.0197947214076246,0.1011730205278592,32,available
Qwen,Expert-choice confidence,fixed_v8_composite_1,25,6,middle,0.0410557184750733,0.1605571847507331,32,available
Qwen,Expert-choice confidence,fixed_v8_composite_1,25,7,middle,0.0399560117302052,0.189149560117302,32,available
Qwen,Expert-choice confidence,fixed_v8_composite_1,25,8,late,0.0854105571847507,0.2679618768328445,32,available
Qwen,Expert-choice confidence,fixed_v8_composite_1,25,9,late,0.0538856304985337,0.1733870967741935,32,available
Qwen,Expert-choice confidence,fixed_v8_composite_1,25,10,late,-0.0410557184750733,0.1502932551319648,32,available
Qwen,Expert-choice confidence,fixed_v8_composite_1,25,11,late,-0.0076979472140762,0.094574780058651,32,available
Qwen,Expert-choice confidence,fixed_v8_composite_1,26,0,early,-0.033357771260997,0.1044721407624633,32,available
Qwen,Expert-choice confidence,fixed_v8_composite_1,26,1,early,-0.3181818181818181,-0.2001466275659824,32,available
Qwen,Expert-choice confidence,fixed_v8_composite_1,26,2,early,-0.1143695014662756,-0.001099706744868,32,available
Qwen,Expert-choice confidence,fixed_v8_composite_1,26,3,early,-0.0615835777126099,0.1334310850439882,32,available
Qwen,Expert-choice confidence,fixed_v8_composite_1,26,4,middle,-0.1374633431085043,-0.0260263929618768,32,available
Qwen,Expert-choice confidence,fixed_v8_composite_1,26,5,middle,-0.1392961876832844,-0.0179618768328445,32,available
Qwen,Expert-choice confidence,fixed_v8_composite_1,26,6,middle,-0.1810850439882697,-0.1455278592375366,32,available
Qwen,Expert-choice confidence,fixed_v8_composite_1,26,7,middle,-0.0278592375366568,0.0905425219941348,32,available
Qwen,Expert-choice confidence,fixed_v8_composite_1,26,8,late,-0.0168621700879765,0.1187683284457477,32,available
Qwen,Expert-choice confidence,fixed_v8_composite_1,26,9,late,-0.1129032258064516,0.0153958944281524,32,available
Qwen,Expert-choice confidence,fixed_v8_composite_1,26,10,late,-0.2078445747800586,0.0076979472140762,32,available
Qwen,Expert-choice confidence,fixed_v8_composite_1,26,11,late,-0.1088709677419354,-0.0102639296187683,32,available
Qwen,Expert-choice confidence,fixed_v8_composite_1,27,0,early,0.1118035190615835,0.1077712609970674,32,available
Qwen,Expert-choice confidence,fixed_v8_composite_1,27,1,early,0.06341642228739,0.0615835777126099,32,available
Qwen,Expert-choice confidence,fixed_v8_composite_1,27,2,early,0.1356304985337243,0.1074046920821114,32,available
Qwen,Expert-choice confidence,fixed_v8_composite_1,27,3,early,0.0722140762463343,0.0729472140762463,32,available
Qwen,Expert-choice confidence,fixed_v8_composite_1,27,4,middle,0.1539589442815249,0.0989736070381231,32,available
Qwen,Expert-choice confidence,fixed_v8_composite_1,27,5,middle,0.1708211143695014,0.1220674486803519,32,available
Qwen,Expert-choice confidence,fixed_v8_composite_1,27,6,middle,0.0729472140762463,0.0799120234604105,32,available
Qwen,Expert-choice confidence,fixed_v8_composite_1,27,7,middle,0.1653225806451612,0.1385630498533724,32,available
Qwen,Expert-choice confidence,fixed_v8_composite_1,27,8,late,0.1330645161290322,0.1532258064516128,32,available
Qwen,Expert-choice confidence,fixed_v8_composite_1,27,9,late,0.0703812316715542,0.0513196480938416,32,available
Qwen,Expert-choice confidence,fixed_v8_composite_1,27,10,late,0.0106304985337243,0.0898093841642228,32,available
Qwen,Expert-choice confidence,fixed_v8_composite_1,27,11,late,0.1330645161290322,0.1180351906158357,32,available
Qwen,Expert-choice confidence,fixed_v8_composite_1,28,0,early,-0.1213343108504398,-0.126099706744868,32,available
Qwen,Expert-choice confidence,fixed_v8_composite_1,28,1,early,-0.031524926686217,-0.0971407624633431,32,available
Qwen,Expert-choice confidence,fixed_v8_composite_1,28,2,early,0.0571847507331378,0.1110703812316715,32,available
Qwen,Expert-choice confidence,fixed_v8_composite_1,28,3,early,0.0428885630498533,0.0502199413489736,32,available
Qwen,Expert-choice confidence,fixed_v8_composite_1,28,4,middle,-0.000733137829912,0.0113636363636363,32,available
Qwen,Expert-choice confidence,fixed_v8_composite_1,28,5,middle,0.1151026392961876,0.0384897360703812,32,available
Qwen,Expert-choice confidence,fixed_v8_composite_1,28,6,middle,-0.0032991202346041,0.0377565982404692,32,available
Qwen,Expert-choice confidence,fixed_v8_composite_1,28,7,middle,0.0384897360703812,0.0659824046920821,32,available
Qwen,Expert-choice confidence,fixed_v8_composite_1,28,8,late,0.1869501466275659,0.2749266862170087,32,available
Qwen,Expert-choice confidence,fixed_v8_composite_1,28,9,late,0.0483870967741935,0.0579178885630498,32,available
Qwen,Expert-choice confidence,fixed_v8_composite_1,28,10,late,0.032624633431085,0.1103372434017595,32,available
Qwen,Expert-choice confidence,fixed_v8_composite_1,28,11,late,0.0436217008797653,0.0293255131964809,32,available
Qwen,Expert-choice confidence,fixed_v8_composite_1,29,0,early,-0.032991202346041,-0.1279325513196481,32,available
Qwen,Expert-choice confidence,fixed_v8_composite_1,29,1,early,0.0615835777126099,-0.0051319648093841,32,available
Qwen,Expert-choice confidence,fixed_v8_composite_1,29,2,early,0.128299120234604,-0.0227272727272727,32,available
Qwen,Expert-choice confidence,fixed_v8_composite_1,29,3,early,0.1535923753665689,0.0465542521994134,32,available
Qwen,Expert-choice confidence,fixed_v8_composite_1,29,4,middle,0.1231671554252199,-0.0799120234604105,32,available
Qwen,Expert-choice confidence,fixed_v8_composite_1,29,5,middle,0.1803519061583577,0.0260263929618768,32,available
Qwen,Expert-choice confidence,fixed_v8_composite_1,29,6,middle,0.0571847507331378,-0.033724340175953,32,available
Qwen,Expert-choice confidence,fixed_v8_composite_1,29,7,middle,0.1660557184750733,0.0432551319648093,32,available
Qwen,Expert-choice confidence,fixed_v8_composite_1,29,8,late,0.1477272727272727,0.1187683284457477,32,available
Qwen,Expert-choice confidence,fixed_v8_composite_1,29,9,late,0.0674486803519061,-0.0564516129032258,32,available
Qwen,Expert-choice confidence,fixed_v8_composite_1,29,10,late,0.1165689149560117,0.0722140762463343,32,available
Qwen,Expert-choice confidence,fixed_v8_composite_1,29,11,late,0.158724340175953,0.0491202346041055,32,available
Qwen,Expert-choice confidence,fixed_v8_composite_1,30,0,early,0.0553519061583577,0.0252932551319648,32,available
Qwen,Expert-choice confidence,fixed_v8_composite_1,30,1,early,-0.0065982404692082,0.002565982404692,32,available
Qwen,Expert-choice confidence,fixed_v8_composite_1,30,2,early,0.00183284457478,0.0238269794721407,32,available
Qwen,Expert-choice confidence,fixed_v8_composite_1,30,3,early,0.1638563049853372,0.1521260997067448,32,available
Qwen,Expert-choice confidence,fixed_v8_composite_1,30,4,middle,0.0553519061583577,-0.0373900293255131,32,available
Qwen,Expert-choice confidence,fixed_v8_composite_1,30,5,middle,0.1488269794721407,0.1301319648093841,32,available
Qwen,Expert-choice confidence,fixed_v8_composite_1,30,6,middle,0.1418621700879765,0.1829178885630498,32,available
Qwen,Expert-choice confidence,fixed_v8_composite_1,30,7,middle,0.1173020527859237,0.0421554252199413,32,available
Qwen,Expert-choice confidence,fixed_v8_composite_1,30,8,late,0.251466275659824,0.2562316715542522,32,available
Qwen,Expert-choice confidence,fixed_v8_composite_1,30,9,late,0.1601906158357771,0.2045454545454545,32,available
Qwen,Expert-choice confidence,fixed_v8_composite_1,30,10,late,0.0696480938416422,0.1667888563049853,32,available
Qwen,Expert-choice confidence,fixed_v8_composite_1,30,11,late,0.1004398826979472,0.0835777126099706,32,available
Qwen,Expert-choice confidence,fixed_v8_composite_1,31,0,early,0.1140029325513196,0.1469941348973606,32,available
Qwen,Expert-choice confidence,fixed_v8_composite_1,31,1,early,0.1777859237536656,0.190982404692082,32,available
Qwen,Expert-choice confidence,fixed_v8_composite_1,31,2,early,0.3372434017595307,0.3335777126099706,32,available
Qwen,Expert-choice confidence,fixed_v8_composite_1,31,3,early,0.3581378299120234,0.3544721407624633,32,available
Qwen,Expert-choice confidence,fixed_v8_composite_1,31,4,middle,0.3112170087976539,0.3390762463343108,32,available
Qwen,Expert-choice confidence,fixed_v8_composite_1,31,5,middle,0.4259530791788856,0.4589442815249265,32,available
Qwen,Expert-choice confidence,fixed_v8_composite_1,31,6,middle,0.2650293255131964,0.2807917888563049,32,available
Qwen,Expert-choice confidence,fixed_v8_composite_1,31,7,middle,0.3189149560117301,0.3651026392961876,32,available
Qwen,Expert-choice confidence,fixed_v8_composite_1,31,8,late,0.2906891495601172,0.3691348973607038,32,available
Qwen,Expert-choice confidence,fixed_v8_composite_1,31,9,late,0.2602639296187683,0.2749266862170087,32,available
Qwen,Expert-choice confidence,fixed_v8_composite_1,31,10,late,0.2694281524926686,0.3189149560117301,32,available
Qwen,Expert-choice confidence,fixed_v8_composite_1,31,11,late,0.2023460410557184,0.2349706744868035,32,available
Qwen,Expert-choice confidence,fixed_v8_composite_1,32,0,early,-0.2609970674486803,-0.2404692082111436,32,available
Qwen,Expert-choice confidence,fixed_v8_composite_1,32,1,early,-0.0747800586510263,0.0813782991202346,32,available
Qwen,Expert-choice confidence,fixed_v8_composite_1,32,2,early,-0.0989736070381231,-0.0410557184750733,32,available
Qwen,Expert-choice confidence,fixed_v8_composite_1,32,3,early,-0.0388563049853372,0.0894428152492668,32,available
Qwen,Expert-choice confidence,fixed_v8_composite_1,32,4,middle,-0.1678885630498533,-0.0920087976539589,32,available
Qwen,Expert-choice confidence,fixed_v8_composite_1,32,5,middle,-0.1774193548387096,-0.0846774193548387,32,available
Qwen,Expert-choice confidence,fixed_v8_composite_1,32,6,middle,-0.1378299120234604,-0.0843108504398826,32,available
Qwen,Expert-choice confidence,fixed_v8_composite_1,32,7,middle,-0.0274926686217008,0.0623167155425219,32,available
Qwen,Expert-choice confidence,fixed_v8_composite_1,32,8,late,0.0168621700879765,0.1352639296187683,32,available
Qwen,Expert-choice confidence,fixed_v8_composite_1,32,9,late,-0.1191348973607038,-0.0190615835777126,32,available
Qwen,Expert-choice confidence,fixed_v8_composite_1,32,10,late,-0.1455278592375366,0.0219941348973607,32,available
Qwen,Expert-choice confidence,fixed_v8_composite_1,32,11,late,-0.0161290322580645,0.0311583577712609,32,available
Qwen,Expert-choice confidence,fixed_v8_composite_1,33,0,early,-0.2507331378299119,-0.2386363636363636,32,available
Qwen,Expert-choice confidence,fixed_v8_composite_1,33,1,early,0.0230938416422287,0.1697214076246334,32,available
Qwen,Expert-choice confidence,fixed_v8_composite_1,33,2,early,0.0612170087976539,0.0879765395894428,32,available
Qwen,Expert-choice confidence,fixed_v8_composite_1,33,3,early,0.0084310850439882,0.1004398826979472,32,available
Qwen,Expert-choice confidence,fixed_v8_composite_1,33,4,middle,0.0571847507331378,0.1484604105571847,32,available
Qwen,Expert-choice confidence,fixed_v8_composite_1,33,5,middle,0.0117302052785923,0.0487536656891495,32,available
Qwen,Expert-choice confidence,fixed_v8_composite_1,33,6,middle,0.0062316715542521,0.0080645161290322,32,available
Qwen,Expert-choice confidence,fixed_v8_composite_1,33,7,middle,0.0762463343108504,0.1392961876832844,32,available
Qwen,Expert-choice confidence,fixed_v8_composite_1,33,8,late,0.2445014662756598,0.3687683284457478,32,available
Qwen,Expert-choice confidence,fixed_v8_composite_1,33,9,late,-0.0091642228739002,0.0285923753665689,32,available
Qwen,Expert-choice confidence,fixed_v8_composite_1,33,10,late,0.0799120234604105,0.1997800586510264,32,available
Qwen,Expert-choice confidence,fixed_v8_composite_1,33,11,late,0.0894428152492668,0.1121700879765395,32,available
Qwen,Expert-choice confidence,fixed_v8_composite_1,34,0,early,-0.0546187683284457,-0.1088709677419354,32,available
Qwen,Expert-choice confidence,fixed_v8_composite_1,34,1,early,0.2107771260997067,0.2811583577712609,32,available
Qwen,Expert-choice confidence,fixed_v8_composite_1,34,2,early,0.2445014662756598,0.283724340175953,32,available
Qwen,Expert-choice confidence,fixed_v8_composite_1,34,3,early,0.1928152492668621,0.2445014662756598,32,available
Qwen,Expert-choice confidence,fixed_v8_composite_1,34,4,middle,0.2214076246334311,0.2045454545454545,32,available
Qwen,Expert-choice confidence,fixed_v8_composite_1,34,5,middle,0.0989736070381231,0.0678152492668621,32,available
Qwen,Expert-choice confidence,fixed_v8_composite_1,34,6,middle,0.1950146627565982,0.1697214076246334,32,available
Qwen,Expert-choice confidence,fixed_v8_composite_1,34,7,middle,0.2093108504398826,0.2159090909090908,32,available
Qwen,Expert-choice confidence,fixed_v8_composite_1,34,8,late,0.3508064516129032,0.4325513196480938,32,available
Qwen,Expert-choice confidence,fixed_v8_composite_1,34,9,late,0.1202346041055718,0.1554252199413489,32,available
Qwen,Expert-choice confidence,fixed_v8_composite_1,34,10,late,0.1986803519061583,0.2690615835777126,32,available
Qwen,Expert-choice confidence,fixed_v8_composite_1,34,11,late,0.2239736070381231,0.2283724340175953,32,available
Qwen,Expert-choice confidence,fixed_v8_composite_1,35,0,early,-0.0711143695014662,-0.1400293255131964,32,available
Qwen,Expert-choice confidence,fixed_v8_composite_1,35,1,early,-0.1066715542521994,-0.1528592375366569,32,available
Qwen,Expert-choice confidence,fixed_v8_composite_1,35,2,early,-0.1129032258064516,-0.1154692082111436,32,available
Qwen,Expert-choice confidence,fixed_v8_composite_1,35,3,early,-0.0876099706744867,-0.0784457478005865,32,available
Qwen,Expert-choice confidence,fixed_v8_composite_1,35,4,middle,-0.1143695014662756,-0.1616568914956011,32,available
Qwen,Expert-choice confidence,fixed_v8_composite_1,35,5,middle,-0.1143695014662756,-0.1418621700879765,32,available
Qwen,Expert-choice confidence,fixed_v8_composite_1,35,6,middle,-0.0769794721407624,-0.0934750733137829,32,available
Qwen,Expert-choice confidence,fixed_v8_composite_1,35,7,middle,-0.0219941348973607,-0.0439882697947214,32,available
Qwen,Expert-choice confidence,fixed_v8_composite_1,35,8,late,0.0256598240469208,0.1055718475073313,32,available
Qwen,Expert-choice confidence,fixed_v8_composite_1,35,9,late,0.002565982404692,0.0274926686217008,32,available
Qwen,Expert-choice confidence,fixed_v8_composite_1,35,10,late,-0.158357771260997,-0.0564516129032258,32,available
Qwen,Expert-choice confidence,fixed_v8_composite_1,35,11,late,-0.0535190615835777,-0.1129032258064516,32,available
Qwen,Expert-choice confidence,fixed_v8_composite_1,36,0,early,-0.127565982404692,-0.1693548387096774,32,available
Qwen,Expert-choice confidence,fixed_v8_composite_1,36,1,early,0.0106304985337243,0.1114369501466275,32,available
Qwen,Expert-choice confidence,fixed_v8_composite_1,36,2,early,0.0527859237536656,0.0982404692082111,32,available
Qwen,Expert-choice confidence,fixed_v8_composite_1,36,3,early,-0.031891495601173,0.0293255131964809,32,available
Qwen,Expert-choice confidence,fixed_v8_composite_1,36,4,middle,0.0516862170087976,0.1092375366568914,32,available
Qwen,Expert-choice confidence,fixed_v8_composite_1,36,5,middle,0.0073313782991202,-0.034090909090909,32,available
Qwen,Expert-choice confidence,fixed_v8_composite_1,36,6,middle,-0.0040322580645161,-0.0120967741935483,32,available
Qwen,Expert-choice confidence,fixed_v8_composite_1,36,7,middle,0.0850439882697947,0.1301319648093841,32,available
Qwen,Expert-choice confidence,fixed_v8_composite_1,36,8,late,0.2349706744868035,0.3218475073313782,32,available
Qwen,Expert-choice confidence,fixed_v8_composite_1,36,9,late,0.0384897360703812,0.0784457478005865,32,available
Qwen,Expert-choice confidence,fixed_v8_composite_1,36,10,late,0.001466275659824,0.0832111436950146,32,available
Qwen,Expert-choice confidence,fixed_v8_composite_1,36,11,late,0.0909090909090909,0.1315982404692082,32,available
Qwen,Expert-choice confidence,fixed_v8_composite_1,37,0,early,0.0304252199413489,-0.0194281524926686,32,available
Qwen,Expert-choice confidence,fixed_v8_composite_1,37,1,early,0.0879765395894428,0.1022727272727272,32,available
Qwen,Expert-choice confidence,fixed_v8_composite_1,37,2,early,0.0751466275659824,0.0516862170087976,32,available
Qwen,Expert-choice confidence,fixed_v8_composite_1,37,3,early,0.0557184750733137,0.0656158357771261,32,available
Qwen,Expert-choice confidence,fixed_v8_composite_1,37,4,middle,0.0362903225806451,-0.0674486803519061,32,available
Qwen,Expert-choice confidence,fixed_v8_composite_1,37,5,middle,0.063782991202346,0.0370234604105571,32,available
Qwen,Expert-choice confidence,fixed_v8_composite_1,37,6,middle,0.1217008797653958,0.094574780058651,32,available
Qwen,Expert-choice confidence,fixed_v8_composite_1,37,7,middle,0.1352639296187683,0.0788123167155425,32,available
Qwen,Expert-choice confidence,fixed_v8_composite_1,37,8,late,0.159090909090909,0.1620234604105571,32,available
Qwen,Expert-choice confidence,fixed_v8_composite_1,37,9,late,0.0802785923753665,0.0571847507331378,32,available
Qwen,Expert-choice confidence,fixed_v8_composite_1,37,10,late,-0.0208944281524926,0.0604838709677419,32,available
Qwen,Expert-choice confidence,fixed_v8_composite_1,37,11,late,0.1110703812316715,0.096041055718475,32,available
Qwen,Expert-choice confidence,fixed_v8_composite_1,38,0,early,0.1557917888563049,-0.0205278592375366,32,available
Qwen,Expert-choice confidence,fixed_v8_composite_1,38,1,early,0.0799120234604105,-0.0975073313782991,32,available
Qwen,Expert-choice confidence,fixed_v8_composite_1,38,2,early,0.1642228739002932,0.1121700879765395,32,available
Qwen,Expert-choice confidence,fixed_v8_composite_1,38,3,early,0.1242668621700879,-0.0208944281524926,32,available
Qwen,Expert-choice confidence,fixed_v8_composite_1,38,4,middle,0.2071114369501466,0.0513196480938416,32,available
Qwen,Expert-choice confidence,fixed_v8_composite_1,38,5,middle,0.1121700879765395,-0.0799120234604105,32,available
Qwen,Expert-choice confidence,fixed_v8_composite_1,38,6,middle,0.0575513196480938,-0.0421554252199413,32,available
Qwen,Expert-choice confidence,fixed_v8_composite_1,38,7,middle,0.1356304985337243,-0.0124633431085043,32,available
Qwen,Expert-choice confidence,fixed_v8_composite_1,38,8,late,0.253299120234604,0.2056451612903225,32,available
Qwen,Expert-choice confidence,fixed_v8_composite_1,38,9,late,0.0828445747800586,0.002932551319648,32,available
Qwen,Expert-choice confidence,fixed_v8_composite_1,38,10,late,0.0817448680351906,0.0186950146627565,32,available
Qwen,Expert-choice confidence,fixed_v8_composite_1,38,11,late,0.1165689149560117,0.0271260997067448,32,available
Qwen,Expert-choice confidence,fixed_v8_composite_1,39,0,early,0.0656158357771261,0.0791788856304985,32,available
Qwen,Expert-choice confidence,fixed_v8_composite_1,39,1,early,-0.0282258064516129,0.0780791788856304,32,available
Qwen,Expert-choice confidence,fixed_v8_composite_1,39,2,early,0.096407624633431,0.190982404692082,32,available
Qwen,Expert-choice confidence,fixed_v8_composite_1,39,3,early,-0.0161290322580645,0.1015395894428152,32,available
Qwen,Expert-choice confidence,fixed_v8_composite_1,39,4,middle,0.095674486803519,0.188049853372434,32,available
Qwen,Expert-choice confidence,fixed_v8_composite_1,39,5,middle,-0.0813782991202346,0.0439882697947214,32,available
Qwen,Expert-choice confidence,fixed_v8_composite_1,39,6,middle,-0.0689149560117302,-0.0414222873900293,32,available
Qwen,Expert-choice confidence,fixed_v8_composite_1,39,7,middle,0.0553519061583577,0.1341642228739002,32,available
Qwen,Expert-choice confidence,fixed_v8_composite_1,39,8,late,0.0450879765395894,0.1675219941348973,32,available
Qwen,Expert-choice confidence,fixed_v8_composite_1,39,9,late,-0.0139296187683284,0.0472873900293255,32,available
Qwen,Expert-choice confidence,fixed_v8_composite_1,39,10,late,-0.096774193548387,0.0498533724340175,32,available
Qwen,Expert-choice confidence,fixed_v8_composite_1,39,11,late,0.0744134897360703,0.1598240469208211,32,available
Qwen,Expert-choice confidence,fixed_v8_composite_1,40,0,early,0.0626832844574779,-0.0032991202346041,32,available
Qwen,Expert-choice confidence,fixed_v8_composite_1,40,1,early,-0.0568181818181818,-0.1202346041055718,32,available
Qwen,Expert-choice confidence,fixed_v8_composite_1,40,2,early,0.0557184750733137,0.0476539589442815,32,available
Qwen,Expert-choice confidence,fixed_v8_composite_1,40,3,early,0.0113636363636363,-0.0751466275659824,32,available
Qwen,Expert-choice confidence,fixed_v8_composite_1,40,4,middle,0.002199413489736,-0.0626832844574779,32,available
Qwen,Expert-choice confidence,fixed_v8_composite_1,40,5,middle,0.0054985337243401,-0.0098973607038123,32,available
Qwen,Expert-choice confidence,fixed_v8_composite_1,40,6,middle,-0.0736803519061583,-0.0714809384164222,32,available
Qwen,Expert-choice confidence,fixed_v8_composite_1,40,7,middle,0.0362903225806451,-0.0113636363636363,32,available
Qwen,Expert-choice confidence,fixed_v8_composite_1,40,8,late,0.0516862170087976,0.0256598240469208,32,available
Qwen,Expert-choice confidence,fixed_v8_composite_1,40,9,late,-0.0142961876832844,-0.0689149560117302,32,available
Qwen,Expert-choice confidence,fixed_v8_composite_1,40,10,late,-0.0142961876832844,-0.032624633431085,32,available
Qwen,Expert-choice confidence,fixed_v8_composite_1,40,11,late,-0.0047653958944281,-0.0516862170087976,32,available
Qwen,Expert-choice confidence,fixed_v8_composite_1,41,0,early,0.0392228739002932,0.0271260997067448,32,available
Qwen,Expert-choice confidence,fixed_v8_composite_1,41,1,early,-0.1689882697947214,-0.2228739002932551,32,available
Qwen,Expert-choice confidence,fixed_v8_composite_1,41,2,early,-0.1176686217008797,-0.0868768328445747,32,available
Qwen,Expert-choice confidence,fixed_v8_composite_1,41,3,early,-0.1392961876832844,-0.1532258064516128,32,available
Qwen,Expert-choice confidence,fixed_v8_composite_1,41,4,middle,-0.2016129032258064,-0.2063782991202346,32,available
Qwen,Expert-choice confidence,fixed_v8_composite_1,41,5,middle,-0.0480205278592375,-0.063782991202346,32,available
Qwen,Expert-choice confidence,fixed_v8_composite_1,41,6,middle,-0.19024926686217,-0.1499266862170088,32,available
Qwen,Expert-choice confidence,fixed_v8_composite_1,41,7,middle,-0.1942815249266862,-0.2360703812316715,32,available
Qwen,Expert-choice confidence,fixed_v8_composite_1,41,8,late,-0.0835777126099706,-0.0663489736070381,32,available
Qwen,Expert-choice confidence,fixed_v8_composite_1,41,9,late,-0.1711876832844574,-0.1869501466275659,32,available
Qwen,Expert-choice confidence,fixed_v8_composite_1,41,10,late,-0.1491935483870967,-0.0527859237536656,32,available
Qwen,Expert-choice confidence,fixed_v8_composite_1,41,11,late,-0.1972140762463343,-0.1689882697947214,32,available
Qwen,Expert-choice confidence,fixed_v8_composite_1,42,0,early,-0.1066715542521994,-0.0678152492668621,32,available
Qwen,Expert-choice confidence,fixed_v8_composite_1,42,1,early,-0.1605571847507331,-0.0362903225806451,32,available
Qwen,Expert-choice confidence,fixed_v8_composite_1,42,2,early,-0.1715542521994134,-0.0894428152492668,32,available
Qwen,Expert-choice confidence,fixed_v8_composite_1,42,3,early,-0.1942815249266862,-0.096774193548387,32,available
Qwen,Expert-choice confidence,fixed_v8_composite_1,42,4,middle,-0.1774193548387096,-0.0480205278592375,32,available
Qwen,Expert-choice confidence,fixed_v8_composite_1,42,5,middle,-0.1304985337243401,-0.0410557184750733,32,available
Qwen,Expert-choice confidence,fixed_v8_composite_1,42,6,middle,-0.1206011730205278,-0.002199413489736,32,available
Qwen,Expert-choice confidence,fixed_v8_composite_1,42,7,middle,-0.0744134897360703,0.032991202346041,32,available
Qwen,Expert-choice confidence,fixed_v8_composite_1,42,8,late,-0.1077712609970674,0.0197947214076246,32,available
Qwen,Expert-choice confidence,fixed_v8_composite_1,42,9,late,-0.1715542521994134,-0.0832111436950146,32,available
Qwen,Expert-choice confidence,fixed_v8_composite_1,42,10,late,-0.2675953079178885,-0.0865102639296187,32,available
Qwen,Expert-choice confidence,fixed_v8_composite_1,42,11,late,-0.2078445747800586,-0.1730205278592375,32,available
Qwen,Expert-choice confidence,fixed_v8_composite_1,43,0,early,0.1858504398826979,0.220674486803519,32,available
Qwen,Expert-choice confidence,fixed_v8_composite_1,43,1,early,0.0923753665689149,0.06341642228739,32,available
Qwen,Expert-choice confidence,fixed_v8_composite_1,43,2,early,0.2434017595307917,0.3288123167155425,32,available
Qwen,Expert-choice confidence,fixed_v8_composite_1,43,3,early,0.1378299120234604,0.1634897360703812,32,available
Qwen,Expert-choice confidence,fixed_v8_composite_1,43,4,middle,0.1143695014662756,0.0909090909090909,32,available
Qwen,Expert-choice confidence,fixed_v8_composite_1,43,5,middle,0.2529325513196481,0.2137096774193548,32,available
Qwen,Expert-choice confidence,fixed_v8_composite_1,43,6,middle,0.1704545454545454,0.2280058651026392,32,available
Qwen,Expert-choice confidence,fixed_v8_composite_1,43,7,middle,0.1766862170087976,0.1367302052785923,32,available
Qwen,Expert-choice confidence,fixed_v8_composite_1,43,8,late,0.2573313782991202,0.2947214076246334,32,available
Qwen,Expert-choice confidence,fixed_v8_composite_1,43,9,late,0.1759530791788856,0.2162756598240469,32,available
Qwen,Expert-choice confidence,fixed_v8_composite_1,43,10,late,0.1631231671554251,0.2855571847507331,32,available
Qwen,Expert-choice confidence,fixed_v8_composite_1,43,11,late,0.1950146627565982,0.2360703812316715,32,available
Qwen,Expert-choice confidence,fixed_v8_composite_1,44,0,early,0.0047653958944281,0.0051319648093841,32,available
Qwen,Expert-choice confidence,fixed_v8_composite_1,44,1,early,-0.0256598240469208,0.000733137829912,32,available
Qwen,Expert-choice confidence,fixed_v8_composite_1,44,2,early,0.0267595307917888,0.0102639296187683,32,available
Qwen,Expert-choice confidence,fixed_v8_composite_1,44,3,early,0.0095307917888563,0.0098973607038123,32,available
Qwen,Expert-choice confidence,fixed_v8_composite_1,44,4,middle,0.002565982404692,-0.00183284457478,32,available
Qwen,Expert-choice confidence,fixed_v8_composite_1,44,5,middle,0.1162023460410556,0.1554252199413489,32,available
Qwen,Expert-choice confidence,fixed_v8_composite_1,44,6,middle,0.0483870967741935,0.0817448680351906,32,available
Qwen,Expert-choice confidence,fixed_v8_composite_1,44,7,middle,0.0890762463343108,0.064882697947214,32,available
Qwen,Expert-choice confidence,fixed_v8_composite_1,44,8,late,0.0582844574780058,0.0861436950146627,32,available
Qwen,Expert-choice confidence,fixed_v8_composite_1,44,9,late,-0.0450879765395894,-0.0978739002932551,32,available
Qwen,Expert-choice confidence,fixed_v8_composite_1,44,10,late,-0.0293255131964809,0.0421554252199413,32,available
Qwen,Expert-choice confidence,fixed_v8_composite_1,44,11,late,0.0531524926686217,0.0590175953079178,32,available
Qwen,Expert-choice confidence,fixed_v8_composite_1,45,0,early,0.0806451612903225,0.0502199413489736,32,available
Qwen,Expert-choice confidence,fixed_v8_composite_1,45,1,early,0.0707478005865102,0.1140029325513196,32,available
Qwen,Expert-choice confidence,fixed_v8_composite_1,45,2,early,0.2785923753665689,0.2917888563049853,32,available
Qwen,Expert-choice confidence,fixed_v8_composite_1,45,3,early,-0.0139296187683284,-0.0102639296187683,32,available
Qwen,Expert-choice confidence,fixed_v8_composite_1,45,4,middle,0.031891495601173,0.0216275659824046,32,available
Qwen,Expert-choice confidence,fixed_v8_composite_1,45,5,middle,0.1667888563049853,0.1700879765395894,32,available
Qwen,Expert-choice confidence,fixed_v8_composite_1,45,6,middle,0.1037390029325513,0.096407624633431,32,available
Qwen,Expert-choice confidence,fixed_v8_composite_1,45,7,middle,0.1246334310850439,0.1370967741935483,32,available
Qwen,Expert-choice confidence,fixed_v8_composite_1,45,8,late,0.2631964809384164,0.3379765395894428,32,available
Qwen,Expert-choice confidence,fixed_v8_composite_1,45,9,late,0.0887096774193548,0.1008064516129032,32,available
Qwen,Expert-choice confidence,fixed_v8_composite_1,45,10,late,0.0142961876832844,0.0843108504398826,32,available
Qwen,Expert-choice confidence,fixed_v8_composite_1,45,11,late,0.1436950146627565,0.1187683284457477,32,available
Qwen,Expert-choice confidence,fixed_v8_composite_1,46,0,early,0.0542521994134897,0.1455278592375366,32,available
Qwen,Expert-choice confidence,fixed_v8_composite_1,46,1,early,-0.0883431085043988,0.0417888563049853,32,available
Qwen,Expert-choice confidence,fixed_v8_composite_1,46,2,early,0.0058651026392961,-0.0131964809384164,32,available
Qwen,Expert-choice confidence,fixed_v8_composite_1,46,3,early,-0.0212609970674486,0.0443548387096774,32,available
Qwen,Expert-choice confidence,fixed_v8_composite_1,46,4,middle,-0.0278592375366568,0.0392228739002932,32,available
Qwen,Expert-choice confidence,fixed_v8_composite_1,46,5,middle,0.0989736070381231,0.157258064516129,32,available
Qwen,Expert-choice confidence,fixed_v8_composite_1,46,6,middle,-0.0047653958944281,0.0857771260997067,32,available
Qwen,Expert-choice confidence,fixed_v8_composite_1,46,7,middle,0.06341642228739,0.0667155425219941,32,available
Qwen,Expert-choice confidence,fixed_v8_composite_1,46,8,late,0.1495601173020527,0.2272727272727272,32,available
Qwen,Expert-choice confidence,fixed_v8_composite_1,46,9,late,-0.0128299120234604,0.0245601173020527,32,available
Qwen,Expert-choice confidence,fixed_v8_composite_1,46,10,late,0.0626832844574779,0.2357038123167155,32,available
Qwen,Expert-choice confidence,fixed_v8_composite_1,46,11,late,0.0912756598240469,0.1851173020527859,32,available
Qwen,Expert-choice confidence,fixed_v8_composite_1,47,0,early,0.0729472140762463,0.1425953079178885,32,available
Qwen,Expert-choice confidence,fixed_v8_composite_1,47,1,early,-0.0197947214076246,0.0054985337243401,32,available
Qwen,Expert-choice confidence,fixed_v8_composite_1,47,2,early,0.0714809384164222,0.1220674486803519,32,available
Qwen,Expert-choice confidence,fixed_v8_composite_1,47,3,early,0.0370234604105571,0.0593841642228738,32,available
Qwen,Expert-choice confidence,fixed_v8_composite_1,47,4,middle,-0.064149560117302,-0.1220674486803519,32,available
Qwen,Expert-choice confidence,fixed_v8_composite_1,47,5,middle,0.1052052785923753,0.1748533724340175,32,available
Qwen,Expert-choice confidence,fixed_v8_composite_1,47,6,middle,0.0923753665689149,0.1990469208211143,32,available
Qwen,Expert-choice confidence,fixed_v8_composite_1,47,7,middle,0.0828445747800586,0.0780791788856304,32,available
Qwen,Expert-choice confidence,fixed_v8_composite_1,47,8,late,0.0450879765395894,0.0806451612903225,32,available
Qwen,Expert-choice confidence,fixed_v8_composite_1,47,9,late,0.0142961876832844,0.0615835777126099,32,available
Qwen,Expert-choice confidence,fixed_v8_composite_1,47,10,late,0.0040322580645161,0.1037390029325513,32,available
Qwen,Expert-choice confidence,fixed_v8_composite_1,47,11,late,0.0370234604105571,0.0601173020527859,32,available
Qwen,Expert-choice change,fixed_v8_composite_2,0,0,early,-0.1363636363636363,-0.1202346041055718,32,available
Qwen,Expert-choice change,fixed_v8_composite_2,0,1,early,0.0678152492668621,0.2730938416422287,32,available
Qwen,Expert-choice change,fixed_v8_composite_2,0,2,early,0.1946480938416422,0.3068181818181817,32,available
Qwen,Expert-choice change,fixed_v8_composite_2,0,3,early,0.0454545454545454,0.0997067448680351,32,available
Qwen,Expert-choice change,fixed_v8_composite_2,0,4,middle,0.1524926686217008,0.2430351906158357,32,available
Qwen,Expert-choice change,fixed_v8_composite_2,0,5,middle,0.1092375366568914,0.219574780058651,32,available
Qwen,Expert-choice change,fixed_v8_composite_2,0,6,middle,0.2280058651026392,0.2778592375366568,32,available
Qwen,Expert-choice change,fixed_v8_composite_2,0,7,middle,0.188782991202346,0.2646627565982404,32,available
Qwen,Expert-choice change,fixed_v8_composite_2,0,8,late,0.1994134897360703,0.2859237536656891,32,available
Qwen,Expert-choice change,fixed_v8_composite_2,0,9,late,0.1480938416422287,0.1829178885630498,32,available
Qwen,Expert-choice change,fixed_v8_composite_2,0,10,late,-0.0131964809384164,0.06524926686217,32,available
Qwen,Expert-choice change,fixed_v8_composite_2,0,11,late,0.2228739002932551,0.2745601173020527,32,available
Qwen,Expert-choice change,fixed_v8_composite_2,1,0,early,-0.3104838709677419,-0.2950879765395894,32,available
Qwen,Expert-choice change,fixed_v8_composite_2,1,1,early,-0.1132697947214076,-0.0593841642228738,32,available
Qwen,Expert-choice change,fixed_v8_composite_2,1,2,early,-0.032991202346041,0.0153958944281524,32,available
Qwen,Expert-choice change,fixed_v8_composite_2,1,3,early,-0.0186950146627565,0.033357771260997,32,available
Qwen,Expert-choice change,fixed_v8_composite_2,1,4,middle,-0.0087976539589442,0.0557184750733137,32,available
Qwen,Expert-choice change,fixed_v8_composite_2,1,5,middle,-0.1770527859237536,-0.1741202346041055,32,available
Qwen,Expert-choice change,fixed_v8_composite_2,1,6,middle,0.00183284457478,0.0300586510263929,32,available
Qwen,Expert-choice change,fixed_v8_composite_2,1,7,middle,-0.0890762463343108,-0.0711143695014662,32,available
Qwen,Expert-choice change,fixed_v8_composite_2,1,8,late,0.0993401759530791,0.1638563049853372,32,available
Qwen,Expert-choice change,fixed_v8_composite_2,1,9,late,-0.1337976539589442,-0.0898093841642228,32,available
Qwen,Expert-choice change,fixed_v8_composite_2,1,10,late,0.0388563049853372,0.0795454545454545,32,available
Qwen,Expert-choice change,fixed_v8_composite_2,1,11,late,0.000366568914956,0.0157624633431085,32,available
Qwen,Expert-choice change,fixed_v8_composite_2,2,0,early,-0.2118768328445747,-0.1312316715542522,32,available
Qwen,Expert-choice change,fixed_v8_composite_2,2,1,early,-0.2789589442815249,-0.1337976539589442,32,available
Qwen,Expert-choice change,fixed_v8_composite_2,2,2,early,-0.1634897360703812,-0.0472873900293255,32,available
Qwen,Expert-choice change,fixed_v8_composite_2,2,3,early,-0.0406891495601173,0.0601173020527859,32,available
Qwen,Expert-choice change,fixed_v8_composite_2,2,4,middle,-0.1473607038123167,-0.0230938416422287,32,available
Qwen,Expert-choice change,fixed_v8_composite_2,2,5,middle,-0.0612170087976539,0.0916422287390029,32,available
Qwen,Expert-choice change,fixed_v8_composite_2,2,6,middle,-0.1143695014662756,-0.0208944281524926,32,available
Qwen,Expert-choice change,fixed_v8_composite_2,2,7,middle,-0.0359237536656891,0.0450879765395894,32,available
Qwen,Expert-choice change,fixed_v8_composite_2,2,8,late,-0.0843108504398826,0.0810117302052785,32,available
Qwen,Expert-choice change,fixed_v8_composite_2,2,9,late,-0.1605571847507331,-0.1008064516129032,32,available
Qwen,Expert-choice change,fixed_v8_composite_2,2,10,late,-0.063049853372434,0.1132697947214076,32,available
Qwen,Expert-choice change,fixed_v8_composite_2,2,11,late,-0.1491935483870967,0.00183284457478,32,available
Qwen,Expert-choice change,fixed_v8_composite_2,3,0,early,0.0502199413489736,0.1206011730205278,32,available
Qwen,Expert-choice change,fixed_v8_composite_2,3,1,early,-0.1440615835777126,-0.063049853372434,32,available
Qwen,Expert-choice change,fixed_v8_composite_2,3,2,early,-0.1928152492668621,-0.2001466275659824,32,available
Qwen,Expert-choice change,fixed_v8_composite_2,3,3,early,0.0146627565982404,0.0260263929618768,32,available
Qwen,Expert-choice change,fixed_v8_composite_2,3,4,middle,-0.1495601173020527,-0.159090909090909,32,available
Qwen,Expert-choice change,fixed_v8_composite_2,3,5,middle,-0.0087976539589442,0.0150293255131964,32,available
Qwen,Expert-choice change,fixed_v8_composite_2,3,6,middle,-0.0080645161290322,0.0740469208211143,32,available
Qwen,Expert-choice change,fixed_v8_composite_2,3,7,middle,-0.0546187683284457,-0.0513196480938416,32,available
Qwen,Expert-choice change,fixed_v8_composite_2,3,8,late,-0.1557917888563049,-0.1059384164222873,32,available
Qwen,Expert-choice change,fixed_v8_composite_2,3,9,late,-0.0384897360703812,0.0150293255131964,32,available
Qwen,Expert-choice change,fixed_v8_composite_2,3,10,late,-0.06524926686217,-0.0098973607038123,32,available
Qwen,Expert-choice change,fixed_v8_composite_2,3,11,late,-0.1528592375366569,-0.1224340175953079,32,available
Qwen,Expert-choice change,fixed_v8_composite_2,4,0,early,0.0032991202346041,0.0700146627565982,32,available
Qwen,Expert-choice change,fixed_v8_composite_2,4,1,early,-0.1528592375366569,-0.1447947214076246,32,available
Qwen,Expert-choice change,fixed_v8_composite_2,4,2,early,-0.1022727272727272,-0.0469208211143695,32,available
Qwen,Expert-choice change,fixed_v8_composite_2,4,3,early,0.0912756598240469,0.0674486803519061,32,available
Qwen,Expert-choice change,fixed_v8_composite_2,4,4,middle,0.0069648093841642,0.0241935483870967,32,available
Qwen,Expert-choice change,fixed_v8_composite_2,4,5,middle,0.128299120234604,0.1491935483870967,32,available
Qwen,Expert-choice change,fixed_v8_composite_2,4,6,middle,-0.0901759530791788,-0.0208944281524926,32,available
Qwen,Expert-choice change,fixed_v8_composite_2,4,7,middle,0.0564516129032258,0.0227272727272727,32,available
Qwen,Expert-choice change,fixed_v8_composite_2,4,8,late,-0.0549853372434017,-0.064882697947214,32,available
Qwen,Expert-choice change,fixed_v8_composite_2,4,9,late,-0.0047653958944281,-0.0135630498533724,32,available
Qwen,Expert-choice change,fixed_v8_composite_2,4,10,late,0.0824780058651026,0.1217008797653958,32,available
Qwen,Expert-choice change,fixed_v8_composite_2,4,11,late,0.033357771260997,0.1055718475073313,32,available
Qwen,Expert-choice change,fixed_v8_composite_2,5,0,early,0.0311583577712609,0.0553519061583577,32,available
Qwen,Expert-choice change,fixed_v8_composite_2,5,1,early,-0.0978739002932551,-0.0175953079178885,32,available
Qwen,Expert-choice change,fixed_v8_composite_2,5,2,early,-0.1363636363636363,0.00183284457478,32,available
Qwen,Expert-choice change,fixed_v8_composite_2,5,3,early,-0.0153958944281524,0.0208944281524926,32,available
Qwen,Expert-choice change,fixed_v8_composite_2,5,4,middle,-0.0986070381231671,-0.0593841642228738,32,available
Qwen,Expert-choice change,fixed_v8_composite_2,5,5,middle,-0.0219941348973607,0.1195014662756598,32,available
Qwen,Expert-choice change,fixed_v8_composite_2,5,6,middle,-0.0557184750733137,0.0520527859237536,32,available
Qwen,Expert-choice change,fixed_v8_composite_2,5,7,middle,0.0348240469208211,0.0560850439882697,32,available
Qwen,Expert-choice change,fixed_v8_composite_2,5,8,late,-0.0909090909090909,-0.0399560117302052,32,available
Qwen,Expert-choice change,fixed_v8_composite_2,5,9,late,-0.0054985337243401,0.0513196480938416,32,available
Qwen,Expert-choice change,fixed_v8_composite_2,5,10,late,-0.0113636363636363,0.1323313782991202,32,available
Qwen,Expert-choice change,fixed_v8_composite_2,5,11,late,-0.0410557184750733,0.0824780058651026,32,available
Qwen,Expert-choice change,fixed_v8_composite_2,6,0,early,0.1436950146627565,0.1664222873900293,32,available
Qwen,Expert-choice change,fixed_v8_composite_2,6,1,early,-0.1297653958944281,-0.2280058651026392,32,available
Qwen,Expert-choice change,fixed_v8_composite_2,6,2,early,-0.0062316715542521,0.0524193548387096,32,available
Qwen,Expert-choice change,fixed_v8_composite_2,6,3,early,0.0069648093841642,-0.0139296187683284,32,available
Qwen,Expert-choice change,fixed_v8_composite_2,6,4,middle,0.0531524926686217,0.0212609970674486,32,available
Qwen,Expert-choice change,fixed_v8_composite_2,6,5,middle,0.0109970674486803,0.0703812316715542,32,available
Qwen,Expert-choice change,fixed_v8_composite_2,6,6,middle,-0.1026392961876832,-0.064149560117302,32,available
Qwen,Expert-choice change,fixed_v8_composite_2,6,7,middle,-0.0366568914956011,-0.0582844574780058,32,available
Qwen,Expert-choice change,fixed_v8_composite_2,6,8,late,0.0348240469208211,-0.0483870967741935,32,available
Qwen,Expert-choice change,fixed_v8_composite_2,6,9,late,-0.0197947214076246,-0.0065982404692082,32,available
Qwen,Expert-choice change,fixed_v8_composite_2,6,10,late,0.0806451612903225,0.0663489736070381,32,available
Qwen,Expert-choice change,fixed_v8_composite_2,6,11,late,-0.0568181818181818,-0.0626832844574779,32,available
Qwen,Expert-choice change,fixed_v8_composite_2,7,0,early,-0.1396627565982404,-0.0806451612903225,32,available
Qwen,Expert-choice change,fixed_v8_composite_2,7,1,early,-0.2976539589442815,-0.314516129032258,32,available
Qwen,Expert-choice change,fixed_v8_composite_2,7,2,early,-0.1425953079178885,-0.0450879765395894,32,available
Qwen,Expert-choice change,fixed_v8_composite_2,7,3,early,-0.1488269794721407,-0.1528592375366569,32,available
Qwen,Expert-choice change,fixed_v8_composite_2,7,4,middle,-0.1345307917888563,-0.1008064516129032,32,available
Qwen,Expert-choice change,fixed_v8_composite_2,7,5,middle,-0.0718475073313782,0.0142961876832844,32,available
Qwen,Expert-choice change,fixed_v8_composite_2,7,6,middle,-0.2866568914956011,-0.2188416422287389,32,available
Qwen,Expert-choice change,fixed_v8_composite_2,7,7,middle,-0.1535923753665689,-0.1638563049853372,32,available
Qwen,Expert-choice change,fixed_v8_composite_2,7,8,late,-0.1389296187683284,-0.1598240469208211,32,available
Qwen,Expert-choice change,fixed_v8_composite_2,7,9,late,-0.1788856304985337,-0.1411290322580645,32,available
Qwen,Expert-choice change,fixed_v8_composite_2,7,10,late,-0.0069648093841642,0.0164956011730205,32,available
Qwen,Expert-choice change,fixed_v8_composite_2,7,11,late,-0.1917155425219941,-0.1345307917888563,32,available
Qwen,Expert-choice change,fixed_v8_composite_2,8,0,early,-0.1407624633431085,-0.0241935483870967,32,available
Qwen,Expert-choice change,fixed_v8_composite_2,8,1,early,-0.2126099706744868,-0.0971407624633431,32,available
Qwen,Expert-choice change,fixed_v8_composite_2,8,2,early,-0.0296920821114369,0.1026392961876832,32,available
Qwen,Expert-choice change,fixed_v8_composite_2,8,3,early,-0.0729472140762463,0.0384897360703812,32,available
Qwen,Expert-choice change,fixed_v8_composite_2,8,4,middle,-0.0593841642228738,-0.0373900293255131,32,available
Qwen,Expert-choice change,fixed_v8_composite_2,8,5,middle,-0.064149560117302,0.032624633431085,32,available
Qwen,Expert-choice change,fixed_v8_composite_2,8,6,middle,-0.1990469208211143,-0.0751466275659824,32,available
Qwen,Expert-choice change,fixed_v8_composite_2,8,7,middle,-0.0784457478005865,-0.0604838709677419,32,available
Qwen,Expert-choice change,fixed_v8_composite_2,8,8,late,0.0267595307917888,0.064516129032258,32,available
Qwen,Expert-choice change,fixed_v8_composite_2,8,9,late,-0.0736803519061583,0.0395894428152492,32,available
Qwen,Expert-choice change,fixed_v8_composite_2,8,10,late,-0.06341642228739,0.1228005865102639,32,available
Qwen,Expert-choice change,fixed_v8_composite_2,8,11,late,0.0150293255131964,0.1224340175953079,32,available
Qwen,Expert-choice change,fixed_v8_composite_2,9,0,early,-0.1403958944281524,-0.0557184750733137,32,available
Qwen,Expert-choice change,fixed_v8_composite_2,9,1,early,-0.190982404692082,0.0036656891495601,32,available
Qwen,Expert-choice change,fixed_v8_composite_2,9,2,early,0.0,0.1671554252199413,32,available
Qwen,Expert-choice change,fixed_v8_composite_2,9,3,early,-0.0802785923753665,0.0711143695014662,32,available
Qwen,Expert-choice change,fixed_v8_composite_2,9,4,middle,0.0348240469208211,0.1785190615835777,32,available
Qwen,Expert-choice change,fixed_v8_composite_2,9,5,middle,-0.0117302052785923,0.1928152492668621,32,available
Qwen,Expert-choice change,fixed_v8_composite_2,9,6,middle,-0.1121700879765395,0.0091642228739002,32,available
Qwen,Expert-choice change,fixed_v8_composite_2,9,7,middle,0.0619501466275659,0.2118768328445747,32,available
Qwen,Expert-choice change,fixed_v8_composite_2,9,8,late,-0.0208944281524926,0.0912756598240469,32,available
Qwen,Expert-choice change,fixed_v8_composite_2,9,9,late,-0.0109970674486803,0.1063049853372434,32,available
Qwen,Expert-choice change,fixed_v8_composite_2,9,10,late,-0.0381231671554252,0.127199413489736,32,available
Qwen,Expert-choice change,fixed_v8_composite_2,9,11,late,0.0150293255131964,0.1048387096774193,32,available
Qwen,Expert-choice change,fixed_v8_composite_2,10,0,early,-0.064149560117302,0.0978739002932551,32,available
Qwen,Expert-choice change,fixed_v8_composite_2,10,1,early,-0.1807184750733137,0.0476539589442815,32,available
Qwen,Expert-choice change,fixed_v8_composite_2,10,2,early,-0.1304985337243401,0.0304252199413489,32,available
Qwen,Expert-choice change,fixed_v8_composite_2,10,3,early,-0.0047653958944281,0.094208211143695,32,available
Qwen,Expert-choice change,fixed_v8_composite_2,10,4,middle,-0.0670821114369501,-0.0212609970674486,32,available
Qwen,Expert-choice change,fixed_v8_composite_2,10,5,middle,-0.0868768328445747,0.125733137829912,32,available
Qwen,Expert-choice change,fixed_v8_composite_2,10,6,middle,-0.0879765395894428,0.0835777126099706,32,available
Qwen,Expert-choice change,fixed_v8_composite_2,10,7,middle,-0.0128299120234604,0.0194281524926686,32,available
Qwen,Expert-choice change,fixed_v8_composite_2,10,8,late,-0.1158357771260997,-0.0403225806451612,32,available
Qwen,Expert-choice change,fixed_v8_composite_2,10,9,late,-0.0905425219941348,0.032991202346041,32,available
Qwen,Expert-choice change,fixed_v8_composite_2,10,10,late,-0.0696480938416422,0.0623167155425219,32,available
Qwen,Expert-choice change,fixed_v8_composite_2,10,11,late,-0.0689149560117302,0.0601173020527859,32,available
Qwen,Expert-choice change,fixed_v8_composite_2,11,0,early,0.001466275659824,0.1158357771260997,32,available
Qwen,Expert-choice change,fixed_v8_composite_2,11,1,early,-0.0828445747800586,0.25183284457478,32,available
Qwen,Expert-choice change,fixed_v8_composite_2,11,2,early,0.0417888563049853,0.3398093841642228,32,available
Qwen,Expert-choice change,fixed_v8_composite_2,11,3,early,-0.0274926686217008,0.281524926686217,32,available
Qwen,Expert-choice change,fixed_v8_composite_2,11,4,middle,0.0923753665689149,0.3493401759530791,32,available
Qwen,Expert-choice change,fixed_v8_composite_2,11,5,middle,0.0120967741935483,0.3966275659824046,32,available
Qwen,Expert-choice change,fixed_v8_composite_2,11,6,middle,0.0095307917888563,0.2133431085043988,32,available
Qwen,Expert-choice change,fixed_v8_composite_2,11,7,middle,0.0549853372434017,0.2624633431085044,32,available
Qwen,Expert-choice change,fixed_v8_composite_2,11,8,late,0.0612170087976539,0.2368035190615835,32,available
Qwen,Expert-choice change,fixed_v8_composite_2,11,9,late,-0.0117302052785923,0.2067448680351906,32,available
Qwen,Expert-choice change,fixed_v8_composite_2,11,10,late,-0.0986070381231671,0.2804252199413489,32,available
Qwen,Expert-choice change,fixed_v8_composite_2,11,11,late,0.0278592375366568,0.2467008797653959,32,available
Qwen,Expert-choice change,fixed_v8_composite_2,12,0,early,0.2060117302052785,0.282624633431085,32,available
Qwen,Expert-choice change,fixed_v8_composite_2,12,1,early,0.1554252199413489,0.3412756598240469,32,available
Qwen,Expert-choice change,fixed_v8_composite_2,12,2,early,0.3577712609970674,0.5087976539589443,32,available
Qwen,Expert-choice change,fixed_v8_composite_2,12,3,early,0.2576979472140762,0.4358504398826979,32,available
Qwen,Expert-choice change,fixed_v8_composite_2,12,4,middle,0.3739002932551319,0.4904692082111436,32,available
Qwen,Expert-choice change,fixed_v8_composite_2,12,5,middle,0.2569648093841642,0.4596774193548387,32,available
Qwen,Expert-choice change,fixed_v8_composite_2,12,6,middle,0.2620967741935484,0.3119501466275659,32,available
Qwen,Expert-choice change,fixed_v8_composite_2,12,7,middle,0.344941348973607,0.499633431085044,32,available
Qwen,Expert-choice change,fixed_v8_composite_2,12,8,late,0.2943548387096774,0.406891495601173,32,available
Qwen,Expert-choice change,fixed_v8_composite_2,12,9,late,0.2914222873900293,0.409090909090909,32,available
Qwen,Expert-choice change,fixed_v8_composite_2,12,10,late,0.1609237536656891,0.3676686217008797,32,available
Qwen,Expert-choice change,fixed_v8_composite_2,12,11,late,0.3027859237536657,0.3962609970674486,32,available
Qwen,Expert-choice change,fixed_v8_composite_2,13,0,early,0.2675953079178885,0.2646627565982404,32,available
Qwen,Expert-choice change,fixed_v8_composite_2,13,1,early,0.2983870967741935,0.3225806451612903,32,available
Qwen,Expert-choice change,fixed_v8_composite_2,13,2,early,0.3797653958944281,0.4237536656891495,32,available
Qwen,Expert-choice change,fixed_v8_composite_2,13,3,early,0.5300586510263929,0.5546187683284457,32,available
Qwen,Expert-choice change,fixed_v8_composite_2,13,4,middle,0.3251466275659824,0.2635630498533724,32,available
Qwen,Expert-choice change,fixed_v8_composite_2,13,5,middle,0.470674486803519,0.499633431085044,32,available
Qwen,Expert-choice change,fixed_v8_composite_2,13,6,middle,0.3541055718475073,0.3720674486803519,32,available
Qwen,Expert-choice change,fixed_v8_composite_2,13,7,middle,0.4160557184750733,0.4127565982404692,32,available
Qwen,Expert-choice change,fixed_v8_composite_2,13,8,late,0.2921554252199413,0.3299120234604105,32,available
Qwen,Expert-choice change,fixed_v8_composite_2,13,9,late,0.37866568914956,0.379032258064516,32,available
Qwen,Expert-choice change,fixed_v8_composite_2,13,10,late,0.3588709677419354,0.3804985337243401,32,available
Qwen,Expert-choice change,fixed_v8_composite_2,13,11,late,0.3654692082111437,0.3541055718475073,32,available
Qwen,Expert-choice change,fixed_v8_composite_2,14,0,early,0.315615835777126,0.3497067448680351,32,available
Qwen,Expert-choice change,fixed_v8_composite_2,14,1,early,0.1645894428152492,0.1440615835777126,32,available
Qwen,Expert-choice change,fixed_v8_composite_2,14,2,early,0.2888563049853372,0.2635630498533724,32,available
Qwen,Expert-choice change,fixed_v8_composite_2,14,3,early,0.1693548387096774,0.1356304985337243,32,available
Qwen,Expert-choice change,fixed_v8_composite_2,14,4,middle,0.2368035190615835,0.2170087976539589,32,available
Qwen,Expert-choice change,fixed_v8_composite_2,14,5,middle,0.2609970674486803,0.3695014662756598,32,available
Qwen,Expert-choice change,fixed_v8_composite_2,14,6,middle,0.2140762463343108,0.220307917888563,32,available
Qwen,Expert-choice change,fixed_v8_composite_2,14,7,middle,0.2580645161290322,0.2800586510263929,32,available
Qwen,Expert-choice change,fixed_v8_composite_2,14,8,late,0.190615835777126,0.1770527859237536,32,available
Qwen,Expert-choice change,fixed_v8_composite_2,14,9,late,0.2639296187683284,0.2712609970674486,32,available
Qwen,Expert-choice change,fixed_v8_composite_2,14,10,late,0.1444281524926686,0.2386363636363636,32,available
Qwen,Expert-choice change,fixed_v8_composite_2,14,11,late,0.2683284457478005,0.2529325513196481,32,available
Qwen,Expert-choice change,fixed_v8_composite_2,15,0,early,0.0700146627565982,0.0461876832844574,32,available
Qwen,Expert-choice change,fixed_v8_composite_2,15,1,early,0.127565982404692,0.2214076246334311,32,available
Qwen,Expert-choice change,fixed_v8_composite_2,15,2,early,0.1026392961876832,0.1818181818181818,32,available
Qwen,Expert-choice change,fixed_v8_composite_2,15,3,early,0.1363636363636363,0.2078445747800586,32,available
Qwen,Expert-choice change,fixed_v8_composite_2,15,4,middle,0.064882697947214,0.0689149560117302,32,available
Qwen,Expert-choice change,fixed_v8_composite_2,15,5,middle,0.0502199413489736,0.2390029325513196,32,available
Qwen,Expert-choice change,fixed_v8_composite_2,15,6,middle,0.1616568914956011,0.2294721407624632,32,available
Qwen,Expert-choice change,fixed_v8_composite_2,15,7,middle,0.2052785923753665,0.2529325513196481,32,available
Qwen,Expert-choice change,fixed_v8_composite_2,15,8,late,0.1686217008797653,0.221041055718475,32,available
Qwen,Expert-choice change,fixed_v8_composite_2,15,9,late,0.159090909090909,0.2239736070381231,32,available
Qwen,Expert-choice change,fixed_v8_composite_2,15,10,late,0.0267595307917888,0.1700879765395894,32,available
Qwen,Expert-choice change,fixed_v8_composite_2,15,11,late,0.2137096774193548,0.2016129032258064,32,available
Qwen,Expert-choice change,fixed_v8_composite_2,16,0,early,0.125733137829912,0.2558651026392962,32,available
Qwen,Expert-choice change,fixed_v8_composite_2,16,1,early,0.0491202346041055,0.2686950146627566,32,available
Qwen,Expert-choice change,fixed_v8_composite_2,16,2,early,0.1121700879765395,0.2763929618768327,32,available
Qwen,Expert-choice change,fixed_v8_composite_2,16,3,early,0.0989736070381231,0.2716275659824047,32,available
Qwen,Expert-choice change,fixed_v8_composite_2,16,4,middle,0.0876099706744867,0.1308651026392961,32,available
Qwen,Expert-choice change,fixed_v8_composite_2,16,5,middle,0.0817448680351906,0.2690615835777126,32,available
Qwen,Expert-choice change,fixed_v8_composite_2,16,6,middle,0.1022727272727272,0.221774193548387,32,available
Qwen,Expert-choice change,fixed_v8_composite_2,16,7,middle,0.0883431085043988,0.1664222873900293,32,available
Qwen,Expert-choice change,fixed_v8_composite_2,16,8,late,0.1279325513196481,0.1829178885630498,32,available
Qwen,Expert-choice change,fixed_v8_composite_2,16,9,late,0.1491935483870967,0.3170821114369501,32,available
Qwen,Expert-choice change,fixed_v8_composite_2,16,10,late,0.0058651026392961,0.1950146627565982,32,available
Qwen,Expert-choice change,fixed_v8_composite_2,16,11,late,0.1202346041055718,0.2162756598240469,32,available
Qwen,Expert-choice change,fixed_v8_composite_2,17,0,early,0.1664222873900293,0.1704545454545454,32,available
Qwen,Expert-choice change,fixed_v8_composite_2,17,1,early,0.0370234604105571,0.1099706744868035,32,available
Qwen,Expert-choice change,fixed_v8_composite_2,17,2,early,0.0443548387096774,0.1678885630498533,32,available
Qwen,Expert-choice change,fixed_v8_composite_2,17,3,early,0.0993401759530791,0.1733870967741935,32,available
Qwen,Expert-choice change,fixed_v8_composite_2,17,4,middle,-0.0091642228739002,0.000733137829912,32,available
Qwen,Expert-choice change,fixed_v8_composite_2,17,5,middle,0.0307917888563049,0.1466275659824046,32,available
Qwen,Expert-choice change,fixed_v8_composite_2,17,6,middle,-0.0124633431085043,0.0703812316715542,32,available
Qwen,Expert-choice change,fixed_v8_composite_2,17,7,middle,0.064516129032258,0.0846774193548387,32,available
Qwen,Expert-choice change,fixed_v8_composite_2,17,8,late,-0.0234604105571847,-0.0153958944281524,32,available
Qwen,Expert-choice change,fixed_v8_composite_2,17,9,late,0.0769794721407624,0.1217008797653958,32,available
Qwen,Expert-choice change,fixed_v8_composite_2,17,10,late,0.0106304985337243,0.0934750733137829,32,available
Qwen,Expert-choice change,fixed_v8_composite_2,17,11,late,0.0909090909090909,0.0975073313782991,32,available
Qwen,Expert-choice change,fixed_v8_composite_2,18,0,early,0.0978739002932551,0.1246334310850439,32,available
Qwen,Expert-choice change,fixed_v8_composite_2,18,1,early,0.1429618768328445,0.2591642228739003,32,available
Qwen,Expert-choice change,fixed_v8_composite_2,18,2,early,0.0861436950146627,0.2214076246334311,32,available
Qwen,Expert-choice change,fixed_v8_composite_2,18,3,early,-0.0032991202346041,0.0806451612903225,32,available
Qwen,Expert-choice change,fixed_v8_composite_2,18,4,middle,0.0839442815249266,0.158724340175953,32,available
Qwen,Expert-choice change,fixed_v8_composite_2,18,5,middle,-0.1312316715542522,0.033357771260997,32,available
Qwen,Expert-choice change,fixed_v8_composite_2,18,6,middle,0.0722140762463343,0.0887096774193548,32,available
Qwen,Expert-choice change,fixed_v8_composite_2,18,7,middle,0.0216275659824046,0.0758797653958944,32,available
Qwen,Expert-choice change,fixed_v8_composite_2,18,8,late,0.0802785923753665,0.0751466275659824,32,available
Qwen,Expert-choice change,fixed_v8_composite_2,18,9,late,0.0791788856304985,0.2063782991202346,32,available
Qwen,Expert-choice change,fixed_v8_composite_2,18,10,late,0.00183284457478,0.0758797653958944,32,available
Qwen,Expert-choice change,fixed_v8_composite_2,18,11,late,0.0685483870967741,0.1337976539589442,32,available
Qwen,Expert-choice change,fixed_v8_composite_2,19,0,early,0.0828445747800586,0.1165689149560117,32,available
Qwen,Expert-choice change,fixed_v8_composite_2,19,1,early,0.0436217008797653,0.1704545454545454,32,available
Qwen,Expert-choice change,fixed_v8_composite_2,19,2,early,0.0476539589442815,0.1840175953079178,32,available
Qwen,Expert-choice change,fixed_v8_composite_2,19,3,early,0.0388563049853372,0.1513929618768328,32,available
Qwen,Expert-choice change,fixed_v8_composite_2,19,4,middle,0.0241935483870967,0.06524926686217,32,available
Qwen,Expert-choice change,fixed_v8_composite_2,19,5,middle,-0.0733137829912023,0.0505865102639296,32,available
Qwen,Expert-choice change,fixed_v8_composite_2,19,6,middle,0.0058651026392961,0.0502199413489736,32,available
Qwen,Expert-choice change,fixed_v8_composite_2,19,7,middle,0.000366568914956,0.0406891495601173,32,available
Qwen,Expert-choice change,fixed_v8_composite_2,19,8,late,0.0392228739002932,0.0040322580645161,32,available
Qwen,Expert-choice change,fixed_v8_composite_2,19,9,late,0.0982404692082111,0.1840175953079178,32,available
Qwen,Expert-choice change,fixed_v8_composite_2,19,10,late,0.000733137829912,0.0700146627565982,32,available
Qwen,Expert-choice change,fixed_v8_composite_2,19,11,late,0.1081378299120234,0.1466275659824046,32,available
Qwen,Expert-choice change,fixed_v8_composite_2,20,0,early,0.1851173020527859,0.1337976539589442,32,available
Qwen,Expert-choice change,fixed_v8_composite_2,20,1,early,0.2635630498533724,0.1986803519061583,32,available
Qwen,Expert-choice change,fixed_v8_composite_2,20,2,early,0.3874633431085043,0.3702346041055718,32,available
Qwen,Expert-choice change,fixed_v8_composite_2,20,3,early,0.379032258064516,0.3735337243401759,32,available
Qwen,Expert-choice change,fixed_v8_composite_2,20,4,middle,0.3511730205278592,0.2804252199413489,32,available
Qwen,Expert-choice change,fixed_v8_composite_2,20,5,middle,0.1737536656891495,0.1781524926686216,32,available
Qwen,Expert-choice change,fixed_v8_composite_2,20,6,middle,0.2078445747800586,0.1136363636363636,32,available
Qwen,Expert-choice change,fixed_v8_composite_2,20,7,middle,0.3053519061583578,0.2749266862170087,32,available
Qwen,Expert-choice change,fixed_v8_composite_2,20,8,late,0.3302785923753665,0.2324046920821113,32,available
Qwen,Expert-choice change,fixed_v8_composite_2,20,9,late,0.2928885630498533,0.2719941348973607,32,available
Qwen,Expert-choice change,fixed_v8_composite_2,20,10,late,0.2892228739002932,0.2313049853372434,32,available
Qwen,Expert-choice change,fixed_v8_composite_2,20,11,late,0.3640029325513196,0.2672287390029325,32,available
Qwen,Expert-choice change,fixed_v8_composite_2,21,0,early,0.3049853372434017,0.2774926686217008,32,available
Qwen,Expert-choice change,fixed_v8_composite_2,21,1,early,0.3130498533724339,0.3097507331378298,32,available
Qwen,Expert-choice change,fixed_v8_composite_2,21,2,early,0.3071847507331378,0.2939882697947213,32,available
Qwen,Expert-choice change,fixed_v8_composite_2,21,3,early,0.2771260997067448,0.3046187683284457,32,available
Qwen,Expert-choice change,fixed_v8_composite_2,21,4,middle,0.2056451612903225,0.159457478005865,32,available
Qwen,Expert-choice change,fixed_v8_composite_2,21,5,middle,0.0982404692082111,0.1118035190615835,32,available
Qwen,Expert-choice change,fixed_v8_composite_2,21,6,middle,0.2712609970674486,0.2089442815249266,32,available
Qwen,Expert-choice change,fixed_v8_composite_2,21,7,middle,0.2525659824046921,0.2624633431085044,32,available
Qwen,Expert-choice change,fixed_v8_composite_2,21,8,late,0.1942815249266862,0.128299120234604,32,available
Qwen,Expert-choice change,fixed_v8_composite_2,21,9,late,0.3544721407624633,0.3416422287390029,32,available
Qwen,Expert-choice change,fixed_v8_composite_2,21,10,late,0.1326979472140762,0.1169354838709677,32,available
Qwen,Expert-choice change,fixed_v8_composite_2,21,11,late,0.2760263929618767,0.159457478005865,32,available
Qwen,Expert-choice change,fixed_v8_composite_2,22,0,early,0.282258064516129,0.2796920821114369,32,available
Qwen,Expert-choice change,fixed_v8_composite_2,22,1,early,0.2701612903225806,0.2155425219941348,32,available
Qwen,Expert-choice change,fixed_v8_composite_2,22,2,early,0.3324780058651026,0.3640029325513196,32,available
Qwen,Expert-choice change,fixed_v8_composite_2,22,3,early,0.3867302052785923,0.4164222873900293,32,available
Qwen,Expert-choice change,fixed_v8_composite_2,22,4,middle,0.3431085043988269,0.2738269794721407,32,available
Qwen,Expert-choice change,fixed_v8_composite_2,22,5,middle,0.1140029325513196,0.1924486803519061,32,available
Qwen,Expert-choice change,fixed_v8_composite_2,22,6,middle,0.1957478005865102,0.1678885630498533,32,available
Qwen,Expert-choice change,fixed_v8_composite_2,22,7,middle,0.2877565982404692,0.2668621700879765,32,available
Qwen,Expert-choice change,fixed_v8_composite_2,22,8,late,0.2027126099706745,0.1565249266862169,32,available
Qwen,Expert-choice change,fixed_v8_composite_2,22,9,late,0.2910557184750733,0.3222140762463343,32,available
Qwen,Expert-choice change,fixed_v8_composite_2,22,10,late,0.2100439882697947,0.2162756598240469,32,available
Qwen,Expert-choice change,fixed_v8_composite_2,22,11,late,0.3310117302052786,0.3288123167155425,32,available
Qwen,Expert-choice change,fixed_v8_composite_2,23,0,early,0.4461143695014662,0.2866568914956011,32,available
Qwen,Expert-choice change,fixed_v8_composite_2,23,1,early,0.5714809384164222,0.4593108504398827,32,available
Qwen,Expert-choice change,fixed_v8_composite_2,23,2,early,0.597873900293255,0.656891495601173,32,available
Qwen,Expert-choice change,fixed_v8_composite_2,23,3,early,0.5410557184750733,0.5590175953079178,32,available
Qwen,Expert-choice change,fixed_v8_composite_2,23,4,middle,0.5784457478005864,0.441348973607038,32,available
Qwen,Expert-choice change,fixed_v8_composite_2,23,5,middle,0.3735337243401759,0.3782991202346041,32,available
Qwen,Expert-choice change,fixed_v8_composite_2,23,6,middle,0.5157624633431084,0.4197214076246334,32,available
Qwen,Expert-choice change,fixed_v8_composite_2,23,7,middle,0.4981671554252198,0.4013929618768328,32,available
Qwen,Expert-choice change,fixed_v8_composite_2,23,8,late,0.5131964809384163,0.469941348973607,32,available
Qwen,Expert-choice change,fixed_v8_composite_2,23,9,late,0.4725073313782991,0.439149560117302,32,available
Qwen,Expert-choice change,fixed_v8_composite_2,23,10,late,0.4153225806451612,0.4002932551319648,32,available
Qwen,Expert-choice change,fixed_v8_composite_2,23,11,late,0.5029325513196481,0.4285190615835776,32,available
Qwen,Expert-choice change,fixed_v8_composite_2,24,0,early,0.2991202346041055,0.1381964809384163,32,available
Qwen,Expert-choice change,fixed_v8_composite_2,24,1,early,0.5102639296187682,0.3823313782991202,32,available
Qwen,Expert-choice change,fixed_v8_composite_2,24,2,early,0.4442815249266861,0.4219208211143694,32,available
Qwen,Expert-choice change,fixed_v8_composite_2,24,3,early,0.4105571847507331,0.3064516129032257,32,available
Qwen,Expert-choice change,fixed_v8_composite_2,24,4,middle,0.5025659824046921,0.3966275659824046,32,available
Qwen,Expert-choice change,fixed_v8_composite_2,24,5,middle,0.2976539589442815,0.2547653958944281,32,available
Qwen,Expert-choice change,fixed_v8_composite_2,24,6,middle,0.4087243401759531,0.2778592375366568,32,available
Qwen,Expert-choice change,fixed_v8_composite_2,24,7,middle,0.4263196480938416,0.3434750733137829,32,available
Qwen,Expert-choice change,fixed_v8_composite_2,24,8,late,0.43658357771261,0.3196480938416422,32,available
Qwen,Expert-choice change,fixed_v8_composite_2,24,9,late,0.3984604105571847,0.3317448680351906,32,available
Qwen,Expert-choice change,fixed_v8_composite_2,24,10,late,0.2767595307917888,0.1836510263929618,32,available
Qwen,Expert-choice change,fixed_v8_composite_2,24,11,late,0.4659090909090909,0.3112170087976539,32,available
Qwen,Expert-choice change,fixed_v8_composite_2,25,0,early,0.3405425219941349,0.128299120234604,32,available
Qwen,Expert-choice change,fixed_v8_composite_2,25,1,early,0.5403225806451613,0.3284457478005865,32,available
Qwen,Expert-choice change,fixed_v8_composite_2,25,2,early,0.5758797653958944,0.469208211143695,32,available
Qwen,Expert-choice change,fixed_v8_composite_2,25,3,early,0.5491202346041054,0.3537390029325513,32,available
Qwen,Expert-choice change,fixed_v8_composite_2,25,4,middle,0.499633431085044,0.2727272727272727,32,available
Qwen,Expert-choice change,fixed_v8_composite_2,25,5,middle,0.6154692082111436,0.4193548387096773,32,available
Qwen,Expert-choice change,fixed_v8_composite_2,25,6,middle,0.4450146627565982,0.3119501466275659,32,available
Qwen,Expert-choice change,fixed_v8_composite_2,25,7,middle,0.4739736070381231,0.2928885630498533,32,available
Qwen,Expert-choice change,fixed_v8_composite_2,25,8,late,0.4662756598240469,0.2873900293255131,32,available
Qwen,Expert-choice change,fixed_v8_composite_2,25,9,late,0.4853372434017595,0.2712609970674486,32,available
Qwen,Expert-choice change,fixed_v8_composite_2,25,10,late,0.3885630498533724,0.1983137829912023,32,available
Qwen,Expert-choice change,fixed_v8_composite_2,25,11,late,0.5755131964809383,0.3929618768328445,32,available
Qwen,Expert-choice change,fixed_v8_composite_2,26,0,early,0.4057917888563049,0.2375366568914955,32,available
Qwen,Expert-choice change,fixed_v8_composite_2,26,1,early,0.6088709677419355,0.50366568914956,32,available
Qwen,Expert-choice change,fixed_v8_composite_2,26,2,early,0.752565982404692,0.6444281524926686,32,available
Qwen,Expert-choice change,fixed_v8_composite_2,26,3,early,0.6319648093841641,0.5414222873900293,32,available
Qwen,Expert-choice change,fixed_v8_composite_2,26,4,middle,0.6847507331378299,0.593108504398827,32,available
Qwen,Expert-choice change,fixed_v8_composite_2,26,5,middle,0.6323313782991201,0.5846774193548387,32,available
Qwen,Expert-choice change,fixed_v8_composite_2,26,6,middle,0.5623167155425219,0.4362170087976539,32,available
Qwen,Expert-choice change,fixed_v8_composite_2,26,7,middle,0.69208211143695,0.629032258064516,32,available
Qwen,Expert-choice change,fixed_v8_composite_2,26,8,late,0.6165689149560116,0.5406891495601173,32,available
Qwen,Expert-choice change,fixed_v8_composite_2,26,9,late,0.5916422287390029,0.4948680351906157,32,available
Qwen,Expert-choice change,fixed_v8_composite_2,26,10,late,0.563049853372434,0.4604105571847507,32,available
Qwen,Expert-choice change,fixed_v8_composite_2,26,11,late,0.6517595307917887,0.4875366568914955,32,available
Qwen,Expert-choice change,fixed_v8_composite_2,27,0,early,0.1077712609970674,0.0076979472140762,32,available
Qwen,Expert-choice change,fixed_v8_composite_2,27,1,early,0.4178885630498533,0.4464809384164222,32,available
Qwen,Expert-choice change,fixed_v8_composite_2,27,2,early,0.4959677419354837,0.5450879765395894,32,available
Qwen,Expert-choice change,fixed_v8_composite_2,27,3,early,0.3383431085043988,0.37866568914956,32,available
Qwen,Expert-choice change,fixed_v8_composite_2,27,4,middle,0.4028592375366568,0.3797653958944281,32,available
Qwen,Expert-choice change,fixed_v8_composite_2,27,5,middle,0.3251466275659824,0.3878299120234603,32,available
Qwen,Expert-choice change,fixed_v8_composite_2,27,6,middle,0.4043255131964809,0.3581378299120234,32,available
Qwen,Expert-choice change,fixed_v8_composite_2,27,7,middle,0.4329178885630498,0.4655425219941349,32,available
Qwen,Expert-choice change,fixed_v8_composite_2,27,8,late,0.4417155425219941,0.4567448680351906,32,available
Qwen,Expert-choice change,fixed_v8_composite_2,27,9,late,0.3782991202346041,0.379032258064516,32,available
Qwen,Expert-choice change,fixed_v8_composite_2,27,10,late,0.2613636363636363,0.3024193548387097,32,available
Qwen,Expert-choice change,fixed_v8_composite_2,27,11,late,0.4479472140762463,0.3933284457478005,32,available
Qwen,Expert-choice change,fixed_v8_composite_2,28,0,early,0.4120234604105571,0.2870234604105571,32,available
Qwen,Expert-choice change,fixed_v8_composite_2,28,1,early,0.4039589442815249,0.3995601173020528,32,available
Qwen,Expert-choice change,fixed_v8_composite_2,28,2,early,0.4758064516129032,0.5120967741935484,32,available
Qwen,Expert-choice change,fixed_v8_composite_2,28,3,early,0.4061583577712609,0.4252199413489736,32,available
Qwen,Expert-choice change,fixed_v8_composite_2,28,4,middle,0.4483137829912023,0.3365102639296187,32,available
Qwen,Expert-choice change,fixed_v8_composite_2,28,5,middle,0.3870967741935483,0.3903958944281524,32,available
Qwen,Expert-choice change,fixed_v8_composite_2,28,6,middle,0.5249266862170088,0.4879032258064516,32,available
Qwen,Expert-choice change,fixed_v8_composite_2,28,7,middle,0.4846041055718474,0.4747067448680351,32,available
Qwen,Expert-choice change,fixed_v8_composite_2,28,8,late,0.439149560117302,0.4655425219941349,32,available
Qwen,Expert-choice change,fixed_v8_composite_2,28,9,late,0.5073313782991201,0.4721407624633431,32,available
Qwen,Expert-choice change,fixed_v8_composite_2,28,10,late,0.282258064516129,0.2576979472140762,32,available
Qwen,Expert-choice change,fixed_v8_composite_2,28,11,late,0.4453812316715542,0.3581378299120234,32,available
Qwen,Expert-choice change,fixed_v8_composite_2,29,0,early,0.188049853372434,0.1129032258064516,32,available
Qwen,Expert-choice change,fixed_v8_composite_2,29,1,early,0.4021260997067448,0.3299120234604105,32,available
Qwen,Expert-choice change,fixed_v8_composite_2,29,2,early,0.3548387096774193,0.3669354838709677,32,available
Qwen,Expert-choice change,fixed_v8_composite_2,29,3,early,0.3405425219941349,0.3130498533724339,32,available
Qwen,Expert-choice change,fixed_v8_composite_2,29,4,middle,0.2906891495601172,0.1942815249266862,32,available
Qwen,Expert-choice change,fixed_v8_composite_2,29,5,middle,0.1851173020527859,0.2107771260997067,32,available
Qwen,Expert-choice change,fixed_v8_composite_2,29,6,middle,0.2324046920821113,0.1554252199413489,32,available
Qwen,Expert-choice change,fixed_v8_composite_2,29,7,middle,0.2749266862170087,0.2664956011730205,32,available
Qwen,Expert-choice change,fixed_v8_composite_2,29,8,late,0.3046187683284457,0.2939882697947213,32,available
Qwen,Expert-choice change,fixed_v8_composite_2,29,9,late,0.2100439882697947,0.1766862170087976,32,available
Qwen,Expert-choice change,fixed_v8_composite_2,29,10,late,0.2166422287390029,0.1766862170087976,32,available
Qwen,Expert-choice change,fixed_v8_composite_2,29,11,late,0.2928885630498533,0.2261730205278592,32,available
Qwen,Expert-choice change,fixed_v8_composite_2,30,0,early,0.1741202346041055,-0.1022727272727272,32,available
Qwen,Expert-choice change,fixed_v8_composite_2,30,1,early,0.4057917888563049,0.2170087976539589,32,available
Qwen,Expert-choice change,fixed_v8_composite_2,30,2,early,0.2683284457478005,0.0832111436950146,32,available
Qwen,Expert-choice change,fixed_v8_composite_2,30,3,early,0.1957478005865102,0.0120967741935483,32,available
Qwen,Expert-choice change,fixed_v8_composite_2,30,4,middle,0.2870234604105571,0.0700146627565982,32,available
Qwen,Expert-choice change,fixed_v8_composite_2,30,5,middle,0.0989736070381231,-0.0282258064516129,32,available
Qwen,Expert-choice change,fixed_v8_composite_2,30,6,middle,0.2478005865102638,-0.000733137829912,32,available
Qwen,Expert-choice change,fixed_v8_composite_2,30,7,middle,0.2694281524926686,0.0777126099706744,32,available
Qwen,Expert-choice change,fixed_v8_composite_2,30,8,late,0.3684017595307918,0.2034457478005865,32,available
Qwen,Expert-choice change,fixed_v8_composite_2,30,9,late,0.2547653958944281,0.096041055718475,32,available
Qwen,Expert-choice change,fixed_v8_composite_2,30,10,late,0.2976539589442815,0.094574780058651,32,available
Qwen,Expert-choice change,fixed_v8_composite_2,30,11,late,0.2690615835777126,0.0084310850439882,32,available
Qwen,Expert-choice change,fixed_v8_composite_2,31,0,early,0.2144428152492668,0.0491202346041055,32,available
Qwen,Expert-choice change,fixed_v8_composite_2,31,1,early,0.3533724340175952,0.2162756598240469,32,available
Qwen,Expert-choice change,fixed_v8_composite_2,31,2,early,0.2027126099706745,0.0923753665689149,32,available
Qwen,Expert-choice change,fixed_v8_composite_2,31,3,early,0.0997067448680351,-0.0102639296187683,32,available
Qwen,Expert-choice change,fixed_v8_composite_2,31,4,middle,0.1796187683284457,-0.000733137829912,32,available
Qwen,Expert-choice change,fixed_v8_composite_2,31,5,middle,0.0883431085043988,0.0205278592375366,32,available
Qwen,Expert-choice change,fixed_v8_composite_2,31,6,middle,0.2870234604105571,0.1433284457478005,32,available
Qwen,Expert-choice change,fixed_v8_composite_2,31,7,middle,0.1829178885630498,0.0762463343108504,32,available
Qwen,Expert-choice change,fixed_v8_composite_2,31,8,late,0.3046187683284457,0.2298387096774193,32,available
Qwen,Expert-choice change,fixed_v8_composite_2,31,9,late,0.2580645161290322,0.1854838709677419,32,available
Qwen,Expert-choice change,fixed_v8_composite_2,31,10,late,0.2166422287390029,0.0835777126099706,32,available
Qwen,Expert-choice change,fixed_v8_composite_2,31,11,late,0.2016129032258064,0.0201612903225806,32,available
Qwen,Expert-choice change,fixed_v8_composite_2,32,0,early,0.4035923753665689,0.25,32,available
Qwen,Expert-choice change,fixed_v8_composite_2,32,1,early,0.4670087976539589,0.3669354838709677,32,available
Qwen,Expert-choice change,fixed_v8_composite_2,32,2,early,0.4794721407624633,0.4017595307917888,32,available
Qwen,Expert-choice change,fixed_v8_composite_2,32,3,early,0.3625366568914955,0.2507331378299119,32,available
Qwen,Expert-choice change,fixed_v8_composite_2,32,4,middle,0.4963343108504399,0.3416422287390029,32,available
Qwen,Expert-choice change,fixed_v8_composite_2,32,5,middle,0.3346774193548387,0.3093841642228738,32,available
Qwen,Expert-choice change,fixed_v8_composite_2,32,6,middle,0.4061583577712609,0.2800586510263929,32,available
Qwen,Expert-choice change,fixed_v8_composite_2,32,7,middle,0.4435483870967741,0.3211143695014662,32,available
Qwen,Expert-choice change,fixed_v8_composite_2,32,8,late,0.4431818181818181,0.3383431085043988,32,available
Qwen,Expert-choice change,fixed_v8_composite_2,32,9,late,0.4175219941348973,0.3207478005865102,32,available
Qwen,Expert-choice change,fixed_v8_composite_2,32,10,late,0.3951612903225806,0.2294721407624632,32,available
Qwen,Expert-choice change,fixed_v8_composite_2,32,11,late,0.3892961876832844,0.2060117302052785,32,available
Qwen,Expert-choice change,fixed_v8_composite_2,33,0,early,0.2478005865102638,0.096407624633431,32,available
Qwen,Expert-choice change,fixed_v8_composite_2,33,1,early,0.4002932551319648,0.2653958944281525,32,available
Qwen,Expert-choice change,fixed_v8_composite_2,33,2,early,0.3651026392961876,0.2342375366568914,32,available
Qwen,Expert-choice change,fixed_v8_composite_2,33,3,early,0.3042521994134897,0.1741202346041055,32,available
Qwen,Expert-choice change,fixed_v8_composite_2,33,4,middle,0.3240469208211143,0.1224340175953079,32,available
Qwen,Expert-choice change,fixed_v8_composite_2,33,5,middle,0.2287390029325513,0.1700879765395894,32,available
Qwen,Expert-choice change,fixed_v8_composite_2,33,6,middle,0.3537390029325513,0.1928152492668621,32,available
Qwen,Expert-choice change,fixed_v8_composite_2,33,7,middle,0.344208211143695,0.2412023460410557,32,available
Qwen,Expert-choice change,fixed_v8_composite_2,33,8,late,0.3427419354838709,0.2291055718475072,32,available
Qwen,Expert-choice change,fixed_v8_composite_2,33,9,late,0.3658357771260997,0.251466275659824,32,available
Qwen,Expert-choice change,fixed_v8_composite_2,33,10,late,0.2976539589442815,0.1162023460410556,32,available
Qwen,Expert-choice change,fixed_v8_composite_2,33,11,late,0.344574780058651,0.12683284457478,32,available
Qwen,Expert-choice change,fixed_v8_composite_2,34,0,early,0.2320381231671554,0.1869501466275659,32,available
Qwen,Expert-choice change,fixed_v8_composite_2,34,1,early,0.2936217008797654,0.2928885630498533,32,available
Qwen,Expert-choice change,fixed_v8_composite_2,34,2,early,0.3640029325513196,0.3420087976539589,32,available
Qwen,Expert-choice change,fixed_v8_composite_2,34,3,early,0.3673020527859237,0.3207478005865102,32,available
Qwen,Expert-choice change,fixed_v8_composite_2,34,4,middle,0.2309384164222873,0.1081378299120234,32,available
Qwen,Expert-choice change,fixed_v8_composite_2,34,5,middle,0.3130498533724339,0.281891495601173,32,available
Qwen,Expert-choice change,fixed_v8_composite_2,34,6,middle,0.2987536656891495,0.253299120234604,32,available
Qwen,Expert-choice change,fixed_v8_composite_2,34,7,middle,0.3665689149560117,0.2646627565982404,32,available
Qwen,Expert-choice change,fixed_v8_composite_2,34,8,late,0.2701612903225806,0.1843841642228739,32,available
Qwen,Expert-choice change,fixed_v8_composite_2,34,9,late,0.3533724340175952,0.2796920821114369,32,available
Qwen,Expert-choice change,fixed_v8_composite_2,34,10,late,0.2708944281524926,0.1770527859237536,32,available
Qwen,Expert-choice change,fixed_v8_composite_2,34,11,late,0.4039589442815249,0.315615835777126,32,available
Qwen,Expert-choice change,fixed_v8_composite_2,35,0,early,0.1920821114369501,-0.002932551319648,32,available
Qwen,Expert-choice change,fixed_v8_composite_2,35,1,early,0.4200879765395894,0.2606304985337243,32,available
Qwen,Expert-choice change,fixed_v8_composite_2,35,2,early,0.4127565982404692,0.3625366568914955,32,available
Qwen,Expert-choice change,fixed_v8_composite_2,35,3,early,0.3922287390029325,0.2576979472140762,32,available
Qwen,Expert-choice change,fixed_v8_composite_2,35,4,middle,0.4164222873900293,0.2580645161290322,32,available
Qwen,Expert-choice change,fixed_v8_composite_2,35,5,middle,0.3284457478005865,0.2357038123167155,32,available
Qwen,Expert-choice change,fixed_v8_composite_2,35,6,middle,0.346774193548387,0.2276392961876832,32,available
Qwen,Expert-choice change,fixed_v8_composite_2,35,7,middle,0.3548387096774193,0.2316715542521994,32,available
Qwen,Expert-choice change,fixed_v8_composite_2,35,8,late,0.4611436950146627,0.3185483870967741,32,available
Qwen,Expert-choice change,fixed_v8_composite_2,35,9,late,0.344574780058651,0.2404692082111436,32,available
Qwen,Expert-choice change,fixed_v8_composite_2,35,10,late,0.4013929618768328,0.253299120234604,32,available
Qwen,Expert-choice change,fixed_v8_composite_2,35,11,late,0.3925953079178885,0.2415689149560117,32,available
Qwen,Expert-choice change,fixed_v8_composite_2,36,0,early,0.2063782991202346,0.0205278592375366,32,available
Qwen,Expert-choice change,fixed_v8_composite_2,36,1,early,0.4552785923753665,0.2408357771260997,32,available
Qwen,Expert-choice change,fixed_v8_composite_2,36,2,early,0.4978005865102638,0.4215542521994134,32,available
Qwen,Expert-choice change,fixed_v8_composite_2,36,3,early,0.4109237536656892,0.2716275659824047,32,available
Qwen,Expert-choice change,fixed_v8_composite_2,36,4,middle,0.4981671554252198,0.3196480938416422,32,available
Qwen,Expert-choice change,fixed_v8_composite_2,36,5,middle,0.3280791788856305,0.2078445747800586,32,available
Qwen,Expert-choice change,fixed_v8_composite_2,36,6,middle,0.343841642228739,0.156891495601173,32,available
Qwen,Expert-choice change,fixed_v8_composite_2,36,7,middle,0.4134897360703812,0.3046187683284457,32,available
Qwen,Expert-choice change,fixed_v8_composite_2,36,8,late,0.4226539589442815,0.2716275659824047,32,available
Qwen,Expert-choice change,fixed_v8_composite_2,36,9,late,0.377199413489736,0.2324046920821113,32,available
Qwen,Expert-choice change,fixed_v8_composite_2,36,10,late,0.3346774193548387,0.1488269794721407,32,available
Qwen,Expert-choice change,fixed_v8_composite_2,36,11,late,0.4728739002932551,0.2789589442815249,32,available
Qwen,Expert-choice change,fixed_v8_composite_2,37,0,early,0.3027859237536657,0.0582844574780058,32,available
Qwen,Expert-choice change,fixed_v8_composite_2,37,1,early,0.4061583577712609,0.1026392961876832,32,available
Qwen,Expert-choice change,fixed_v8_composite_2,37,2,early,0.499633431085044,0.3376099706744868,32,available
Qwen,Expert-choice change,fixed_v8_composite_2,37,3,early,0.4571114369501466,0.2214076246334311,32,available
Qwen,Expert-choice change,fixed_v8_composite_2,37,4,middle,0.4890029325513196,0.251099706744868,32,available
Qwen,Expert-choice change,fixed_v8_composite_2,37,5,middle,0.5080645161290323,0.2800586510263929,32,available
Qwen,Expert-choice change,fixed_v8_composite_2,37,6,middle,0.3980938416422287,0.1704545454545454,32,available
Qwen,Expert-choice change,fixed_v8_composite_2,37,7,middle,0.4725073313782991,0.2236070381231671,32,available
Qwen,Expert-choice change,fixed_v8_composite_2,37,8,late,0.5414222873900293,0.3431085043988269,32,available
Qwen,Expert-choice change,fixed_v8_composite_2,37,9,late,0.43658357771261,0.2060117302052785,32,available
Qwen,Expert-choice change,fixed_v8_composite_2,37,10,late,0.4934017595307918,0.2595307917888563,32,available
Qwen,Expert-choice change,fixed_v8_composite_2,37,11,late,0.4655425219941349,0.2492668621700879,32,available
Qwen,Expert-choice change,fixed_v8_composite_2,38,0,early,0.2379032258064516,0.1136363636363636,32,available
Qwen,Expert-choice change,fixed_v8_composite_2,38,1,early,0.2565982404692081,0.1627565982404692,32,available
Qwen,Expert-choice change,fixed_v8_composite_2,38,2,early,0.4277859237536656,0.3618035190615835,32,available
Qwen,Expert-choice change,fixed_v8_composite_2,38,3,early,0.3024193548387097,0.2342375366568914,32,available
Qwen,Expert-choice change,fixed_v8_composite_2,38,4,middle,0.3980938416422287,0.3596041055718474,32,available
Qwen,Expert-choice change,fixed_v8_composite_2,38,5,middle,0.379032258064516,0.3313782991202346,32,available
Qwen,Expert-choice change,fixed_v8_composite_2,38,6,middle,0.343841642228739,0.2470674486803519,32,available
Qwen,Expert-choice change,fixed_v8_composite_2,38,7,middle,0.3225806451612903,0.2357038123167155,32,available
Qwen,Expert-choice change,fixed_v8_composite_2,38,8,late,0.4494134897360703,0.3903958944281524,32,available
Qwen,Expert-choice change,fixed_v8_composite_2,38,9,late,0.3266129032258064,0.2525659824046921,32,available
Qwen,Expert-choice change,fixed_v8_composite_2,38,10,late,0.4424486803519062,0.4116568914956011,32,available
Qwen,Expert-choice change,fixed_v8_composite_2,38,11,late,0.3299120234604105,0.2723607038123167,32,available
Qwen,Expert-choice change,fixed_v8_composite_2,39,0,early,0.0733137829912023,-0.0549853372434017,32,available
Qwen,Expert-choice change,fixed_v8_composite_2,39,1,early,0.2247067448680351,0.1392961876832844,32,available
Qwen,Expert-choice change,fixed_v8_composite_2,39,2,early,0.5062316715542522,0.4329178885630498,32,available
Qwen,Expert-choice change,fixed_v8_composite_2,39,3,early,0.2807917888563049,0.2243401759530791,32,available
Qwen,Expert-choice change,fixed_v8_composite_2,39,4,middle,0.4428152492668622,0.4024926686217009,32,available
Qwen,Expert-choice change,fixed_v8_composite_2,39,5,middle,0.2954545454545454,0.2313049853372434,32,available
Qwen,Expert-choice change,fixed_v8_composite_2,39,6,middle,0.3053519061583578,0.1847507331378299,32,available
Qwen,Expert-choice change,fixed_v8_composite_2,39,7,middle,0.375366568914956,0.3372434017595307,32,available
Qwen,Expert-choice change,fixed_v8_composite_2,39,8,late,0.4593108504398827,0.4435483870967741,32,available
Qwen,Expert-choice change,fixed_v8_composite_2,39,9,late,0.3658357771260997,0.2859237536656891,32,available
Qwen,Expert-choice change,fixed_v8_composite_2,39,10,late,0.3526392961876832,0.314882697947214,32,available
Qwen,Expert-choice change,fixed_v8_composite_2,39,11,late,0.3643695014662756,0.2760263929618767,32,available
Qwen,Expert-choice change,fixed_v8_composite_2,40,0,early,0.3376099706744868,0.1920821114369501,32,available
Qwen,Expert-choice change,fixed_v8_composite_2,40,1,early,0.3870967741935483,0.126099706744868,32,available
Qwen,Expert-choice change,fixed_v8_composite_2,40,2,early,0.5469208211143693,0.406891495601173,32,available
Qwen,Expert-choice change,fixed_v8_composite_2,40,3,early,0.4549120234604105,0.3016862170087976,32,available
Qwen,Expert-choice change,fixed_v8_composite_2,40,4,middle,0.5120967741935484,0.3258797653958943,32,available
Qwen,Expert-choice change,fixed_v8_composite_2,40,5,middle,0.4167888563049853,0.2089442815249266,32,available
Qwen,Expert-choice change,fixed_v8_composite_2,40,6,middle,0.4002932551319648,0.1986803519061583,32,available
Qwen,Expert-choice change,fixed_v8_composite_2,40,7,middle,0.441348973607038,0.2162756598240469,32,available
Qwen,Expert-choice change,fixed_v8_composite_2,40,8,late,0.5109970674486803,0.3662023460410557,32,available
Qwen,Expert-choice change,fixed_v8_composite_2,40,9,late,0.4589442815249265,0.3511730205278592,32,available
Qwen,Expert-choice change,fixed_v8_composite_2,40,10,late,0.4644428152492667,0.316348973607038,32,available
Qwen,Expert-choice change,fixed_v8_composite_2,40,11,late,0.4189882697947213,0.2085777126099706,32,available
Qwen,Expert-choice change,fixed_v8_composite_2,41,0,early,0.2492668621700879,0.0707478005865102,32,available
Qwen,Expert-choice change,fixed_v8_composite_2,41,1,early,0.3178152492668621,0.1700879765395894,32,available
Qwen,Expert-choice change,fixed_v8_composite_2,41,2,early,0.5663489736070381,0.4574780058651026,32,available
Qwen,Expert-choice change,fixed_v8_composite_2,41,3,early,0.4109237536656892,0.2741935483870967,32,available
Qwen,Expert-choice change,fixed_v8_composite_2,41,4,middle,0.4486803519061583,0.3489736070381231,32,available
Qwen,Expert-choice change,fixed_v8_composite_2,41,5,middle,0.4508797653958944,0.3720674486803519,32,available
Qwen,Expert-choice change,fixed_v8_composite_2,41,6,middle,0.3511730205278592,0.1968475073313782,32,available
Qwen,Expert-choice change,fixed_v8_composite_2,41,7,middle,0.4417155425219941,0.345307917888563,32,available
Qwen,Expert-choice change,fixed_v8_composite_2,41,8,late,0.5032991202346041,0.3863636363636363,32,available
Qwen,Expert-choice change,fixed_v8_composite_2,41,9,late,0.4233870967741935,0.3093841642228738,32,available
Qwen,Expert-choice change,fixed_v8_composite_2,41,10,late,0.4882697947214076,0.3497067448680351,32,available
Qwen,Expert-choice change,fixed_v8_composite_2,41,11,late,0.3801319648093841,0.2983870967741935,32,available
Qwen,Expert-choice change,fixed_v8_composite_2,42,0,early,0.1176686217008797,0.0102639296187683,32,available
Qwen,Expert-choice change,fixed_v8_composite_2,42,1,early,0.1473607038123167,-0.0487536656891495,32,available
Qwen,Expert-choice change,fixed_v8_composite_2,42,2,early,0.344941348973607,0.2232404692082111,32,available
Qwen,Expert-choice change,fixed_v8_composite_2,42,3,early,0.2492668621700879,0.1019061583577712,32,available
Qwen,Expert-choice change,fixed_v8_composite_2,42,4,middle,0.1953812316715542,0.1107038123167155,32,available
Qwen,Expert-choice change,fixed_v8_composite_2,42,5,middle,0.3269794721407624,0.1814516129032257,32,available
Qwen,Expert-choice change,fixed_v8_composite_2,42,6,middle,0.1660557184750733,0.0824780058651026,32,available
Qwen,Expert-choice change,fixed_v8_composite_2,42,7,middle,0.1972140762463343,0.0689149560117302,32,available
Qwen,Expert-choice change,fixed_v8_composite_2,42,8,late,0.2074780058651026,0.0736803519061583,32,available
Qwen,Expert-choice change,fixed_v8_composite_2,42,9,late,0.2096774193548386,0.1000733137829912,32,available
Qwen,Expert-choice change,fixed_v8_composite_2,42,10,late,0.2903225806451612,0.1741202346041055,32,available
Qwen,Expert-choice change,fixed_v8_composite_2,42,11,late,0.1524926686217008,0.0832111436950146,32,available
Qwen,Expert-choice change,fixed_v8_composite_2,43,0,early,0.0069648093841642,-0.0846774193548387,32,available
Qwen,Expert-choice change,fixed_v8_composite_2,43,1,early,0.0355571847507331,-0.1037390029325513,32,available
Qwen,Expert-choice change,fixed_v8_composite_2,43,2,early,0.284090909090909,0.219574780058651,32,available
Qwen,Expert-choice change,fixed_v8_composite_2,43,3,early,0.1803519061583577,0.1228005865102639,32,available
Qwen,Expert-choice change,fixed_v8_composite_2,43,4,middle,0.1939149560117301,0.1521260997067448,32,available
Qwen,Expert-choice change,fixed_v8_composite_2,43,5,middle,0.2419354838709677,0.1671554252199413,32,available
Qwen,Expert-choice change,fixed_v8_composite_2,43,6,middle,0.0744134897360703,-0.0153958944281524,32,available
Qwen,Expert-choice change,fixed_v8_composite_2,43,7,middle,0.1565249266862169,0.1008064516129032,32,available
Qwen,Expert-choice change,fixed_v8_composite_2,43,8,late,0.1964809384164222,0.1774193548387096,32,available
Qwen,Expert-choice change,fixed_v8_composite_2,43,9,late,0.1099706744868035,0.0384897360703812,32,available
Qwen,Expert-choice change,fixed_v8_composite_2,43,10,late,0.187683284457478,0.1484604105571847,32,available
Qwen,Expert-choice change,fixed_v8_composite_2,43,11,late,0.1389296187683284,0.1110703812316715,32,available
Qwen,Expert-choice change,fixed_v8_composite_2,44,0,early,0.0879765395894428,-0.1202346041055718,32,available
Qwen,Expert-choice change,fixed_v8_composite_2,44,1,early,0.2247067448680351,0.0395894428152492,32,available
Qwen,Expert-choice change,fixed_v8_composite_2,44,2,early,0.4123900293255131,0.3361436950146627,32,available
Qwen,Expert-choice change,fixed_v8_composite_2,44,3,early,0.3093841642228738,0.2052785923753665,32,available
Qwen,Expert-choice change,fixed_v8_composite_2,44,4,middle,0.2976539589442815,0.1352639296187683,32,available
Qwen,Expert-choice change,fixed_v8_composite_2,44,5,middle,0.3203812316715542,0.2100439882697947,32,available
Qwen,Expert-choice change,fixed_v8_composite_2,44,6,middle,0.282258064516129,0.1414956011730205,32,available
Qwen,Expert-choice change,fixed_v8_composite_2,44,7,middle,0.3797653958944281,0.2606304985337243,32,available
Qwen,Expert-choice change,fixed_v8_composite_2,44,8,late,0.3328445747800586,0.2562316715542522,32,available
Qwen,Expert-choice change,fixed_v8_composite_2,44,9,late,0.3196480938416422,0.1836510263929618,32,available
Qwen,Expert-choice change,fixed_v8_composite_2,44,10,late,0.282258064516129,0.188782991202346,32,available
Qwen,Expert-choice change,fixed_v8_composite_2,44,11,late,0.3255131964809384,0.1766862170087976,32,available
Qwen,Expert-choice change,fixed_v8_composite_2,45,0,early,0.12683284457478,-0.0135630498533724,32,available
Qwen,Expert-choice change,fixed_v8_composite_2,45,1,early,0.0711143695014662,-0.0311583577712609,32,available
Qwen,Expert-choice change,fixed_v8_composite_2,45,2,early,0.2265395894428152,0.0861436950146627,32,available
Qwen,Expert-choice change,fixed_v8_composite_2,45,3,early,0.1565249266862169,0.032991202346041,32,available
Qwen,Expert-choice change,fixed_v8_composite_2,45,4,middle,0.1730205278592375,-0.0036656891495601,32,available
Qwen,Expert-choice change,fixed_v8_composite_2,45,5,middle,0.1869501466275659,0.0571847507331378,32,available
Qwen,Expert-choice change,fixed_v8_composite_2,45,6,middle,0.1217008797653958,-0.0054985337243401,32,available
Qwen,Expert-choice change,fixed_v8_composite_2,45,7,middle,0.2624633431085044,0.1447947214076246,32,available
Qwen,Expert-choice change,fixed_v8_composite_2,45,8,late,0.0667155425219941,-0.0487536656891495,32,available
Qwen,Expert-choice change,fixed_v8_composite_2,45,9,late,0.1044721407624633,-0.033724340175953,32,available
Qwen,Expert-choice change,fixed_v8_composite_2,45,10,late,0.12683284457478,0.0102639296187683,32,available
Qwen,Expert-choice change,fixed_v8_composite_2,45,11,late,0.1396627565982404,0.0450879765395894,32,available
Qwen,Expert-choice change,fixed_v8_composite_2,46,0,early,0.2063782991202346,0.1972140762463343,32,available
Qwen,Expert-choice change,fixed_v8_composite_2,46,1,early,0.1176686217008797,0.1107038123167155,32,available
Qwen,Expert-choice change,fixed_v8_composite_2,46,2,early,0.2060117302052785,0.2023460410557184,32,available
Qwen,Expert-choice change,fixed_v8_composite_2,46,3,early,0.2305718475073313,0.2049120234604105,32,available
Qwen,Expert-choice change,fixed_v8_composite_2,46,4,middle,0.0461876832844574,-0.0571847507331378,32,available
Qwen,Expert-choice change,fixed_v8_composite_2,46,5,middle,0.2507331378299119,0.189149560117302,32,available
Qwen,Expert-choice change,fixed_v8_composite_2,46,6,middle,0.1645894428152492,0.1638563049853372,32,available
Qwen,Expert-choice change,fixed_v8_composite_2,46,7,middle,0.2137096774193548,0.1660557184750733,32,available
Qwen,Expert-choice change,fixed_v8_composite_2,46,8,late,0.1052052785923753,0.1184017595307917,32,available
Qwen,Expert-choice change,fixed_v8_composite_2,46,9,late,0.1777859237536656,0.1726539589442815,32,available
Qwen,Expert-choice change,fixed_v8_composite_2,46,10,late,0.1810850439882697,0.1378299120234604,32,available
Qwen,Expert-choice change,fixed_v8_composite_2,46,11,late,0.1429618768328445,0.1774193548387096,32,available
Qwen,Expert-choice change,fixed_v8_composite_2,47,0,early,0.2437683284457477,0.3592375366568914,32,available
Qwen,Expert-choice change,fixed_v8_composite_2,47,1,early,0.0579178885630498,0.3262463343108503,32,available
Qwen,Expert-choice change,fixed_v8_composite_2,47,2,early,0.1022727272727272,0.282258064516129,32,available
Qwen,Expert-choice change,fixed_v8_composite_2,47,3,early,0.1759530791788856,0.3233137829912023,32,available
Qwen,Expert-choice change,fixed_v8_composite_2,47,4,middle,0.1337976539589442,0.2327712609970674,32,available
Qwen,Expert-choice change,fixed_v8_composite_2,47,5,middle,0.1840175953079178,0.315982404692082,32,available
Qwen,Expert-choice change,fixed_v8_composite_2,47,6,middle,0.1770527859237536,0.3181818181818181,32,available
Qwen,Expert-choice change,fixed_v8_composite_2,47,7,middle,0.2353372434017595,0.2851906158357771,32,available
Qwen,Expert-choice change,fixed_v8_composite_2,47,8,late,0.156891495601173,0.2580645161290322,32,available
Qwen,Expert-choice change,fixed_v8_composite_2,47,9,late,0.187683284457478,0.2994868035190616,32,available
Qwen,Expert-choice change,fixed_v8_composite_2,47,10,late,0.1440615835777126,0.2925219941348973,32,available
Qwen,Expert-choice change,fixed_v8_composite_2,47,11,late,0.2093108504398826,0.4116568914956011,32,available
Qwen,Hidden-state shift,fixed_v8_composite_3,0,0,early,0.1462609970674486,-0.0604838709677419,32,available
Qwen,Hidden-state shift,fixed_v8_composite_3,0,1,early,0.1653225806451612,-0.189516129032258,32,available
Qwen,Hidden-state shift,fixed_v8_composite_3,0,2,early,0.3500733137829911,0.0883431085043988,32,available
Qwen,Hidden-state shift,fixed_v8_composite_3,0,3,early,0.3042521994134897,0.0458211143695014,32,available
Qwen,Hidden-state shift,fixed_v8_composite_3,0,4,middle,0.3218475073313782,0.1491935483870967,32,available
Qwen,Hidden-state shift,fixed_v8_composite_3,0,5,middle,0.3739002932551319,0.0788123167155425,32,available
Qwen,Hidden-state shift,fixed_v8_composite_3,0,6,middle,0.1832844574780058,-0.0560850439882697,32,available
Qwen,Hidden-state shift,fixed_v8_composite_3,0,7,middle,0.314516129032258,0.1048387096774193,32,available
Qwen,Hidden-state shift,fixed_v8_composite_3,0,8,late,0.1935483870967741,-0.0172287390029325,32,available
Qwen,Hidden-state shift,fixed_v8_composite_3,0,9,late,0.282991202346041,0.00183284457478,32,available
Qwen,Hidden-state shift,fixed_v8_composite_3,0,10,late,0.2353372434017595,0.00183284457478,32,available
Qwen,Hidden-state shift,fixed_v8_composite_3,0,11,late,0.31524926686217,0.1246334310850439,32,available
Qwen,Hidden-state shift,fixed_v8_composite_3,1,0,early,-0.032258064516129,-0.1554252199413489,32,available
Qwen,Hidden-state shift,fixed_v8_composite_3,1,1,early,-0.0091642228739002,-0.1711876832844574,32,available
Qwen,Hidden-state shift,fixed_v8_composite_3,1,2,early,0.1030058651026392,-0.0865102639296187,32,available
Qwen,Hidden-state shift,fixed_v8_composite_3,1,3,early,0.0982404692082111,-0.0623167155425219,32,available
Qwen,Hidden-state shift,fixed_v8_composite_3,1,4,middle,0.0527859237536656,-0.1359970674486803,32,available
Qwen,Hidden-state shift,fixed_v8_composite_3,1,5,middle,0.1686217008797653,-0.0058651026392961,32,available
Qwen,Hidden-state shift,fixed_v8_composite_3,1,6,middle,0.0751466275659824,-0.0087976539589442,32,available
Qwen,Hidden-state shift,fixed_v8_composite_3,1,7,middle,0.094941348973607,-0.0403225806451612,32,available
Qwen,Hidden-state shift,fixed_v8_composite_3,1,8,late,0.0736803519061583,0.0098973607038123,32,available
Qwen,Hidden-state shift,fixed_v8_composite_3,1,9,late,0.0810117302052785,-0.0403225806451612,32,available
Qwen,Hidden-state shift,fixed_v8_composite_3,1,10,late,-0.000366568914956,-0.0791788856304985,32,available
Qwen,Hidden-state shift,fixed_v8_composite_3,1,11,late,0.0663489736070381,-0.0780791788856304,32,available
Qwen,Hidden-state shift,fixed_v8_composite_3,2,0,early,0.0428885630498533,0.0993401759530791,32,available
Qwen,Hidden-state shift,fixed_v8_composite_3,2,1,early,-0.1389296187683284,-0.0791788856304985,32,available
Qwen,Hidden-state shift,fixed_v8_composite_3,2,2,early,0.0164956011730205,0.0762463343108504,32,available
Qwen,Hidden-state shift,fixed_v8_composite_3,2,3,early,0.0707478005865102,0.1649560117302052,32,available
Qwen,Hidden-state shift,fixed_v8_composite_3,2,4,middle,-0.0355571847507331,-0.0553519061583577,32,available
Qwen,Hidden-state shift,fixed_v8_composite_3,2,5,middle,0.1125366568914955,0.1851173020527859,32,available
Qwen,Hidden-state shift,fixed_v8_composite_3,2,6,middle,0.032624633431085,0.063049853372434,32,available
Qwen,Hidden-state shift,fixed_v8_composite_3,2,7,middle,0.0857771260997067,0.0821114369501466,32,available
Qwen,Hidden-state shift,fixed_v8_composite_3,2,8,late,0.0388563049853372,0.1759530791788856,32,available
Qwen,Hidden-state shift,fixed_v8_composite_3,2,9,late,0.0454545454545454,0.0494868035190615,32,available
Qwen,Hidden-state shift,fixed_v8_composite_3,2,10,late,-0.0612170087976539,0.0784457478005865,32,available
Qwen,Hidden-state shift,fixed_v8_composite_3,2,11,late,0.0487536656891495,0.0421554252199413,32,available
Qwen,Hidden-state shift,fixed_v8_composite_3,3,0,early,0.0208944281524926,0.1389296187683284,32,available
Qwen,Hidden-state shift,fixed_v8_composite_3,3,1,early,-0.1686217008797653,-0.0146627565982404,32,available
Qwen,Hidden-state shift,fixed_v8_composite_3,3,2,early,-0.0619501466275659,0.0777126099706744,32,available
Qwen,Hidden-state shift,fixed_v8_composite_3,3,3,early,0.0117302052785923,0.187316715542522,32,available
Qwen,Hidden-state shift,fixed_v8_composite_3,3,4,middle,-0.0421554252199413,0.0161290322580645,32,available
Qwen,Hidden-state shift,fixed_v8_composite_3,3,5,middle,0.0663489736070381,0.2639296187683284,32,available
Qwen,Hidden-state shift,fixed_v8_composite_3,3,6,middle,0.0520527859237536,0.1436950146627565,32,available
Qwen,Hidden-state shift,fixed_v8_composite_3,3,7,middle,0.0817448680351906,0.159090909090909,32,available
Qwen,Hidden-state shift,fixed_v8_composite_3,3,8,late,-0.0135630498533724,0.1759530791788856,32,available
Qwen,Hidden-state shift,fixed_v8_composite_3,3,9,late,-0.0197947214076246,0.0498533724340175,32,available
Qwen,Hidden-state shift,fixed_v8_composite_3,3,10,late,-0.0975073313782991,0.1063049853372434,32,available
Qwen,Hidden-state shift,fixed_v8_composite_3,3,11,late,-0.0120967741935483,0.0722140762463343,32,available
Qwen,Hidden-state shift,fixed_v8_composite_3,4,0,early,-0.0692815249266862,0.1653225806451612,32,available
Qwen,Hidden-state shift,fixed_v8_composite_3,4,1,early,-0.2851906158357771,-0.0095307917888563,32,available
Qwen,Hidden-state shift,fixed_v8_composite_3,4,2,early,-0.1535923753665689,0.0579178885630498,32,available
Qwen,Hidden-state shift,fixed_v8_composite_3,4,3,early,-0.1048387096774193,0.1862170087976539,32,available
Qwen,Hidden-state shift,fixed_v8_composite_3,4,4,middle,-0.1510263929618768,-0.0102639296187683,32,available
Qwen,Hidden-state shift,fixed_v8_composite_3,4,5,middle,-0.0414222873900293,0.2888563049853372,32,available
Qwen,Hidden-state shift,fixed_v8_composite_3,4,6,middle,-0.06341642228739,0.1359970674486803,32,available
Qwen,Hidden-state shift,fixed_v8_composite_3,4,7,middle,-0.0172287390029325,0.1865835777126099,32,available
Qwen,Hidden-state shift,fixed_v8_composite_3,4,8,late,-0.1231671554252199,0.2041788856304985,32,available
Qwen,Hidden-state shift,fixed_v8_composite_3,4,9,late,-0.1165689149560117,0.0813782991202346,32,available
Qwen,Hidden-state shift,fixed_v8_composite_3,4,10,late,-0.2360703812316715,0.1561583577712609,32,available
Qwen,Hidden-state shift,fixed_v8_composite_3,4,11,late,-0.1081378299120234,0.1041055718475073,32,available
Qwen,Hidden-state shift,fixed_v8_composite_3,5,0,early,-0.0850439882697947,0.1700879765395894,32,available
Qwen,Hidden-state shift,fixed_v8_composite_3,5,1,early,-0.3757331378299119,-0.0194281524926686,32,available
Qwen,Hidden-state shift,fixed_v8_composite_3,5,2,early,-0.1620234604105571,0.0975073313782991,32,available
Qwen,Hidden-state shift,fixed_v8_composite_3,5,3,early,-0.1528592375366569,0.1953812316715542,32,available
Qwen,Hidden-state shift,fixed_v8_composite_3,5,4,middle,-0.1704545454545454,0.0344574780058651,32,available
Qwen,Hidden-state shift,fixed_v8_composite_3,5,5,middle,-0.1077712609970674,0.314149560117302,32,available
Qwen,Hidden-state shift,fixed_v8_composite_3,5,6,middle,-0.1140029325513196,0.1392961876832844,32,available
Qwen,Hidden-state shift,fixed_v8_composite_3,5,7,middle,-0.064149560117302,0.2155425219941348,32,available
Qwen,Hidden-state shift,fixed_v8_composite_3,5,8,late,-0.1766862170087976,0.187316715542522,32,available
Qwen,Hidden-state shift,fixed_v8_composite_3,5,9,late,-0.1411290322580645,0.0828445747800586,32,available
Qwen,Hidden-state shift,fixed_v8_composite_3,5,10,late,-0.2936217008797654,0.1418621700879765,32,available
Qwen,Hidden-state shift,fixed_v8_composite_3,5,11,late,-0.1660557184750733,0.1037390029325513,32,available
Qwen,Hidden-state shift,fixed_v8_composite_3,6,0,early,-0.0876099706744867,0.2261730205278592,32,available
Qwen,Hidden-state shift,fixed_v8_composite_3,6,1,early,-0.3720674486803519,-0.0172287390029325,32,available
Qwen,Hidden-state shift,fixed_v8_composite_3,6,2,early,-0.157991202346041,0.1367302052785923,32,available
Qwen,Hidden-state shift,fixed_v8_composite_3,6,3,early,-0.1510263929618768,0.2096774193548386,32,available
Qwen,Hidden-state shift,fixed_v8_composite_3,6,4,middle,-0.1675219941348973,0.0663489736070381,32,available
Qwen,Hidden-state shift,fixed_v8_composite_3,6,5,middle,-0.1143695014662756,0.314516129032258,32,available
Qwen,Hidden-state shift,fixed_v8_composite_3,6,6,middle,-0.1473607038123167,0.1381964809384163,32,available
Qwen,Hidden-state shift,fixed_v8_composite_3,6,7,middle,-0.0590175953079178,0.2228739002932551,32,available
Qwen,Hidden-state shift,fixed_v8_composite_3,6,8,late,-0.1957478005865102,0.1491935483870967,32,available
Qwen,Hidden-state shift,fixed_v8_composite_3,6,9,late,-0.1704545454545454,0.06524926686217,32,available
Qwen,Hidden-state shift,fixed_v8_composite_3,6,10,late,-0.3027859237536657,0.1158357771260997,32,available
Qwen,Hidden-state shift,fixed_v8_composite_3,6,11,late,-0.1748533724340175,0.1125366568914955,32,available
Qwen,Hidden-state shift,fixed_v8_composite_3,7,0,early,-0.0421554252199413,0.2093108504398826,32,available
Qwen,Hidden-state shift,fixed_v8_composite_3,7,1,early,-0.2866568914956011,0.0304252199413489,32,available
Qwen,Hidden-state shift,fixed_v8_composite_3,7,2,early,-0.1121700879765395,0.1407624633431085,32,available
Qwen,Hidden-state shift,fixed_v8_composite_3,7,3,early,-0.0700146627565982,0.2151759530791788,32,available
Qwen,Hidden-state shift,fixed_v8_composite_3,7,4,middle,-0.1066715542521994,0.0608504398826979,32,available
Qwen,Hidden-state shift,fixed_v8_composite_3,7,5,middle,-0.0491202346041055,0.2903225806451612,32,available
Qwen,Hidden-state shift,fixed_v8_composite_3,7,6,middle,-0.1066715542521994,0.1132697947214076,32,available
Qwen,Hidden-state shift,fixed_v8_composite_3,7,7,middle,-0.0040322580645161,0.1645894428152492,32,available
Qwen,Hidden-state shift,fixed_v8_composite_3,7,8,late,-0.1645894428152492,0.0920087976539589,32,available
Qwen,Hidden-state shift,fixed_v8_composite_3,7,9,late,-0.1414956011730205,0.0447214076246334,32,available
Qwen,Hidden-state shift,fixed_v8_composite_3,7,10,late,-0.2104105571847507,0.1297653958944281,32,available
Qwen,Hidden-state shift,fixed_v8_composite_3,7,11,late,-0.1030058651026392,0.1392961876832844,32,available
Qwen,Hidden-state shift,fixed_v8_composite_3,8,0,early,-0.1176686217008797,0.1532258064516128,32,available
Qwen,Hidden-state shift,fixed_v8_composite_3,8,1,early,-0.3244134897360703,0.0516862170087976,32,available
Qwen,Hidden-state shift,fixed_v8_composite_3,8,2,early,-0.1121700879765395,0.1964809384164222,32,available
Qwen,Hidden-state shift,fixed_v8_composite_3,8,3,early,-0.1195014662756598,0.2430351906158357,32,available
Qwen,Hidden-state shift,fixed_v8_composite_3,8,4,middle,-0.1484604105571847,0.094574780058651,32,available
Qwen,Hidden-state shift,fixed_v8_composite_3,8,5,middle,-0.0978739002932551,0.282624633431085,32,available
Qwen,Hidden-state shift,fixed_v8_composite_3,8,6,middle,-0.1359970674486803,0.1378299120234604,32,available
Qwen,Hidden-state shift,fixed_v8_composite_3,8,7,middle,-0.0373900293255131,0.1796187683284457,32,available
Qwen,Hidden-state shift,fixed_v8_composite_3,8,8,late,-0.1348973607038123,0.1821847507331378,32,available
Qwen,Hidden-state shift,fixed_v8_composite_3,8,9,late,-0.1550586510263929,0.0887096774193548,32,available
Qwen,Hidden-state shift,fixed_v8_composite_3,8,10,late,-0.2294721407624632,0.1825513196480938,32,available
Qwen,Hidden-state shift,fixed_v8_composite_3,8,11,late,-0.1286656891495601,0.1158357771260997,32,available
Qwen,Hidden-state shift,fixed_v8_composite_3,9,0,early,-0.2126099706744868,0.0439882697947214,32,available
Qwen,Hidden-state shift,fixed_v8_composite_3,9,1,early,-0.3870967741935483,-0.0447214076246334,32,available
Qwen,Hidden-state shift,fixed_v8_composite_3,9,2,early,-0.222140762463343,0.064149560117302,32,available
Qwen,Hidden-state shift,fixed_v8_composite_3,9,3,early,-0.2349706744868035,0.1209677419354838,32,available
Qwen,Hidden-state shift,fixed_v8_composite_3,9,4,middle,-0.2401026392961876,-0.0557184750733137,32,available
Qwen,Hidden-state shift,fixed_v8_composite_3,9,5,middle,-0.2060117302052785,0.2005131964809384,32,available
Qwen,Hidden-state shift,fixed_v8_composite_3,9,6,middle,-0.2038123167155424,0.0179618768328445,32,available
Qwen,Hidden-state shift,fixed_v8_composite_3,9,7,middle,-0.1242668621700879,0.1044721407624633,32,available
Qwen,Hidden-state shift,fixed_v8_composite_3,9,8,late,-0.1807184750733137,0.1304985337243401,32,available
Qwen,Hidden-state shift,fixed_v8_composite_3,9,9,late,-0.2269061583577712,-0.0032991202346041,32,available
Qwen,Hidden-state shift,fixed_v8_composite_3,9,10,late,-0.347507331378299,0.0740469208211143,32,available
Qwen,Hidden-state shift,fixed_v8_composite_3,9,11,late,-0.1939149560117301,0.0509530791788856,32,available
Qwen,Hidden-state shift,fixed_v8_composite_3,10,0,early,-0.1979472140762463,0.0505865102639296,32,available
Qwen,Hidden-state shift,fixed_v8_composite_3,10,1,early,-0.3214809384164222,0.032258064516129,32,available
Qwen,Hidden-state shift,fixed_v8_composite_3,10,2,early,-0.1605571847507331,0.1308651026392961,32,available
Qwen,Hidden-state shift,fixed_v8_composite_3,10,3,early,-0.2261730205278592,0.159457478005865,32,available
Qwen,Hidden-state shift,fixed_v8_composite_3,10,4,middle,-0.1920821114369501,-0.000733137829912,32,available
Qwen,Hidden-state shift,fixed_v8_composite_3,10,5,middle,-0.1638563049853372,0.2283724340175953,32,available
Qwen,Hidden-state shift,fixed_v8_composite_3,10,6,middle,-0.1620234604105571,0.0557184750733137,32,available
Qwen,Hidden-state shift,fixed_v8_composite_3,10,7,middle,-0.0773460410557184,0.1645894428152492,32,available
Qwen,Hidden-state shift,fixed_v8_composite_3,10,8,late,-0.095674486803519,0.2137096774193548,32,available
Qwen,Hidden-state shift,fixed_v8_composite_3,10,9,late,-0.1741202346041055,0.0725806451612903,32,available
Qwen,Hidden-state shift,fixed_v8_composite_3,10,10,late,-0.316348973607038,0.1246334310850439,32,available
Qwen,Hidden-state shift,fixed_v8_composite_3,10,11,late,-0.126466275659824,0.1301319648093841,32,available
Qwen,Hidden-state shift,fixed_v8_composite_3,11,0,early,-0.1649560117302052,0.0058651026392961,32,available
Qwen,Hidden-state shift,fixed_v8_composite_3,11,1,early,-0.3251466275659824,0.0593841642228738,32,available
Qwen,Hidden-state shift,fixed_v8_composite_3,11,2,early,-0.1440615835777126,0.1649560117302052,32,available
Qwen,Hidden-state shift,fixed_v8_composite_3,11,3,early,-0.2030791788856304,0.1433284457478005,32,available
Qwen,Hidden-state shift,fixed_v8_composite_3,11,4,middle,-0.1697214076246334,-0.0135630498533724,32,available
Qwen,Hidden-state shift,fixed_v8_composite_3,11,5,middle,-0.159457478005865,0.2085777126099706,32,available
Qwen,Hidden-state shift,fixed_v8_composite_3,11,6,middle,-0.1367302052785923,0.0901759530791788,32,available
Qwen,Hidden-state shift,fixed_v8_composite_3,11,7,middle,-0.0714809384164222,0.1510263929618768,32,available
Qwen,Hidden-state shift,fixed_v8_composite_3,11,8,late,-0.0971407624633431,0.2283724340175953,32,available
Qwen,Hidden-state shift,fixed_v8_composite_3,11,9,late,-0.1510263929618768,0.1019061583577712,32,available
Qwen,Hidden-state shift,fixed_v8_composite_3,11,10,late,-0.3299120234604105,0.0685483870967741,32,available
Qwen,Hidden-state shift,fixed_v8_composite_3,11,11,late,-0.1195014662756598,0.1169354838709677,32,available
Qwen,Hidden-state shift,fixed_v8_composite_3,12,0,early,-0.1623900293255131,0.0164956011730205,32,available
Qwen,Hidden-state shift,fixed_v8_composite_3,12,1,early,-0.3130498533724339,0.0810117302052785,32,available
Qwen,Hidden-state shift,fixed_v8_composite_3,12,2,early,-0.1286656891495601,0.1807184750733137,32,available
Qwen,Hidden-state shift,fixed_v8_composite_3,12,3,early,-0.2104105571847507,0.1319648093841642,32,available
Qwen,Hidden-state shift,fixed_v8_composite_3,12,4,middle,-0.157624633431085,0.0238269794721407,32,available
Qwen,Hidden-state shift,fixed_v8_composite_3,12,5,middle,-0.1411290322580645,0.2415689149560117,32,available
Qwen,Hidden-state shift,fixed_v8_composite_3,12,6,middle,-0.1173020527859237,0.1107038123167155,32,available
Qwen,Hidden-state shift,fixed_v8_composite_3,12,7,middle,-0.0744134897360703,0.1521260997067448,32,available
Qwen,Hidden-state shift,fixed_v8_composite_3,12,8,late,-0.0857771260997067,0.249633431085044,32,available
Qwen,Hidden-state shift,fixed_v8_composite_3,12,9,late,-0.1491935483870967,0.1125366568914955,32,available
Qwen,Hidden-state shift,fixed_v8_composite_3,12,10,late,-0.3258797653958943,0.0894428152492668,32,available
Qwen,Hidden-state shift,fixed_v8_composite_3,12,11,late,-0.127565982404692,0.1337976539589442,32,available
Qwen,Hidden-state shift,fixed_v8_composite_3,13,0,early,-0.1653225806451612,0.0476539589442815,32,available
Qwen,Hidden-state shift,fixed_v8_composite_3,13,1,early,-0.3244134897360703,0.0806451612903225,32,available
Qwen,Hidden-state shift,fixed_v8_composite_3,13,2,early,-0.1367302052785923,0.1862170087976539,32,available
Qwen,Hidden-state shift,fixed_v8_composite_3,13,3,early,-0.219208211143695,0.1246334310850439,32,available
Qwen,Hidden-state shift,fixed_v8_composite_3,13,4,middle,-0.1741202346041055,0.0069648093841642,32,available
Qwen,Hidden-state shift,fixed_v8_composite_3,13,5,middle,-0.1675219941348973,0.2551319648093841,32,available
Qwen,Hidden-state shift,fixed_v8_composite_3,13,6,middle,-0.1334310850439882,0.1235337243401759,32,available
Qwen,Hidden-state shift,fixed_v8_composite_3,13,7,middle,-0.0912756598240469,0.1649560117302052,32,available
Qwen,Hidden-state shift,fixed_v8_composite_3,13,8,late,-0.1074046920821114,0.2371700879765395,32,available
Qwen,Hidden-state shift,fixed_v8_composite_3,13,9,late,-0.1433284457478005,0.1319648093841642,32,available
Qwen,Hidden-state shift,fixed_v8_composite_3,13,10,late,-0.3387096774193548,0.0810117302052785,32,available
Qwen,Hidden-state shift,fixed_v8_composite_3,13,11,late,-0.125,0.1228005865102639,32,available
Qwen,Hidden-state shift,fixed_v8_composite_3,14,0,early,-0.1063049853372434,0.128299120234604,32,available
Qwen,Hidden-state shift,fixed_v8_composite_3,14,1,early,-0.2749266862170087,0.1326979472140762,32,available
Qwen,Hidden-state shift,fixed_v8_composite_3,14,2,early,-0.0920087976539589,0.2921554252199413,32,available
Qwen,Hidden-state shift,fixed_v8_composite_3,14,3,early,-0.1777859237536656,0.2173753665689149,32,available
Qwen,Hidden-state shift,fixed_v8_composite_3,14,4,middle,-0.128299120234604,0.0989736070381231,32,available
Qwen,Hidden-state shift,fixed_v8_composite_3,14,5,middle,-0.1085043988269794,0.3346774193548387,32,available
Qwen,Hidden-state shift,fixed_v8_composite_3,14,6,middle,-0.1022727272727272,0.1741202346041055,32,available
Qwen,Hidden-state shift,fixed_v8_composite_3,14,7,middle,-0.0491202346041055,0.2261730205278592,32,available
Qwen,Hidden-state shift,fixed_v8_composite_3,14,8,late,-0.0615835777126099,0.3170821114369501,32,available
Qwen,Hidden-state shift,fixed_v8_composite_3,14,9,late,-0.0978739002932551,0.2401026392961876,32,available
Qwen,Hidden-state shift,fixed_v8_composite_3,14,10,late,-0.3079178885630498,0.159457478005865,32,available
Qwen,Hidden-state shift,fixed_v8_composite_3,14,11,late,-0.0872434017595307,0.2188416422287389,32,available
Qwen,Hidden-state shift,fixed_v8_composite_3,15,0,early,-0.0703812316715542,0.1722873900293255,32,available
Qwen,Hidden-state shift,fixed_v8_composite_3,15,1,early,-0.252199413489736,0.1642228739002932,32,available
Qwen,Hidden-state shift,fixed_v8_composite_3,15,2,early,-0.0604838709677419,0.3104838709677419,32,available
Qwen,Hidden-state shift,fixed_v8_composite_3,15,3,early,-0.1359970674486803,0.2613636363636363,32,available
Qwen,Hidden-state shift,fixed_v8_composite_3,15,4,middle,-0.0865102639296187,0.1077712609970674,32,available
Qwen,Hidden-state shift,fixed_v8_composite_3,15,5,middle,-0.0846774193548387,0.3229472140762462,32,available
Qwen,Hidden-state shift,fixed_v8_composite_3,15,6,middle,-0.0450879765395894,0.2291055718475072,32,available
Qwen,Hidden-state shift,fixed_v8_composite_3,15,7,middle,-0.0216275659824046,0.2382697947214076,32,available
Qwen,Hidden-state shift,fixed_v8_composite_3,15,8,late,-0.033357771260997,0.3068181818181817,32,available
Qwen,Hidden-state shift,fixed_v8_composite_3,15,9,late,-0.0608504398826979,0.2609970674486803,32,available
Qwen,Hidden-state shift,fixed_v8_composite_3,15,10,late,-0.2752932551319648,0.1370967741935483,32,available
Qwen,Hidden-state shift,fixed_v8_composite_3,15,11,late,-0.0575513196480938,0.2236070381231671,32,available
Qwen,Hidden-state shift,fixed_v8_composite_3,16,0,early,-0.0740469208211143,0.1554252199413489,32,available
Qwen,Hidden-state shift,fixed_v8_composite_3,16,1,early,-0.2283724340175953,0.2613636363636363,32,available
Qwen,Hidden-state shift,fixed_v8_composite_3,16,2,early,-0.0443548387096774,0.4310850439882697,32,available
Qwen,Hidden-state shift,fixed_v8_composite_3,16,3,early,-0.1407624633431085,0.2906891495601172,32,available
Qwen,Hidden-state shift,fixed_v8_composite_3,16,4,middle,-0.0674486803519061,0.2584310850439882,32,available
Qwen,Hidden-state shift,fixed_v8_composite_3,16,5,middle,-0.0692815249266862,0.4314516129032257,32,available
Qwen,Hidden-state shift,fixed_v8_composite_3,16,6,middle,-0.0370234604105571,0.3027859237536657,32,available
Qwen,Hidden-state shift,fixed_v8_composite_3,16,7,middle,-0.0249266862170087,0.3002199413489735,32,available
Qwen,Hidden-state shift,fixed_v8_composite_3,16,8,late,-0.0307917888563049,0.4050586510263929,32,available
Qwen,Hidden-state shift,fixed_v8_composite_3,16,9,late,-0.0531524926686217,0.3310117302052786,32,available
Qwen,Hidden-state shift,fixed_v8_composite_3,16,10,late,-0.2679618768328445,0.2382697947214076,32,available
Qwen,Hidden-state shift,fixed_v8_composite_3,16,11,late,-0.0553519061583577,0.3020527859237536,32,available
Qwen,Hidden-state shift,fixed_v8_composite_3,17,0,early,-0.0887096774193548,0.158357771260997,32,available
Qwen,Hidden-state shift,fixed_v8_composite_3,17,1,early,-0.249633431085044,0.2239736070381231,32,available
Qwen,Hidden-state shift,fixed_v8_composite_3,17,2,early,-0.0557184750733137,0.37866568914956,32,available
Qwen,Hidden-state shift,fixed_v8_composite_3,17,3,early,-0.1660557184750733,0.2437683284457477,32,available
Qwen,Hidden-state shift,fixed_v8_composite_3,17,4,middle,-0.0909090909090909,0.2415689149560117,32,available
Qwen,Hidden-state shift,fixed_v8_composite_3,17,5,middle,-0.0982404692082111,0.375,32,available
Qwen,Hidden-state shift,fixed_v8_composite_3,17,6,middle,-0.0458211143695014,0.2862903225806451,32,available
Qwen,Hidden-state shift,fixed_v8_composite_3,17,7,middle,-0.0410557184750733,0.253299120234604,32,available
Qwen,Hidden-state shift,fixed_v8_composite_3,17,8,late,-0.0678152492668621,0.3225806451612903,32,available
Qwen,Hidden-state shift,fixed_v8_composite_3,17,9,late,-0.0799120234604105,0.2664956011730205,32,available
Qwen,Hidden-state shift,fixed_v8_composite_3,17,10,late,-0.2921554252199413,0.1840175953079178,32,available
Qwen,Hidden-state shift,fixed_v8_composite_3,17,11,late,-0.0623167155425219,0.2749266862170087,32,available
Qwen,Hidden-state shift,fixed_v8_composite_3,18,0,early,-0.1088709677419354,0.1829178885630498,32,available
Qwen,Hidden-state shift,fixed_v8_composite_3,18,1,early,-0.2642961876832844,0.2793255131964808,32,available
Qwen,Hidden-state shift,fixed_v8_composite_3,18,2,early,-0.0692815249266862,0.4347507331378298,32,available
Qwen,Hidden-state shift,fixed_v8_composite_3,18,3,early,-0.1917155425219941,0.2624633431085044,32,available
Qwen,Hidden-state shift,fixed_v8_composite_3,18,4,middle,-0.1136363636363636,0.2353372434017595,32,available
Qwen,Hidden-state shift,fixed_v8_composite_3,18,5,middle,-0.1147360703812316,0.4563782991202345,32,available
Qwen,Hidden-state shift,fixed_v8_composite_3,18,6,middle,-0.0876099706744867,0.2811583577712609,32,available
Qwen,Hidden-state shift,fixed_v8_composite_3,18,7,middle,-0.064882697947214,0.2642961876832844,32,available
Qwen,Hidden-state shift,fixed_v8_composite_3,18,8,late,-0.063049853372434,0.3566715542521994,32,available
Qwen,Hidden-state shift,fixed_v8_composite_3,18,9,late,-0.1048387096774193,0.2774926686217008,32,available
Qwen,Hidden-state shift,fixed_v8_composite_3,18,10,late,-0.2903225806451612,0.2342375366568914,32,available
Qwen,Hidden-state shift,fixed_v8_composite_3,18,11,late,-0.0898093841642228,0.3214809384164222,32,available
Qwen,Hidden-state shift,fixed_v8_composite_3,19,0,early,-0.126099706744868,0.1682551319648093,32,available
Qwen,Hidden-state shift,fixed_v8_composite_3,19,1,early,-0.2708944281524926,0.2917888563049853,32,available
Qwen,Hidden-state shift,fixed_v8_composite_3,19,2,early,-0.0740469208211143,0.4497800586510263,32,available
Qwen,Hidden-state shift,fixed_v8_composite_3,19,3,early,-0.1825513196480938,0.3093841642228738,32,available
Qwen,Hidden-state shift,fixed_v8_composite_3,19,4,middle,-0.1030058651026392,0.2789589442815249,32,available
Qwen,Hidden-state shift,fixed_v8_composite_3,19,5,middle,-0.1253665689149559,0.4556451612903225,32,available
Qwen,Hidden-state shift,fixed_v8_composite_3,19,6,middle,-0.0934750733137829,0.3079178885630498,32,available
Qwen,Hidden-state shift,fixed_v8_composite_3,19,7,middle,-0.0810117302052785,0.2910557184750733,32,available
Qwen,Hidden-state shift,fixed_v8_composite_3,19,8,late,-0.0843108504398826,0.3493401759530791,32,available
Qwen,Hidden-state shift,fixed_v8_composite_3,19,9,late,-0.1011730205278592,0.3266129032258064,32,available
Qwen,Hidden-state shift,fixed_v8_composite_3,19,10,late,-0.2543988269794721,0.3115835777126099,32,available
Qwen,Hidden-state shift,fixed_v8_composite_3,19,11,late,-0.0854105571847507,0.3365102639296187,32,available
Qwen,Hidden-state shift,fixed_v8_composite_3,20,0,early,-0.1235337243401759,0.1088709677419354,32,available
Qwen,Hidden-state shift,fixed_v8_composite_3,20,1,early,-0.251466275659824,0.31341642228739,32,available
Qwen,Hidden-state shift,fixed_v8_composite_3,20,2,early,-0.0472873900293255,0.4431818181818181,32,available
Qwen,Hidden-state shift,fixed_v8_composite_3,20,3,early,-0.1777859237536656,0.2994868035190616,32,available
Qwen,Hidden-state shift,fixed_v8_composite_3,20,4,middle,-0.096774193548387,0.2752932551319648,32,available
Qwen,Hidden-state shift,fixed_v8_composite_3,20,5,middle,-0.1392961876832844,0.3896627565982404,32,available
Qwen,Hidden-state shift,fixed_v8_composite_3,20,6,middle,-0.0524193548387096,0.2947214076246334,32,available
Qwen,Hidden-state shift,fixed_v8_composite_3,20,7,middle,-0.0604838709677419,0.2848240469208211,32,available
Qwen,Hidden-state shift,fixed_v8_composite_3,20,8,late,-0.0557184750733137,0.3357771260997067,32,available
Qwen,Hidden-state shift,fixed_v8_composite_3,20,9,late,-0.0795454545454545,0.3200146627565982,32,available
Qwen,Hidden-state shift,fixed_v8_composite_3,20,10,late,-0.2463343108504398,0.315615835777126,32,available
Qwen,Hidden-state shift,fixed_v8_composite_3,20,11,late,-0.0612170087976539,0.3504398826979471,32,available
Qwen,Hidden-state shift,fixed_v8_composite_3,21,0,early,-0.1367302052785923,0.0619501466275659,32,available
Qwen,Hidden-state shift,fixed_v8_composite_3,21,1,early,-0.1726539589442815,0.3515395894428151,32,available
Qwen,Hidden-state shift,fixed_v8_composite_3,21,2,early,0.0113636363636363,0.4292521994134897,32,available
Qwen,Hidden-state shift,fixed_v8_composite_3,21,3,early,-0.0909090909090909,0.315982404692082,32,available
Qwen,Hidden-state shift,fixed_v8_composite_3,21,4,middle,-0.0245601173020527,0.2613636363636363,32,available
Qwen,Hidden-state shift,fixed_v8_composite_3,21,5,middle,-0.06524926686217,0.4369501466275659,32,available
Qwen,Hidden-state shift,fixed_v8_composite_3,21,6,middle,-0.0047653958944281,0.2866568914956011,32,available
Qwen,Hidden-state shift,fixed_v8_composite_3,21,7,middle,0.0509530791788856,0.37683284457478,32,available
Qwen,Hidden-state shift,fixed_v8_composite_3,21,8,late,-0.002565982404692,0.4032258064516129,32,available
Qwen,Hidden-state shift,fixed_v8_composite_3,21,9,late,-0.0469208211143695,0.2675953079178885,32,available
Qwen,Hidden-state shift,fixed_v8_composite_3,21,10,late,-0.1928152492668621,0.3053519061583578,32,available
Qwen,Hidden-state shift,fixed_v8_composite_3,21,11,late,0.0175953079178885,0.3299120234604105,32,available
Qwen,Hidden-state shift,fixed_v8_composite_3,22,0,early,-0.0846774193548387,0.0835777126099706,32,available
Qwen,Hidden-state shift,fixed_v8_composite_3,22,1,early,-0.1836510263929618,0.2595307917888563,32,available
Qwen,Hidden-state shift,fixed_v8_composite_3,22,2,early,0.0799120234604105,0.4241202346041055,32,available
Qwen,Hidden-state shift,fixed_v8_composite_3,22,3,early,-0.1022727272727272,0.2811583577712609,32,available
Qwen,Hidden-state shift,fixed_v8_composite_3,22,4,middle,-0.0289589442815249,0.2166422287390029,32,available
Qwen,Hidden-state shift,fixed_v8_composite_3,22,5,middle,-0.0817448680351906,0.2947214076246334,32,available
Qwen,Hidden-state shift,fixed_v8_composite_3,22,6,middle,-0.0095307917888563,0.2324046920821113,32,available
Qwen,Hidden-state shift,fixed_v8_composite_3,22,7,middle,0.0546187683284457,0.3574046920821114,32,available
Qwen,Hidden-state shift,fixed_v8_composite_3,22,8,late,-0.0036656891495601,0.4087243401759531,32,available
Qwen,Hidden-state shift,fixed_v8_composite_3,22,9,late,0.0054985337243401,0.2921554252199413,32,available
Qwen,Hidden-state shift,fixed_v8_composite_3,22,10,late,-0.1968475073313782,0.2397360703812316,32,available
Qwen,Hidden-state shift,fixed_v8_composite_3,22,11,late,0.032624633431085,0.2991202346041055,32,available
Qwen,Hidden-state shift,fixed_v8_composite_3,23,0,early,0.0285923753665689,0.1983137829912023,32,available
Qwen,Hidden-state shift,fixed_v8_composite_3,23,1,early,-0.094208211143695,0.2474340175953078,32,available
Qwen,Hidden-state shift,fixed_v8_composite_3,23,2,early,0.1711876832844574,0.4420821114369501,32,available
Qwen,Hidden-state shift,fixed_v8_composite_3,23,3,early,-0.0098973607038123,0.2705278592375366,32,available
Qwen,Hidden-state shift,fixed_v8_composite_3,23,4,middle,0.0348240469208211,0.2408357771260997,32,available
Qwen,Hidden-state shift,fixed_v8_composite_3,23,5,middle,-0.001466275659824,0.2899560117302052,32,available
Qwen,Hidden-state shift,fixed_v8_composite_3,23,6,middle,0.0898093841642228,0.2628299120234604,32,available
Qwen,Hidden-state shift,fixed_v8_composite_3,23,7,middle,0.1246334310850439,0.3394428152492668,32,available
Qwen,Hidden-state shift,fixed_v8_composite_3,23,8,late,0.0597507331378299,0.3618035190615835,32,available
Qwen,Hidden-state shift,fixed_v8_composite_3,23,9,late,0.1059384164222873,0.3247800586510263,32,available
Qwen,Hidden-state shift,fixed_v8_composite_3,23,10,late,-0.1293988269794721,0.2181085043988269,32,available
Qwen,Hidden-state shift,fixed_v8_composite_3,23,11,late,0.1407624633431085,0.3310117302052786,32,available
Qwen,Hidden-state shift,fixed_v8_composite_3,24,0,early,0.0425219941348973,0.2272727272727272,32,available
Qwen,Hidden-state shift,fixed_v8_composite_3,24,1,early,-0.0835777126099706,0.2811583577712609,32,available
Qwen,Hidden-state shift,fixed_v8_composite_3,24,2,early,0.1939149560117301,0.4736070381231671,32,available
Qwen,Hidden-state shift,fixed_v8_composite_3,24,3,early,0.0054985337243401,0.3255131964809384,32,available
Qwen,Hidden-state shift,fixed_v8_composite_3,24,4,middle,0.0707478005865102,0.2760263929618767,32,available
Qwen,Hidden-state shift,fixed_v8_composite_3,24,5,middle,0.0062316715542521,0.3255131964809384,32,available
Qwen,Hidden-state shift,fixed_v8_composite_3,24,6,middle,0.1180351906158357,0.3218475073313782,32,available
Qwen,Hidden-state shift,fixed_v8_composite_3,24,7,middle,0.1557917888563049,0.4101906158357771,32,available
Qwen,Hidden-state shift,fixed_v8_composite_3,24,8,late,0.0824780058651026,0.4002932551319648,32,available
Qwen,Hidden-state shift,fixed_v8_composite_3,24,9,late,0.1352639296187683,0.3739002932551319,32,available
Qwen,Hidden-state shift,fixed_v8_composite_3,24,10,late,-0.1140029325513196,0.249633431085044,32,available
Qwen,Hidden-state shift,fixed_v8_composite_3,24,11,late,0.1623900293255131,0.374266862170088,32,available
Qwen,Hidden-state shift,fixed_v8_composite_3,25,0,early,0.1011730205278592,0.2481671554252199,32,available
Qwen,Hidden-state shift,fixed_v8_composite_3,25,1,early,-0.0238269794721407,0.3027859237536657,32,available
Qwen,Hidden-state shift,fixed_v8_composite_3,25,2,early,0.220674486803519,0.5029325513196481,32,available
Qwen,Hidden-state shift,fixed_v8_composite_3,25,3,early,0.0564516129032258,0.3383431085043988,32,available
Qwen,Hidden-state shift,fixed_v8_composite_3,25,4,middle,0.1191348973607038,0.3247800586510263,32,available
Qwen,Hidden-state shift,fixed_v8_composite_3,25,5,middle,0.06341642228739,0.3724340175953079,32,available
Qwen,Hidden-state shift,fixed_v8_composite_3,25,6,middle,0.1620234604105571,0.3651026392961876,32,available
Qwen,Hidden-state shift,fixed_v8_composite_3,25,7,middle,0.1858504398826979,0.4457478005865102,32,available
Qwen,Hidden-state shift,fixed_v8_composite_3,25,8,late,0.1235337243401759,0.3955278592375366,32,available
Qwen,Hidden-state shift,fixed_v8_composite_3,25,9,late,0.1840175953079178,0.4098240469208211,32,available
Qwen,Hidden-state shift,fixed_v8_composite_3,25,10,late,-0.0916422287390029,0.252199413489736,32,available
Qwen,Hidden-state shift,fixed_v8_composite_3,25,11,late,0.1917155425219941,0.3823313782991202,32,available
Qwen,Hidden-state shift,fixed_v8_composite_3,26,0,early,0.0692815249266862,0.1293988269794721,32,available
Qwen,Hidden-state shift,fixed_v8_composite_3,26,1,early,0.0718475073313782,0.3046187683284457,32,available
Qwen,Hidden-state shift,fixed_v8_composite_3,26,2,early,0.2423020527859237,0.4890029325513196,32,available
Qwen,Hidden-state shift,fixed_v8_composite_3,26,3,early,0.1502932551319648,0.3841642228739002,32,available
Qwen,Hidden-state shift,fixed_v8_composite_3,26,4,middle,0.2683284457478005,0.3969941348973607,32,available
Qwen,Hidden-state shift,fixed_v8_composite_3,26,5,middle,0.1524926686217008,0.4358504398826979,32,available
Qwen,Hidden-state shift,fixed_v8_composite_3,26,6,middle,0.2382697947214076,0.4017595307917888,32,available
Qwen,Hidden-state shift,fixed_v8_composite_3,26,7,middle,0.2445014662756598,0.4505131964809383,32,available
Qwen,Hidden-state shift,fixed_v8_composite_3,26,8,late,0.1715542521994134,0.4035923753665689,32,available
Qwen,Hidden-state shift,fixed_v8_composite_3,26,9,late,0.1994134897360703,0.3544721407624633,32,available
Qwen,Hidden-state shift,fixed_v8_composite_3,26,10,late,-0.0296920821114369,0.2730938416422287,32,available
Qwen,Hidden-state shift,fixed_v8_composite_3,26,11,late,0.1957478005865102,0.3555718475073313,32,available
Qwen,Hidden-state shift,fixed_v8_composite_3,27,0,early,0.0190615835777126,0.0978739002932551,32,available
Qwen,Hidden-state shift,fixed_v8_composite_3,27,1,early,0.0850439882697947,0.3266129032258064,32,available
Qwen,Hidden-state shift,fixed_v8_composite_3,27,2,early,0.2291055718475072,0.4985337243401758,32,available
Qwen,Hidden-state shift,fixed_v8_composite_3,27,3,early,0.1763196480938416,0.4145894428152492,32,available
Qwen,Hidden-state shift,fixed_v8_composite_3,27,4,middle,0.2796920821114369,0.4222873900293254,32,available
Qwen,Hidden-state shift,fixed_v8_composite_3,27,5,middle,0.1763196480938416,0.4281524926686216,32,available
Qwen,Hidden-state shift,fixed_v8_composite_3,27,6,middle,0.220307917888563,0.3852639296187682,32,available
Qwen,Hidden-state shift,fixed_v8_composite_3,27,7,middle,0.2664956011730205,0.4853372434017595,32,available
Qwen,Hidden-state shift,fixed_v8_composite_3,27,8,late,0.1598240469208211,0.4292521994134897,32,available
Qwen,Hidden-state shift,fixed_v8_composite_3,27,9,late,0.1785190615835777,0.3570381231671554,32,available
Qwen,Hidden-state shift,fixed_v8_composite_3,27,10,late,-0.0139296187683284,0.2881231671554252,32,available
Qwen,Hidden-state shift,fixed_v8_composite_3,27,11,late,0.2166422287390029,0.3511730205278592,32,available
Qwen,Hidden-state shift,fixed_v8_composite_3,28,0,early,-0.002199413489736,0.0549853372434017,32,available
Qwen,Hidden-state shift,fixed_v8_composite_3,28,1,early,0.1180351906158357,0.3390762463343108,32,available
Qwen,Hidden-state shift,fixed_v8_composite_3,28,2,early,0.284090909090909,0.4901026392961876,32,available
Qwen,Hidden-state shift,fixed_v8_composite_3,28,3,early,0.1535923753665689,0.3559384164222873,32,available
Qwen,Hidden-state shift,fixed_v8_composite_3,28,4,middle,0.344208211143695,0.5010997067448679,32,available
Qwen,Hidden-state shift,fixed_v8_composite_3,28,5,middle,0.1961143695014662,0.4112903225806451,32,available
Qwen,Hidden-state shift,fixed_v8_composite_3,28,6,middle,0.2404692082111436,0.3944281524926686,32,available
Qwen,Hidden-state shift,fixed_v8_composite_3,28,7,middle,0.283357771260997,0.4655425219941349,32,available
Qwen,Hidden-state shift,fixed_v8_composite_3,28,8,late,0.2360703812316715,0.4589442815249265,32,available
Qwen,Hidden-state shift,fixed_v8_composite_3,28,9,late,0.1807184750733137,0.3365102639296187,32,available
Qwen,Hidden-state shift,fixed_v8_composite_3,28,10,late,0.0535190615835777,0.3266129032258064,32,available
Qwen,Hidden-state shift,fixed_v8_composite_3,28,11,late,0.2353372434017595,0.3640029325513196,32,available
Qwen,Hidden-state shift,fixed_v8_composite_3,29,0,early,-0.0183284457478005,0.0769794721407624,32,available
Qwen,Hidden-state shift,fixed_v8_composite_3,29,1,early,0.1063049853372434,0.3709677419354838,32,available
Qwen,Hidden-state shift,fixed_v8_composite_3,29,2,early,0.2562316715542522,0.5278592375366569,32,available
Qwen,Hidden-state shift,fixed_v8_composite_3,29,3,early,0.1323313782991202,0.3709677419354838,32,available
Qwen,Hidden-state shift,fixed_v8_composite_3,29,4,middle,0.314149560117302,0.4981671554252198,32,available
Qwen,Hidden-state shift,fixed_v8_composite_3,29,5,middle,0.1832844574780058,0.4494134897360703,32,available
Qwen,Hidden-state shift,fixed_v8_composite_3,29,6,middle,0.2162756598240469,0.4237536656891495,32,available
Qwen,Hidden-state shift,fixed_v8_composite_3,29,7,middle,0.2481671554252199,0.4655425219941349,32,available
Qwen,Hidden-state shift,fixed_v8_composite_3,29,8,late,0.2096774193548386,0.4897360703812316,32,available
Qwen,Hidden-state shift,fixed_v8_composite_3,29,9,late,0.1466275659824046,0.347140762463343,32,available
Qwen,Hidden-state shift,fixed_v8_composite_3,29,10,late,0.0410557184750733,0.3581378299120234,32,available
Qwen,Hidden-state shift,fixed_v8_composite_3,29,11,late,0.2052785923753665,0.3706011730205278,32,available
Qwen,Hidden-state shift,fixed_v8_composite_3,30,0,early,-0.0234604105571847,0.0788123167155425,32,available
Qwen,Hidden-state shift,fixed_v8_composite_3,30,1,early,0.1074046920821114,0.3874633431085043,32,available
Qwen,Hidden-state shift,fixed_v8_composite_3,30,2,early,0.2723607038123167,0.5194281524926686,32,available
Qwen,Hidden-state shift,fixed_v8_composite_3,30,3,early,0.1458944281524926,0.3870967741935483,32,available
Qwen,Hidden-state shift,fixed_v8_composite_3,30,4,middle,0.3053519061583578,0.4864369501466275,32,available
Qwen,Hidden-state shift,fixed_v8_composite_3,30,5,middle,0.1711876832844574,0.4516129032258064,32,available
Qwen,Hidden-state shift,fixed_v8_composite_3,30,6,middle,0.220674486803519,0.3951612903225806,32,available
Qwen,Hidden-state shift,fixed_v8_composite_3,30,7,middle,0.2335043988269794,0.4230205278592375,32,available
Qwen,Hidden-state shift,fixed_v8_composite_3,30,8,late,0.2104105571847507,0.4637096774193548,32,available
Qwen,Hidden-state shift,fixed_v8_composite_3,30,9,late,0.1473607038123167,0.3255131964809384,32,available
Qwen,Hidden-state shift,fixed_v8_composite_3,30,10,late,0.0487536656891495,0.3662023460410557,32,available
Qwen,Hidden-state shift,fixed_v8_composite_3,30,11,late,0.2155425219941348,0.3962609970674486,32,available
Qwen,Hidden-state shift,fixed_v8_composite_3,31,0,early,-0.0439882697947214,0.1063049853372434,32,available
Qwen,Hidden-state shift,fixed_v8_composite_3,31,1,early,0.1162023460410556,0.4277859237536656,32,available
Qwen,Hidden-state shift,fixed_v8_composite_3,31,2,early,0.2708944281524926,0.5260263929618768,32,available
Qwen,Hidden-state shift,fixed_v8_composite_3,31,3,early,0.1436950146627565,0.4123900293255131,32,available
Qwen,Hidden-state shift,fixed_v8_composite_3,31,4,middle,0.3207478005865102,0.5502199413489735,32,available
Qwen,Hidden-state shift,fixed_v8_composite_3,31,5,middle,0.1649560117302052,0.4442815249266861,32,available
Qwen,Hidden-state shift,fixed_v8_composite_3,31,6,middle,0.2294721407624632,0.4204545454545454,32,available
Qwen,Hidden-state shift,fixed_v8_composite_3,31,7,middle,0.2474340175953078,0.4890029325513196,32,available
Qwen,Hidden-state shift,fixed_v8_composite_3,31,8,late,0.2507331378299119,0.5351906158357771,32,available
Qwen,Hidden-state shift,fixed_v8_composite_3,31,9,late,0.1521260997067448,0.3793988269794721,32,available
Qwen,Hidden-state shift,fixed_v8_composite_3,31,10,late,0.0854105571847507,0.4417155425219941,32,available
Qwen,Hidden-state shift,fixed_v8_composite_3,31,11,late,0.2261730205278592,0.4501466275659823,32,available
Qwen,Hidden-state shift,fixed_v8_composite_3,32,0,early,-0.0109970674486803,0.0069648093841642,32,available
Qwen,Hidden-state shift,fixed_v8_composite_3,32,1,early,0.1176686217008797,0.3288123167155425,32,available
Qwen,Hidden-state shift,fixed_v8_composite_3,32,2,early,0.3119501466275659,0.4479472140762463,32,available
Qwen,Hidden-state shift,fixed_v8_composite_3,32,3,early,0.1550586510263929,0.2848240469208211,32,available
Qwen,Hidden-state shift,fixed_v8_composite_3,32,4,middle,0.3302785923753665,0.4123900293255131,32,available
Qwen,Hidden-state shift,fixed_v8_composite_3,32,5,middle,0.1869501466275659,0.3420087976539589,32,available
Qwen,Hidden-state shift,fixed_v8_composite_3,32,6,middle,0.2349706744868035,0.3361436950146627,32,available
Qwen,Hidden-state shift,fixed_v8_composite_3,32,7,middle,0.2664956011730205,0.376099706744868,32,available
Qwen,Hidden-state shift,fixed_v8_composite_3,32,8,late,0.2738269794721407,0.471041055718475,32,available
Qwen,Hidden-state shift,fixed_v8_composite_3,32,9,late,0.1788856304985337,0.2939882697947213,32,available
Qwen,Hidden-state shift,fixed_v8_composite_3,32,10,late,0.0982404692082111,0.3035190615835776,32,available
Qwen,Hidden-state shift,fixed_v8_composite_3,32,11,late,0.219574780058651,0.2914222873900293,32,available
Qwen,Hidden-state shift,fixed_v8_composite_3,33,0,early,-0.0744134897360703,-0.1092375366568914,32,available
Qwen,Hidden-state shift,fixed_v8_composite_3,33,1,early,0.0854105571847507,0.2261730205278592,32,available
Qwen,Hidden-state shift,fixed_v8_composite_3,33,2,early,0.2434017595307917,0.3387096774193548,32,available
Qwen,Hidden-state shift,fixed_v8_composite_3,33,3,early,0.1140029325513196,0.2082111436950146,32,available
Qwen,Hidden-state shift,fixed_v8_composite_3,33,4,middle,0.2734604105571847,0.3368768328445747,32,available
Qwen,Hidden-state shift,fixed_v8_composite_3,33,5,middle,0.1510263929618768,0.2525659824046921,32,available
Qwen,Hidden-state shift,fixed_v8_composite_3,33,6,middle,0.1726539589442815,0.2247067448680351,32,available
Qwen,Hidden-state shift,fixed_v8_composite_3,33,7,middle,0.2280058651026392,0.3284457478005865,32,available
Qwen,Hidden-state shift,fixed_v8_composite_3,33,8,late,0.2371700879765395,0.3823313782991202,32,available
Qwen,Hidden-state shift,fixed_v8_composite_3,33,9,late,0.1308651026392961,0.1946480938416422,32,available
Qwen,Hidden-state shift,fixed_v8_composite_3,33,10,late,0.0527859237536656,0.2335043988269794,32,available
Qwen,Hidden-state shift,fixed_v8_composite_3,33,11,late,0.1869501466275659,0.2107771260997067,32,available
Qwen,Hidden-state shift,fixed_v8_composite_3,34,0,early,0.0252932551319648,-0.0175953079178885,32,available
Qwen,Hidden-state shift,fixed_v8_composite_3,34,1,early,0.1935483870967741,0.3189149560117301,32,available
Qwen,Hidden-state shift,fixed_v8_composite_3,34,2,early,0.2987536656891495,0.3497067448680351,32,available
Qwen,Hidden-state shift,fixed_v8_composite_3,34,3,early,0.2008797653958944,0.281891495601173,32,available
Qwen,Hidden-state shift,fixed_v8_composite_3,34,4,middle,0.2873900293255131,0.315982404692082,32,available
Qwen,Hidden-state shift,fixed_v8_composite_3,34,5,middle,0.1041055718475073,0.2096774193548386,32,available
Qwen,Hidden-state shift,fixed_v8_composite_3,34,6,middle,0.2129765395894428,0.1957478005865102,32,available
Qwen,Hidden-state shift,fixed_v8_composite_3,34,7,middle,0.3203812316715542,0.3636363636363636,32,available
Qwen,Hidden-state shift,fixed_v8_composite_3,34,8,late,0.2892228739002932,0.3665689149560117,32,available
Qwen,Hidden-state shift,fixed_v8_composite_3,34,9,late,0.2390029325513196,0.2543988269794721,32,available
Qwen,Hidden-state shift,fixed_v8_composite_3,34,10,late,0.1418621700879765,0.2565982404692081,32,available
Qwen,Hidden-state shift,fixed_v8_composite_3,34,11,late,0.3497067448680351,0.3511730205278592,32,available
Qwen,Hidden-state shift,fixed_v8_composite_3,35,0,early,0.0414222873900293,0.0392228739002932,32,available
Qwen,Hidden-state shift,fixed_v8_composite_3,35,1,early,0.187316715542522,0.3335777126099706,32,available
Qwen,Hidden-state shift,fixed_v8_composite_3,35,2,early,0.3108504398826979,0.3914956011730205,32,available
Qwen,Hidden-state shift,fixed_v8_composite_3,35,3,early,0.1975806451612903,0.3097507331378298,32,available
Qwen,Hidden-state shift,fixed_v8_composite_3,35,4,middle,0.2657624633431085,0.3167155425219941,32,available
Qwen,Hidden-state shift,fixed_v8_composite_3,35,5,middle,0.1114369501466275,0.2547653958944281,32,available
Qwen,Hidden-state shift,fixed_v8_composite_3,35,6,middle,0.2232404692082111,0.2470674486803519,32,available
Qwen,Hidden-state shift,fixed_v8_composite_3,35,7,middle,0.315982404692082,0.3698680351906158,32,available
Qwen,Hidden-state shift,fixed_v8_composite_3,35,8,late,0.283724340175953,0.3852639296187682,32,available
Qwen,Hidden-state shift,fixed_v8_composite_3,35,9,late,0.2463343108504398,0.2866568914956011,32,available
Qwen,Hidden-state shift,fixed_v8_composite_3,35,10,late,0.1345307917888563,0.2646627565982404,32,available
Qwen,Hidden-state shift,fixed_v8_composite_3,35,11,late,0.3544721407624633,0.3834310850439882,32,available
Qwen,Hidden-state shift,fixed_v8_composite_3,36,0,early,0.0656158357771261,0.0586510263929618,32,available
Qwen,Hidden-state shift,fixed_v8_composite_3,36,1,early,0.2357038123167155,0.3372434017595307,32,available
Qwen,Hidden-state shift,fixed_v8_composite_3,36,2,early,0.3643695014662756,0.4505131964809383,32,available
Qwen,Hidden-state shift,fixed_v8_composite_3,36,3,early,0.2547653958944281,0.3592375366568914,32,available
Qwen,Hidden-state shift,fixed_v8_composite_3,36,4,middle,0.3236803519061583,0.3585043988269794,32,available
Qwen,Hidden-state shift,fixed_v8_composite_3,36,5,middle,0.1810850439882697,0.2686950146627566,32,available
Qwen,Hidden-state shift,fixed_v8_composite_3,36,6,middle,0.2716275659824047,0.2741935483870967,32,available
Qwen,Hidden-state shift,fixed_v8_composite_3,36,7,middle,0.3636363636363636,0.4329178885630498,32,available
Qwen,Hidden-state shift,fixed_v8_composite_3,36,8,late,0.3328445747800586,0.4153225806451612,32,available
Qwen,Hidden-state shift,fixed_v8_composite_3,36,9,late,0.3071847507331378,0.3409090909090909,32,available
Qwen,Hidden-state shift,fixed_v8_composite_3,36,10,late,0.1744868035190615,0.284090909090909,32,available
Qwen,Hidden-state shift,fixed_v8_composite_3,36,11,late,0.3973607038123167,0.4211876832844574,32,available
Qwen,Hidden-state shift,fixed_v8_composite_3,37,0,early,0.1477272727272727,0.0828445747800586,32,available
Qwen,Hidden-state shift,fixed_v8_composite_3,37,1,early,0.2855571847507331,0.3280791788856305,32,available
Qwen,Hidden-state shift,fixed_v8_composite_3,37,2,early,0.4325513196480938,0.4974340175953078,32,available
Qwen,Hidden-state shift,fixed_v8_composite_3,37,3,early,0.3079178885630498,0.3676686217008797,32,available
Qwen,Hidden-state shift,fixed_v8_composite_3,37,4,middle,0.4123900293255131,0.4380498533724339,32,available
Qwen,Hidden-state shift,fixed_v8_composite_3,37,5,middle,0.2371700879765395,0.2958211143695014,32,available
Qwen,Hidden-state shift,fixed_v8_composite_3,37,6,middle,0.3302785923753665,0.2954545454545454,32,available
Qwen,Hidden-state shift,fixed_v8_composite_3,37,7,middle,0.4244868035190615,0.4673753665689148,32,available
Qwen,Hidden-state shift,fixed_v8_composite_3,37,8,late,0.3878299120234603,0.4629765395894428,32,available
Qwen,Hidden-state shift,fixed_v8_composite_3,37,9,late,0.3823313782991202,0.3867302052785923,32,available
Qwen,Hidden-state shift,fixed_v8_composite_3,37,10,late,0.2331378299120234,0.3339442815249266,32,available
Qwen,Hidden-state shift,fixed_v8_composite_3,37,11,late,0.4450146627565982,0.4307184750733137,32,available
Qwen,Hidden-state shift,fixed_v8_composite_3,38,0,early,0.159090909090909,0.0289589442815249,32,available
Qwen,Hidden-state shift,fixed_v8_composite_3,38,1,early,0.2668621700879765,0.156891495601173,32,available
Qwen,Hidden-state shift,fixed_v8_composite_3,38,2,early,0.4912023460410556,0.3962609970674486,32,available
Qwen,Hidden-state shift,fixed_v8_composite_3,38,3,early,0.346774193548387,0.2159090909090908,32,available
Qwen,Hidden-state shift,fixed_v8_composite_3,38,4,middle,0.5146627565982405,0.4024926686217009,32,available
Qwen,Hidden-state shift,fixed_v8_composite_3,38,5,middle,0.3881964809384164,0.2884897360703812,32,available
Qwen,Hidden-state shift,fixed_v8_composite_3,38,6,middle,0.3515395894428151,0.2661290322580645,32,available
Qwen,Hidden-state shift,fixed_v8_composite_3,38,7,middle,0.4571114369501466,0.406524926686217,32,available
Qwen,Hidden-state shift,fixed_v8_composite_3,38,8,late,0.4189882697947213,0.4057917888563049,32,available
Qwen,Hidden-state shift,fixed_v8_composite_3,38,9,late,0.4087243401759531,0.2855571847507331,32,available
Qwen,Hidden-state shift,fixed_v8_composite_3,38,10,late,0.3185483870967741,0.2723607038123167,32,available
Qwen,Hidden-state shift,fixed_v8_composite_3,38,11,late,0.4142228739002932,0.2675953079178885,32,available
Qwen,Hidden-state shift,fixed_v8_composite_3,39,0,early,0.1623900293255131,0.0223607038123167,32,available
Qwen,Hidden-state shift,fixed_v8_composite_3,39,1,early,0.2697947214076246,0.1348973607038123,32,available
Qwen,Hidden-state shift,fixed_v8_composite_3,39,2,early,0.5102639296187682,0.4567448680351906,32,available
Qwen,Hidden-state shift,fixed_v8_composite_3,39,3,early,0.348607038123167,0.2642961876832844,32,available
Qwen,Hidden-state shift,fixed_v8_composite_3,39,4,middle,0.4853372434017595,0.3834310850439882,32,available
Qwen,Hidden-state shift,fixed_v8_composite_3,39,5,middle,0.3592375366568914,0.2785923753665689,32,available
Qwen,Hidden-state shift,fixed_v8_composite_3,39,6,middle,0.3856304985337243,0.2928885630498533,32,available
Qwen,Hidden-state shift,fixed_v8_composite_3,39,7,middle,0.4673753665689148,0.4318181818181817,32,available
Qwen,Hidden-state shift,fixed_v8_composite_3,39,8,late,0.4457478005865102,0.4651759530791788,32,available
Qwen,Hidden-state shift,fixed_v8_composite_3,39,9,late,0.4017595307917888,0.3379765395894428,32,available
Qwen,Hidden-state shift,fixed_v8_composite_3,39,10,late,0.3189149560117301,0.3108504398826979,32,available
Qwen,Hidden-state shift,fixed_v8_composite_3,39,11,late,0.4057917888563049,0.2866568914956011,32,available
Qwen,Hidden-state shift,fixed_v8_composite_3,40,0,early,0.1840175953079178,0.0084310850439882,32,available
Qwen,Hidden-state shift,fixed_v8_composite_3,40,1,early,0.3079178885630498,0.1359970674486803,32,available
Qwen,Hidden-state shift,fixed_v8_composite_3,40,2,early,0.5219941348973607,0.4215542521994134,32,available
Qwen,Hidden-state shift,fixed_v8_composite_3,40,3,early,0.3618035190615835,0.221041055718475,32,available
Qwen,Hidden-state shift,fixed_v8_composite_3,40,4,middle,0.5175953079178885,0.3966275659824046,32,available
Qwen,Hidden-state shift,fixed_v8_composite_3,40,5,middle,0.4116568914956011,0.2631964809384164,32,available
Qwen,Hidden-state shift,fixed_v8_composite_3,40,6,middle,0.3698680351906158,0.2481671554252199,32,available
Qwen,Hidden-state shift,fixed_v8_composite_3,40,7,middle,0.4626099706744868,0.3911290322580645,32,available
Qwen,Hidden-state shift,fixed_v8_composite_3,40,8,late,0.4838709677419354,0.4442815249266861,32,available
Qwen,Hidden-state shift,fixed_v8_composite_3,40,9,late,0.4050586510263929,0.2712609970674486,32,available
Qwen,Hidden-state shift,fixed_v8_composite_3,40,10,late,0.3618035190615835,0.2881231671554252,32,available
Qwen,Hidden-state shift,fixed_v8_composite_3,40,11,late,0.4076246334310849,0.284090909090909,32,available
Qwen,Hidden-state shift,fixed_v8_composite_3,41,0,early,0.2664956011730205,0.1726539589442815,32,available
Qwen,Hidden-state shift,fixed_v8_composite_3,41,1,early,0.3420087976539589,0.2609970674486803,32,available
Qwen,Hidden-state shift,fixed_v8_composite_3,41,2,early,0.5736803519061583,0.5542521994134897,32,available
Qwen,Hidden-state shift,fixed_v8_composite_3,41,3,early,0.3977272727272727,0.3599706744868035,32,available
Qwen,Hidden-state shift,fixed_v8_composite_3,41,4,middle,0.5568181818181818,0.4772727272727272,32,available
Qwen,Hidden-state shift,fixed_v8_composite_3,41,5,middle,0.43841642228739,0.3929618768328445,32,available
Qwen,Hidden-state shift,fixed_v8_composite_3,41,6,middle,0.4446480938416421,0.3918621700879765,32,available
Qwen,Hidden-state shift,fixed_v8_composite_3,41,7,middle,0.5142961876832844,0.5069648093841641,32,available
Qwen,Hidden-state shift,fixed_v8_composite_3,41,8,late,0.5263929618768328,0.5733137829912023,32,available
Qwen,Hidden-state shift,fixed_v8_composite_3,41,9,late,0.4582111436950145,0.4204545454545454,32,available
Qwen,Hidden-state shift,fixed_v8_composite_3,41,10,late,0.4171554252199413,0.4633431085043988,32,available
Qwen,Hidden-state shift,fixed_v8_composite_3,41,11,late,0.440615835777126,0.405425219941349,32,available
Qwen,Hidden-state shift,fixed_v8_composite_3,42,0,early,0.2305718475073313,0.1184017595307917,32,available
Qwen,Hidden-state shift,fixed_v8_composite_3,42,1,early,0.2917888563049853,0.2371700879765395,32,available
Qwen,Hidden-state shift,fixed_v8_composite_3,42,2,early,0.4974340175953078,0.4904692082111436,32,available
Qwen,Hidden-state shift,fixed_v8_composite_3,42,3,early,0.3643695014662756,0.3192815249266862,32,available
Qwen,Hidden-state shift,fixed_v8_composite_3,42,4,middle,0.5014662756598239,0.4648093841642227,32,available
Qwen,Hidden-state shift,fixed_v8_composite_3,42,5,middle,0.4142228739002932,0.3797653958944281,32,available
Qwen,Hidden-state shift,fixed_v8_composite_3,42,6,middle,0.3739002932551319,0.3416422287390029,32,available
Qwen,Hidden-state shift,fixed_v8_composite_3,42,7,middle,0.4552785923753665,0.4497800586510263,32,available
Qwen,Hidden-state shift,fixed_v8_composite_3,42,8,late,0.440615835777126,0.5014662756598239,32,available
Qwen,Hidden-state shift,fixed_v8_composite_3,42,9,late,0.3826979472140762,0.3306451612903225,32,available
Qwen,Hidden-state shift,fixed_v8_composite_3,42,10,late,0.3621700879765395,0.409457478005865,32,available
Qwen,Hidden-state shift,fixed_v8_composite_3,42,11,late,0.3815982404692081,0.3706011730205278,32,available
Qwen,Hidden-state shift,fixed_v8_composite_3,43,0,early,0.2261730205278592,0.0487536656891495,32,available
Qwen,Hidden-state shift,fixed_v8_composite_3,43,1,early,0.2763929618768327,0.0142961876832844,32,available
Qwen,Hidden-state shift,fixed_v8_composite_3,43,2,early,0.4343841642228738,0.2456011730205278,32,available
Qwen,Hidden-state shift,fixed_v8_composite_3,43,3,early,0.3500733137829911,0.1462609970674486,32,available
Qwen,Hidden-state shift,fixed_v8_composite_3,43,4,middle,0.4512463343108504,0.2730938416422287,32,available
Qwen,Hidden-state shift,fixed_v8_composite_3,43,5,middle,0.4039589442815249,0.2155425219941348,32,available
Qwen,Hidden-state shift,fixed_v8_composite_3,43,6,middle,0.3211143695014662,0.1660557184750733,32,available
Qwen,Hidden-state shift,fixed_v8_composite_3,43,7,middle,0.4197214076246334,0.31341642228739,32,available
Qwen,Hidden-state shift,fixed_v8_composite_3,43,8,late,0.3530058651026392,0.2785923753665689,32,available
Qwen,Hidden-state shift,fixed_v8_composite_3,43,9,late,0.3291788856304985,0.1206011730205278,32,available
Qwen,Hidden-state shift,fixed_v8_composite_3,43,10,late,0.3434750733137829,0.2272727272727272,32,available
Qwen,Hidden-state shift,fixed_v8_composite_3,43,11,late,0.3295454545454545,0.187316715542522,32,available
Qwen,Hidden-state shift,fixed_v8_composite_3,44,0,early,0.1315982404692082,0.0293255131964809,32,available
Qwen,Hidden-state shift,fixed_v8_composite_3,44,1,early,0.1480938416422287,-0.0722140762463343,32,available
Qwen,Hidden-state shift,fixed_v8_composite_3,44,2,early,0.2862903225806451,0.1642228739002932,32,available
Qwen,Hidden-state shift,fixed_v8_composite_3,44,3,early,0.2126099706744868,0.06341642228739,32,available
Qwen,Hidden-state shift,fixed_v8_composite_3,44,4,middle,0.2672287390029325,0.1217008797653958,32,available
Qwen,Hidden-state shift,fixed_v8_composite_3,44,5,middle,0.2694281524926686,0.1132697947214076,32,available
Qwen,Hidden-state shift,fixed_v8_composite_3,44,6,middle,0.189882697947214,0.1011730205278592,32,available
Qwen,Hidden-state shift,fixed_v8_composite_3,44,7,middle,0.2716275659824047,0.1975806451612903,32,available
Qwen,Hidden-state shift,fixed_v8_composite_3,44,8,late,0.2338709677419354,0.1994134897360703,32,available
Qwen,Hidden-state shift,fixed_v8_composite_3,44,9,late,0.2012463343108504,0.0839442815249266,32,available
Qwen,Hidden-state shift,fixed_v8_composite_3,44,10,late,0.1972140762463343,0.157624633431085,32,available
Qwen,Hidden-state shift,fixed_v8_composite_3,44,11,late,0.2012463343108504,0.1330645161290322,32,available
Qwen,Hidden-state shift,fixed_v8_composite_3,45,0,early,0.1939149560117301,-0.0179618768328445,32,available
Qwen,Hidden-state shift,fixed_v8_composite_3,45,1,early,0.2452346041055718,-0.0656158357771261,32,available
Qwen,Hidden-state shift,fixed_v8_composite_3,45,2,early,0.3830645161290322,0.187683284457478,32,available
Qwen,Hidden-state shift,fixed_v8_composite_3,45,3,early,0.2884897360703812,0.0311583577712609,32,available
Qwen,Hidden-state shift,fixed_v8_composite_3,45,4,middle,0.3068181818181817,0.064516129032258,32,available
Qwen,Hidden-state shift,fixed_v8_composite_3,45,5,middle,0.4006598240469208,0.1774193548387096,32,available
Qwen,Hidden-state shift,fixed_v8_composite_3,45,6,middle,0.251099706744868,0.095307917888563,32,available
Qwen,Hidden-state shift,fixed_v8_composite_3,45,7,middle,0.3618035190615835,0.2078445747800586,32,available
Qwen,Hidden-state shift,fixed_v8_composite_3,45,8,late,0.2906891495601172,0.159457478005865,32,available
Qwen,Hidden-state shift,fixed_v8_composite_3,45,9,late,0.2763929618768327,0.0546187683284457,32,available
Qwen,Hidden-state shift,fixed_v8_composite_3,45,10,late,0.284457478005865,0.1217008797653958,32,available
Qwen,Hidden-state shift,fixed_v8_composite_3,45,11,late,0.2778592375366568,0.1125366568914955,32,available
Qwen,Hidden-state shift,fixed_v8_composite_3,46,0,early,0.0736803519061583,-0.031891495601173,32,available
Qwen,Hidden-state shift,fixed_v8_composite_3,46,1,early,0.1110703812316715,-0.0256598240469208,32,available
Qwen,Hidden-state shift,fixed_v8_composite_3,46,2,early,0.2719941348973607,0.1730205278592375,32,available
Qwen,Hidden-state shift,fixed_v8_composite_3,46,3,early,0.125733137829912,-0.0135630498533724,32,available
Qwen,Hidden-state shift,fixed_v8_composite_3,46,4,middle,0.189882697947214,0.0414222873900293,32,available
Qwen,Hidden-state shift,fixed_v8_composite_3,46,5,middle,0.2375366568914955,0.1176686217008797,32,available
Qwen,Hidden-state shift,fixed_v8_composite_3,46,6,middle,0.1392961876832844,0.1015395894428152,32,available
Qwen,Hidden-state shift,fixed_v8_composite_3,46,7,middle,0.2287390029325513,0.1605571847507331,32,available
Qwen,Hidden-state shift,fixed_v8_composite_3,46,8,late,0.2386363636363636,0.1818181818181818,32,available
Qwen,Hidden-state shift,fixed_v8_composite_3,46,9,late,0.1477272727272727,0.0417888563049853,32,available
Qwen,Hidden-state shift,fixed_v8_composite_3,46,10,late,0.1418621700879765,0.0707478005865102,32,available
Qwen,Hidden-state shift,fixed_v8_composite_3,46,11,late,0.1733870967741935,0.0821114369501466,32,available
Qwen,Hidden-state shift,fixed_v8_composite_3,47,0,early,-0.0678152492668621,-0.1524926686217008,32,available
Qwen,Hidden-state shift,fixed_v8_composite_3,47,1,early,0.0120967741935483,-0.1403958944281524,32,available
Qwen,Hidden-state shift,fixed_v8_composite_3,47,2,early,0.0285923753665689,-0.0461876832844574,32,available
Qwen,Hidden-state shift,fixed_v8_composite_3,47,3,early,-0.1037390029325513,-0.2188416422287389,32,available
Qwen,Hidden-state shift,fixed_v8_composite_3,47,4,middle,-0.0542521994134897,-0.1821847507331378,32,available
Qwen,Hidden-state shift,fixed_v8_composite_3,47,5,middle,0.0564516129032258,-0.0626832844574779,32,available
Qwen,Hidden-state shift,fixed_v8_composite_3,47,6,middle,0.0377565982404692,-0.001099706744868,32,available
Qwen,Hidden-state shift,fixed_v8_composite_3,47,7,middle,0.0216275659824046,-0.0604838709677419,32,available
Qwen,Hidden-state shift,fixed_v8_composite_3,47,8,late,-0.0102639296187683,-0.033357771260997,32,available
Qwen,Hidden-state shift,fixed_v8_composite_3,47,9,late,-0.032258064516129,-0.1231671554252199,32,available
Qwen,Hidden-state shift,fixed_v8_composite_3,47,10,late,-0.0986070381231671,-0.157991202346041,32,available
Qwen,Hidden-state shift,fixed_v8_composite_3,47,11,late,-0.0285923753665689,-0.1499266862170088,32,available
Qwen,MoE write / expert update strength,fixed_v8_composite_4,0,0,early,0.1389296187683284,0.0692815249266862,32,available
Qwen,MoE write / expert update strength,fixed_v8_composite_4,0,1,early,0.1400293255131964,0.1209677419354838,32,available
Qwen,MoE write / expert update strength,fixed_v8_composite_4,0,2,early,0.2298387096774193,0.0421554252199413,32,available
Qwen,MoE write / expert update strength,fixed_v8_composite_4,0,3,early,0.1202346041055718,0.001466275659824,32,available
Qwen,MoE write / expert update strength,fixed_v8_composite_4,0,4,middle,0.1726539589442815,0.0597507331378299,32,available
Qwen,MoE write / expert update strength,fixed_v8_composite_4,0,5,middle,0.1700879765395894,0.0311583577712609,32,available
Qwen,MoE write / expert update strength,fixed_v8_composite_4,0,6,middle,0.1436950146627565,0.0256598240469208,32,available
Qwen,MoE write / expert update strength,fixed_v8_composite_4,0,7,middle,0.1975806451612903,0.0542521994134897,32,available
Qwen,MoE write / expert update strength,fixed_v8_composite_4,0,8,late,0.1370967741935483,0.0560850439882697,32,available
Qwen,MoE write / expert update strength,fixed_v8_composite_4,0,9,late,0.1774193548387096,0.0542521994134897,32,available
Qwen,MoE write / expert update strength,fixed_v8_composite_4,0,10,late,0.0406891495601173,-0.0087976539589442,32,available
Qwen,MoE write / expert update strength,fixed_v8_composite_4,0,11,late,0.2283724340175953,0.126099706744868,32,available
Qwen,MoE write / expert update strength,fixed_v8_composite_4,1,0,early,-0.2034457478005865,-0.0296920821114369,32,available
Qwen,MoE write / expert update strength,fixed_v8_composite_4,1,1,early,-0.3361436950146627,-0.0410557184750733,32,available
Qwen,MoE write / expert update strength,fixed_v8_composite_4,1,2,early,-0.0524193548387096,0.1304985337243401,32,available
Qwen,MoE write / expert update strength,fixed_v8_composite_4,1,3,early,-0.1385630498533724,0.0736803519061583,32,available
Qwen,MoE write / expert update strength,fixed_v8_composite_4,1,4,middle,-0.2056451612903225,-0.0762463343108504,32,available
Qwen,MoE write / expert update strength,fixed_v8_composite_4,1,5,middle,-0.1719208211143695,0.0252932551319648,32,available
Qwen,MoE write / expert update strength,fixed_v8_composite_4,1,6,middle,-0.1543255131964809,-0.0080645161290322,32,available
Qwen,MoE write / expert update strength,fixed_v8_composite_4,1,7,middle,-0.1077712609970674,-0.0293255131964809,32,available
Qwen,MoE write / expert update strength,fixed_v8_composite_4,1,8,late,-0.1198680351906158,0.0168621700879765,32,available
Qwen,MoE write / expert update strength,fixed_v8_composite_4,1,9,late,-0.1612903225806451,-0.0098973607038123,32,available
Qwen,MoE write / expert update strength,fixed_v8_composite_4,1,10,late,-0.1326979472140762,0.0234604105571847,32,available
Qwen,MoE write / expert update strength,fixed_v8_composite_4,1,11,late,-0.0751466275659824,0.1011730205278592,32,available
Qwen,MoE write / expert update strength,fixed_v8_composite_4,2,0,early,-0.0542521994134897,-0.0923753665689149,32,available
Qwen,MoE write / expert update strength,fixed_v8_composite_4,2,1,early,-0.2148093841642228,-0.2708944281524926,32,available
Qwen,MoE write / expert update strength,fixed_v8_composite_4,2,2,early,-0.0722140762463343,-0.1143695014662756,32,available
Qwen,MoE write / expert update strength,fixed_v8_composite_4,2,3,early,-0.094208211143695,-0.1173020527859237,32,available
Qwen,MoE write / expert update strength,fixed_v8_composite_4,2,4,middle,-0.1330645161290322,-0.2063782991202346,32,available
Qwen,MoE write / expert update strength,fixed_v8_composite_4,2,5,middle,-0.0300586510263929,-0.1176686217008797,32,available
Qwen,MoE write / expert update strength,fixed_v8_composite_4,2,6,middle,-0.0703812316715542,-0.093841642228739,32,available
Qwen,MoE write / expert update strength,fixed_v8_composite_4,2,7,middle,-0.032258064516129,-0.0663489736070381,32,available
Qwen,MoE write / expert update strength,fixed_v8_composite_4,2,8,late,-0.0524193548387096,0.0135630498533724,32,available
Qwen,MoE write / expert update strength,fixed_v8_composite_4,2,9,late,-0.0373900293255131,-0.0758797653958944,32,available
Qwen,MoE write / expert update strength,fixed_v8_composite_4,2,10,late,-0.1081378299120234,-0.0898093841642228,32,available
Qwen,MoE write / expert update strength,fixed_v8_composite_4,2,11,late,-0.0535190615835777,-0.064516129032258,32,available
Qwen,MoE write / expert update strength,fixed_v8_composite_4,3,0,early,-0.0791788856304985,-0.0612170087976539,32,available
Qwen,MoE write / expert update strength,fixed_v8_composite_4,3,1,early,-0.1730205278592375,-0.1686217008797653,32,available
Qwen,MoE write / expert update strength,fixed_v8_composite_4,3,2,early,-0.1968475073313782,-0.2232404692082111,32,available
Qwen,MoE write / expert update strength,fixed_v8_composite_4,3,3,early,-0.0905425219941348,-0.0850439882697947,32,available
Qwen,MoE write / expert update strength,fixed_v8_composite_4,3,4,middle,-0.2313049853372434,-0.3130498533724339,32,available
Qwen,MoE write / expert update strength,fixed_v8_composite_4,3,5,middle,-0.0890762463343108,-0.0663489736070381,32,available
Qwen,MoE write / expert update strength,fixed_v8_composite_4,3,6,middle,-0.1458944281524926,-0.1381964809384163,32,available
Qwen,MoE write / expert update strength,fixed_v8_composite_4,3,7,middle,-0.0476539589442815,-0.0513196480938416,32,available
Qwen,MoE write / expert update strength,fixed_v8_composite_4,3,8,late,-0.1070381231671554,-0.0579178885630498,32,available
Qwen,MoE write / expert update strength,fixed_v8_composite_4,3,9,late,-0.0135630498533724,-0.0300586510263929,32,available
Qwen,MoE write / expert update strength,fixed_v8_composite_4,3,10,late,-0.0509530791788856,-0.0260263929618768,32,available
Qwen,MoE write / expert update strength,fixed_v8_composite_4,3,11,late,-0.1220674486803519,-0.1392961876832844,32,available
Qwen,MoE write / expert update strength,fixed_v8_composite_4,4,0,early,0.0714809384164222,0.1315982404692082,32,available
Qwen,MoE write / expert update strength,fixed_v8_composite_4,4,1,early,-0.2239736070381231,-0.2089442815249266,32,available
Qwen,MoE write / expert update strength,fixed_v8_composite_4,4,2,early,-0.0670821114369501,-0.0542521994134897,32,available
Qwen,MoE write / expert update strength,fixed_v8_composite_4,4,3,early,-0.1843841642228739,-0.1059384164222873,32,available
Qwen,MoE write / expert update strength,fixed_v8_composite_4,4,4,middle,-0.1689882697947214,-0.158357771260997,32,available
Qwen,MoE write / expert update strength,fixed_v8_composite_4,4,5,middle,-0.0667155425219941,-0.0718475073313782,32,available
Qwen,MoE write / expert update strength,fixed_v8_composite_4,4,6,middle,-0.0524193548387096,-0.0399560117302052,32,available
Qwen,MoE write / expert update strength,fixed_v8_composite_4,4,7,middle,-0.1554252199413489,-0.126099706744868,32,available
Qwen,MoE write / expert update strength,fixed_v8_composite_4,4,8,late,-0.2008797653958944,-0.1700879765395894,32,available
Qwen,MoE write / expert update strength,fixed_v8_composite_4,4,9,late,-0.1011730205278592,-0.0865102639296187,32,available
Qwen,MoE write / expert update strength,fixed_v8_composite_4,4,10,late,-0.2672287390029325,-0.1920821114369501,32,available
Qwen,MoE write / expert update strength,fixed_v8_composite_4,4,11,late,-0.1425953079178885,-0.1066715542521994,32,available
Qwen,MoE write / expert update strength,fixed_v8_composite_4,5,0,early,0.1821847507331378,0.0370234604105571,32,available
Qwen,MoE write / expert update strength,fixed_v8_composite_4,5,1,early,0.2151759530791788,0.0568181818181818,32,available
Qwen,MoE write / expert update strength,fixed_v8_composite_4,5,2,early,0.2664956011730205,0.1502932551319648,32,available
Qwen,MoE write / expert update strength,fixed_v8_composite_4,5,3,early,0.1345307917888563,-0.0733137829912023,32,available
Qwen,MoE write / expert update strength,fixed_v8_composite_4,5,4,middle,0.2503665689149559,0.063782991202346,32,available
Qwen,MoE write / expert update strength,fixed_v8_composite_4,5,5,middle,0.1367302052785923,0.096041055718475,32,available
Qwen,MoE write / expert update strength,fixed_v8_composite_4,5,6,middle,0.1381964809384163,0.0274926686217008,32,available
Qwen,MoE write / expert update strength,fixed_v8_composite_4,5,7,middle,0.2419354838709677,0.0890762463343108,32,available
Qwen,MoE write / expert update strength,fixed_v8_composite_4,5,8,late,0.2269061583577712,0.1099706744868035,32,available
Qwen,MoE write / expert update strength,fixed_v8_composite_4,5,9,late,0.18841642228739,0.0780791788856304,32,available
Qwen,MoE write / expert update strength,fixed_v8_composite_4,5,10,late,0.1491935483870967,0.0663489736070381,32,available
Qwen,MoE write / expert update strength,fixed_v8_composite_4,5,11,late,0.2620967741935484,0.1686217008797653,32,available
Qwen,MoE write / expert update strength,fixed_v8_composite_4,6,0,early,-0.0788123167155425,0.0157624633431085,32,available
Qwen,MoE write / expert update strength,fixed_v8_composite_4,6,1,early,-0.0993401759530791,0.0109970674486803,32,available
Qwen,MoE write / expert update strength,fixed_v8_composite_4,6,2,early,-0.1345307917888563,-0.1436950146627565,32,available
Qwen,MoE write / expert update strength,fixed_v8_composite_4,6,3,early,-0.1187683284457477,-0.0667155425219941,32,available
Qwen,MoE write / expert update strength,fixed_v8_composite_4,6,4,middle,-0.1202346041055718,-0.0839442815249266,32,available
Qwen,MoE write / expert update strength,fixed_v8_composite_4,6,5,middle,-0.1418621700879765,-0.0051319648093841,32,available
Qwen,MoE write / expert update strength,fixed_v8_composite_4,6,6,middle,-0.1173020527859237,-0.0670821114369501,32,available
Qwen,MoE write / expert update strength,fixed_v8_composite_4,6,7,middle,0.0304252199413489,0.1092375366568914,32,available
Qwen,MoE write / expert update strength,fixed_v8_composite_4,6,8,late,-0.1348973607038123,-0.0524193548387096,32,available
Qwen,MoE write / expert update strength,fixed_v8_composite_4,6,9,late,0.001466275659824,0.0128299120234604,32,available
Qwen,MoE write / expert update strength,fixed_v8_composite_4,6,10,late,-0.0168621700879765,0.1000733137829912,32,available
Qwen,MoE write / expert update strength,fixed_v8_composite_4,6,11,late,-0.0366568914956011,-0.0153958944281524,32,available
Qwen,MoE write / expert update strength,fixed_v8_composite_4,7,0,early,-0.0480205278592375,-0.0047653958944281,32,available
Qwen,MoE write / expert update strength,fixed_v8_composite_4,7,1,early,0.0139296187683284,0.1759530791788856,32,available
Qwen,MoE write / expert update strength,fixed_v8_composite_4,7,2,early,-0.0120967741935483,0.094941348973607,32,available
Qwen,MoE write / expert update strength,fixed_v8_composite_4,7,3,early,-0.0447214076246334,0.0839442815249266,32,available
Qwen,MoE write / expert update strength,fixed_v8_composite_4,7,4,middle,-0.0271260997067448,0.0494868035190615,32,available
Qwen,MoE write / expert update strength,fixed_v8_composite_4,7,5,middle,-0.0872434017595307,0.0986070381231671,32,available
Qwen,MoE write / expert update strength,fixed_v8_composite_4,7,6,middle,0.0480205278592375,0.1070381231671554,32,available
Qwen,MoE write / expert update strength,fixed_v8_composite_4,7,7,middle,-0.063782991202346,0.0135630498533724,32,available
Qwen,MoE write / expert update strength,fixed_v8_composite_4,7,8,late,0.0201612903225806,0.1451612903225806,32,available
Qwen,MoE write / expert update strength,fixed_v8_composite_4,7,9,late,-0.0278592375366568,0.0989736070381231,32,available
Qwen,MoE write / expert update strength,fixed_v8_composite_4,7,10,late,-0.0373900293255131,0.1103372434017595,32,available
Qwen,MoE write / expert update strength,fixed_v8_composite_4,7,11,late,-0.1279325513196481,-0.0483870967741935,32,available
Qwen,MoE write / expert update strength,fixed_v8_composite_4,8,0,early,0.095307917888563,0.1293988269794721,32,available
Qwen,MoE write / expert update strength,fixed_v8_composite_4,8,1,early,0.0975073313782991,0.1605571847507331,32,available
Qwen,MoE write / expert update strength,fixed_v8_composite_4,8,2,early,0.0252932551319648,0.0593841642228738,32,available
Qwen,MoE write / expert update strength,fixed_v8_composite_4,8,3,early,0.1085043988269794,0.1832844574780058,32,available
Qwen,MoE write / expert update strength,fixed_v8_composite_4,8,4,middle,0.0388563049853372,-0.032991202346041,32,available
Qwen,MoE write / expert update strength,fixed_v8_composite_4,8,5,middle,0.0102639296187683,0.0725806451612903,32,available
Qwen,MoE write / expert update strength,fixed_v8_composite_4,8,6,middle,0.0384897360703812,0.0527859237536656,32,available
Qwen,MoE write / expert update strength,fixed_v8_composite_4,8,7,middle,0.1851173020527859,0.1700879765395894,32,available
Qwen,MoE write / expert update strength,fixed_v8_composite_4,8,8,late,0.2448680351906158,0.2851906158357771,32,available
Qwen,MoE write / expert update strength,fixed_v8_composite_4,8,9,late,0.2137096774193548,0.2789589442815249,32,available
Qwen,MoE write / expert update strength,fixed_v8_composite_4,8,10,late,0.1129032258064516,0.2617302052785923,32,available
Qwen,MoE write / expert update strength,fixed_v8_composite_4,8,11,late,0.1917155425219941,0.2052785923753665,32,available
Qwen,MoE write / expert update strength,fixed_v8_composite_4,9,0,early,-0.0432551319648093,0.0076979472140762,32,available
Qwen,MoE write / expert update strength,fixed_v8_composite_4,9,1,early,-0.0267595307917888,0.2302052785923753,32,available
Qwen,MoE write / expert update strength,fixed_v8_composite_4,9,2,early,0.1110703812316715,0.2683284457478005,32,available
Qwen,MoE write / expert update strength,fixed_v8_composite_4,9,3,early,0.0894428152492668,0.2375366568914955,32,available
Qwen,MoE write / expert update strength,fixed_v8_composite_4,9,4,middle,0.0417888563049853,0.0674486803519061,32,available
Qwen,MoE write / expert update strength,fixed_v8_composite_4,9,5,middle,0.0890762463343108,0.2650293255131964,32,available
Qwen,MoE write / expert update strength,fixed_v8_composite_4,9,6,middle,0.001466275659824,0.1279325513196481,32,available
Qwen,MoE write / expert update strength,fixed_v8_composite_4,9,7,middle,0.1708211143695014,0.2774926686217008,32,available
Qwen,MoE write / expert update strength,fixed_v8_composite_4,9,8,late,0.0890762463343108,0.2265395894428152,32,available
Qwen,MoE write / expert update strength,fixed_v8_composite_4,9,9,late,0.096407624633431,0.2184750733137829,32,available
Qwen,MoE write / expert update strength,fixed_v8_composite_4,9,10,late,-0.0183284457478005,0.2580645161290322,32,available
Qwen,MoE write / expert update strength,fixed_v8_composite_4,9,11,late,0.187316715542522,0.3585043988269794,32,available
Qwen,MoE write / expert update strength,fixed_v8_composite_4,10,0,early,-0.0476539589442815,0.0872434017595307,32,available
Qwen,MoE write / expert update strength,fixed_v8_composite_4,10,1,early,-0.0186950146627565,0.283724340175953,32,available
Qwen,MoE write / expert update strength,fixed_v8_composite_4,10,2,early,-0.0458211143695014,0.1319648093841642,32,available
Qwen,MoE write / expert update strength,fixed_v8_composite_4,10,3,early,-0.1019061583577712,0.0373900293255131,32,available
Qwen,MoE write / expert update strength,fixed_v8_composite_4,10,4,middle,-0.0791788856304985,-0.0535190615835777,32,available
Qwen,MoE write / expert update strength,fixed_v8_composite_4,10,5,middle,-0.0997067448680351,0.0586510263929618,32,available
Qwen,MoE write / expert update strength,fixed_v8_composite_4,10,6,middle,0.1022727272727272,0.2789589442815249,32,available
Qwen,MoE write / expert update strength,fixed_v8_composite_4,10,7,middle,-0.000366568914956,0.1213343108504398,32,available
Qwen,MoE write / expert update strength,fixed_v8_composite_4,10,8,late,0.0183284457478005,0.2382697947214076,32,available
Qwen,MoE write / expert update strength,fixed_v8_composite_4,10,9,late,0.0513196480938416,0.2569648093841642,32,available
Qwen,MoE write / expert update strength,fixed_v8_composite_4,10,10,late,-0.1924486803519061,0.0619501466275659,32,available
Qwen,MoE write / expert update strength,fixed_v8_composite_4,10,11,late,-0.000366568914956,0.1136363636363636,32,available
Qwen,MoE write / expert update strength,fixed_v8_composite_4,11,0,early,-0.2089442815249266,-0.125733137829912,32,available
Qwen,MoE write / expert update strength,fixed_v8_composite_4,11,1,early,-0.2463343108504398,0.0080645161290322,32,available
Qwen,MoE write / expert update strength,fixed_v8_composite_4,11,2,early,-0.2331378299120234,-0.1041055718475073,32,available
Qwen,MoE write / expert update strength,fixed_v8_composite_4,11,3,early,-0.3181818181818181,-0.1627565982404692,32,available
Qwen,MoE write / expert update strength,fixed_v8_composite_4,11,4,middle,-0.2232404692082111,-0.1521260997067448,32,available
Qwen,MoE write / expert update strength,fixed_v8_composite_4,11,5,middle,-0.1495601173020527,-0.0179618768328445,32,available
Qwen,MoE write / expert update strength,fixed_v8_composite_4,11,6,middle,-0.1777859237536656,-0.0491202346041055,32,available
Qwen,MoE write / expert update strength,fixed_v8_composite_4,11,7,middle,-0.1865835777126099,-0.0920087976539589,32,available
Qwen,MoE write / expert update strength,fixed_v8_composite_4,11,8,late,0.0274926686217008,0.2298387096774193,32,available
Qwen,MoE write / expert update strength,fixed_v8_composite_4,11,9,late,-0.1682551319648093,-0.032991202346041,32,available
Qwen,MoE write / expert update strength,fixed_v8_composite_4,11,10,late,-0.18841642228739,0.0685483870967741,32,available
Qwen,MoE write / expert update strength,fixed_v8_composite_4,11,11,late,-0.2162756598240469,-0.1107038123167155,32,available
Qwen,MoE write / expert update strength,fixed_v8_composite_4,12,0,early,-0.125733137829912,-0.0161290322580645,32,available
Qwen,MoE write / expert update strength,fixed_v8_composite_4,12,1,early,-0.2346041055718475,-0.0670821114369501,32,available
Qwen,MoE write / expert update strength,fixed_v8_composite_4,12,2,early,-0.2155425219941348,-0.1297653958944281,32,available
Qwen,MoE write / expert update strength,fixed_v8_composite_4,12,3,early,-0.2426686217008797,-0.096774193548387,32,available
Qwen,MoE write / expert update strength,fixed_v8_composite_4,12,4,middle,-0.2115102639296187,-0.1389296187683284,32,available
Qwen,MoE write / expert update strength,fixed_v8_composite_4,12,5,middle,-0.1543255131964809,-0.000366568914956,32,available
Qwen,MoE write / expert update strength,fixed_v8_composite_4,12,6,middle,-0.1341642228739002,-0.0047653958944281,32,available
Qwen,MoE write / expert update strength,fixed_v8_composite_4,12,7,middle,-0.1814516129032257,-0.0846774193548387,32,available
Qwen,MoE write / expert update strength,fixed_v8_composite_4,12,8,late,-0.1253665689149559,0.0252932551319648,32,available
Qwen,MoE write / expert update strength,fixed_v8_composite_4,12,9,late,-0.1099706744868035,-0.0128299120234604,32,available
Qwen,MoE write / expert update strength,fixed_v8_composite_4,12,10,late,-0.2404692082111436,0.0164956011730205,32,available
Qwen,MoE write / expert update strength,fixed_v8_composite_4,12,11,late,-0.1821847507331378,-0.0898093841642228,32,available
Qwen,MoE write / expert update strength,fixed_v8_composite_4,13,0,early,0.000366568914956,-0.0175953079178885,32,available
Qwen,MoE write / expert update strength,fixed_v8_composite_4,13,1,early,-0.1385630498533724,-0.0861436950146627,32,available
Qwen,MoE write / expert update strength,fixed_v8_composite_4,13,2,early,-0.1363636363636363,-0.0476539589442815,32,available
Qwen,MoE write / expert update strength,fixed_v8_composite_4,13,3,early,-0.1297653958944281,-0.0795454545454545,32,available
Qwen,MoE write / expert update strength,fixed_v8_composite_4,13,4,middle,-0.2082111436950146,-0.2895894428152492,32,available
Qwen,MoE write / expert update strength,fixed_v8_composite_4,13,5,middle,-0.0447214076246334,-0.0575513196480938,32,available
Qwen,MoE write / expert update strength,fixed_v8_composite_4,13,6,middle,-0.1096041055718475,-0.0590175953079178,32,available
Qwen,MoE write / expert update strength,fixed_v8_composite_4,13,7,middle,-0.1480938416422287,-0.1440615835777126,32,available
Qwen,MoE write / expert update strength,fixed_v8_composite_4,13,8,late,-0.0370234604105571,0.0810117302052785,32,available
Qwen,MoE write / expert update strength,fixed_v8_composite_4,13,9,late,-0.0920087976539589,-0.0032991202346041,32,available
Qwen,MoE write / expert update strength,fixed_v8_composite_4,13,10,late,-0.1843841642228739,-0.0703812316715542,32,available
Qwen,MoE write / expert update strength,fixed_v8_composite_4,13,11,late,-0.157991202346041,-0.0894428152492668,32,available
Qwen,MoE write / expert update strength,fixed_v8_composite_4,14,0,early,0.033357771260997,0.1829178885630498,32,available
Qwen,MoE write / expert update strength,fixed_v8_composite_4,14,1,early,-0.2470674486803519,-0.1088709677419354,32,available
Qwen,MoE write / expert update strength,fixed_v8_composite_4,14,2,early,-0.1851173020527859,-0.1436950146627565,32,available
Qwen,MoE write / expert update strength,fixed_v8_composite_4,14,3,early,-0.2247067448680351,-0.1367302052785923,32,available
Qwen,MoE write / expert update strength,fixed_v8_composite_4,14,4,middle,-0.1620234604105571,-0.1469941348973606,32,available
Qwen,MoE write / expert update strength,fixed_v8_composite_4,14,5,middle,-0.1843841642228739,-0.1330645161290322,32,available
Qwen,MoE write / expert update strength,fixed_v8_composite_4,14,6,middle,-0.0762463343108504,0.0135630498533724,32,available
Qwen,MoE write / expert update strength,fixed_v8_composite_4,14,7,middle,-0.1396627565982404,-0.1224340175953079,32,available
Qwen,MoE write / expert update strength,fixed_v8_composite_4,14,8,late,-0.0986070381231671,-0.0128299120234604,32,available
Qwen,MoE write / expert update strength,fixed_v8_composite_4,14,9,late,-0.0450879765395894,0.0546187683284457,32,available
Qwen,MoE write / expert update strength,fixed_v8_composite_4,14,10,late,-0.284090909090909,-0.1528592375366569,32,available
Qwen,MoE write / expert update strength,fixed_v8_composite_4,14,11,late,-0.1158357771260997,-0.0531524926686217,32,available
Qwen,MoE write / expert update strength,fixed_v8_composite_4,15,0,early,0.2159090909090908,0.190615835777126,32,available
Qwen,MoE write / expert update strength,fixed_v8_composite_4,15,1,early,0.187683284457478,0.282991202346041,32,available
Qwen,MoE write / expert update strength,fixed_v8_composite_4,15,2,early,0.1125366568914955,0.0839442815249266,32,available
Qwen,MoE write / expert update strength,fixed_v8_composite_4,15,3,early,0.0813782991202346,0.0703812316715542,32,available
Qwen,MoE write / expert update strength,fixed_v8_composite_4,15,4,middle,0.1616568914956011,0.1037390029325513,32,available
Qwen,MoE write / expert update strength,fixed_v8_composite_4,15,5,middle,0.1440615835777126,0.126466275659824,32,available
Qwen,MoE write / expert update strength,fixed_v8_composite_4,15,6,middle,0.1752199413489735,0.1649560117302052,32,available
Qwen,MoE write / expert update strength,fixed_v8_composite_4,15,7,middle,0.0564516129032258,0.0128299120234604,32,available
Qwen,MoE write / expert update strength,fixed_v8_composite_4,15,8,late,0.1085043988269794,0.1231671554252199,32,available
Qwen,MoE write / expert update strength,fixed_v8_composite_4,15,9,late,0.1110703812316715,0.1312316715542522,32,available
Qwen,MoE write / expert update strength,fixed_v8_composite_4,15,10,late,-0.0681818181818181,0.0032991202346041,32,available
Qwen,MoE write / expert update strength,fixed_v8_composite_4,15,11,late,0.0626832844574779,0.0267595307917888,32,available
Qwen,MoE write / expert update strength,fixed_v8_composite_4,16,0,early,0.2485337243401759,0.3086510263929618,32,available
Qwen,MoE write / expert update strength,fixed_v8_composite_4,16,1,early,0.1345307917888563,0.1224340175953079,32,available
Qwen,MoE write / expert update strength,fixed_v8_composite_4,16,2,early,-0.0095307917888563,0.0817448680351906,32,available
Qwen,MoE write / expert update strength,fixed_v8_composite_4,16,3,early,0.0725806451612903,0.1942815249266862,32,available
Qwen,MoE write / expert update strength,fixed_v8_composite_4,16,4,middle,0.1235337243401759,0.1869501466275659,32,available
Qwen,MoE write / expert update strength,fixed_v8_composite_4,16,5,middle,-0.0205278592375366,-0.0311583577712609,32,available
Qwen,MoE write / expert update strength,fixed_v8_composite_4,16,6,middle,0.1308651026392961,0.1422287390029325,32,available
Qwen,MoE write / expert update strength,fixed_v8_composite_4,16,7,middle,-0.001466275659824,0.033724340175953,32,available
Qwen,MoE write / expert update strength,fixed_v8_composite_4,16,8,late,0.1000733137829912,0.1118035190615835,32,available
Qwen,MoE write / expert update strength,fixed_v8_composite_4,16,9,late,0.127565982404692,0.2401026392961876,32,available
Qwen,MoE write / expert update strength,fixed_v8_composite_4,16,10,late,-0.0399560117302052,0.0769794721407624,32,available
Qwen,MoE write / expert update strength,fixed_v8_composite_4,16,11,late,0.0351906158357771,0.0674486803519061,32,available
Qwen,MoE write / expert update strength,fixed_v8_composite_4,17,0,early,-0.2166422287390029,-0.0659824046920821,32,available
Qwen,MoE write / expert update strength,fixed_v8_composite_4,17,1,early,-0.2478005865102638,-0.0183284457478005,32,available
Qwen,MoE write / expert update strength,fixed_v8_composite_4,17,2,early,-0.2925219941348973,-0.1187683284457477,32,available
Qwen,MoE write / expert update strength,fixed_v8_composite_4,17,3,early,-0.4677419354838708,-0.3053519061583578,32,available
Qwen,MoE write / expert update strength,fixed_v8_composite_4,17,4,middle,-0.3859970674486803,-0.2998533724340176,32,available
Qwen,MoE write / expert update strength,fixed_v8_composite_4,17,5,middle,-0.2980205278592375,-0.127565982404692,32,available
Qwen,MoE write / expert update strength,fixed_v8_composite_4,17,6,middle,-0.2247067448680351,-0.0659824046920821,32,available
Qwen,MoE write / expert update strength,fixed_v8_composite_4,17,7,middle,-0.3647360703812316,-0.1774193548387096,32,available
Qwen,MoE write / expert update strength,fixed_v8_composite_4,17,8,late,-0.2225073313782991,-0.0216275659824046,32,available
Qwen,MoE write / expert update strength,fixed_v8_composite_4,17,9,late,-0.2082111436950146,-0.0399560117302052,32,available
Qwen,MoE write / expert update strength,fixed_v8_composite_4,17,10,late,-0.346407624633431,-0.1348973607038123,32,available
Qwen,MoE write / expert update strength,fixed_v8_composite_4,17,11,late,-0.3533724340175952,-0.251099706744868,32,available
Qwen,MoE write / expert update strength,fixed_v8_composite_4,18,0,early,-0.0832111436950146,0.0553519061583577,32,available
Qwen,MoE write / expert update strength,fixed_v8_composite_4,18,1,early,-0.1378299120234604,0.06524926686217,32,available
Qwen,MoE write / expert update strength,fixed_v8_composite_4,18,2,early,-0.219574780058651,-0.0260263929618768,32,available
Qwen,MoE write / expert update strength,fixed_v8_composite_4,18,3,early,-0.1766862170087976,0.0425219941348973,32,available
Qwen,MoE write / expert update strength,fixed_v8_composite_4,18,4,middle,-0.2151759530791788,-0.0135630498533724,32,available
Qwen,MoE write / expert update strength,fixed_v8_composite_4,18,5,middle,-0.3038856304985337,0.0245601173020527,32,available
Qwen,MoE write / expert update strength,fixed_v8_composite_4,18,6,middle,-0.1129032258064516,-0.0150293255131964,32,available
Qwen,MoE write / expert update strength,fixed_v8_composite_4,18,7,middle,-0.0516862170087976,0.1308651026392961,32,available
Qwen,MoE write / expert update strength,fixed_v8_composite_4,18,8,late,-0.0986070381231671,0.0894428152492668,32,available
Qwen,MoE write / expert update strength,fixed_v8_composite_4,18,9,late,-0.0289589442815249,0.1810850439882697,32,available
Qwen,MoE write / expert update strength,fixed_v8_composite_4,18,10,late,-0.1217008797653958,0.2118768328445747,32,available
Qwen,MoE write / expert update strength,fixed_v8_composite_4,18,11,late,-0.1030058651026392,0.0425219941348973,32,available
Qwen,MoE write / expert update strength,fixed_v8_composite_4,19,0,early,-0.2038123167155424,-0.0146627565982404,32,available
Qwen,MoE write / expert update strength,fixed_v8_composite_4,19,1,early,-0.2320381231671554,0.0557184750733137,32,available
Qwen,MoE write / expert update strength,fixed_v8_composite_4,19,2,early,-0.3412756598240469,-0.2368035190615835,32,available
Qwen,MoE write / expert update strength,fixed_v8_composite_4,19,3,early,-0.3038856304985337,-0.0531524926686217,32,available
Qwen,MoE write / expert update strength,fixed_v8_composite_4,19,4,middle,-0.3277126099706744,-0.157991202346041,32,available
Qwen,MoE write / expert update strength,fixed_v8_composite_4,19,5,middle,-0.3420087976539589,-0.1979472140762463,32,available
Qwen,MoE write / expert update strength,fixed_v8_composite_4,19,6,middle,-0.187316715542522,-0.0505865102639296,32,available
Qwen,MoE write / expert update strength,fixed_v8_composite_4,19,7,middle,-0.2716275659824047,-0.1004398826979472,32,available
Qwen,MoE write / expert update strength,fixed_v8_composite_4,19,8,late,-0.1763196480938416,0.0436217008797653,32,available
Qwen,MoE write / expert update strength,fixed_v8_composite_4,19,9,late,-0.1715542521994134,0.0674486803519061,32,available
Qwen,MoE write / expert update strength,fixed_v8_composite_4,19,10,late,-0.2906891495601172,0.0194281524926686,32,available
Qwen,MoE write / expert update strength,fixed_v8_composite_4,19,11,late,-0.3178152492668621,-0.1785190615835777,32,available
Qwen,MoE write / expert update strength,fixed_v8_composite_4,20,0,early,-0.2423020527859237,-0.1854838709677419,32,available
Qwen,MoE write / expert update strength,fixed_v8_composite_4,20,1,early,-0.1304985337243401,0.1015395894428152,32,available
Qwen,MoE write / expert update strength,fixed_v8_composite_4,20,2,early,-0.1722873900293255,-0.0850439882697947,32,available
Qwen,MoE write / expert update strength,fixed_v8_composite_4,20,3,early,-0.1484604105571847,-0.0087976539589442,32,available
Qwen,MoE write / expert update strength,fixed_v8_composite_4,20,4,middle,-0.1678885630498533,-0.1077712609970674,32,available
Qwen,MoE write / expert update strength,fixed_v8_composite_4,20,5,middle,-0.1693548387096774,0.0355571847507331,32,available
Qwen,MoE write / expert update strength,fixed_v8_composite_4,20,6,middle,-0.1638563049853372,-0.0626832844574779,32,available
Qwen,MoE write / expert update strength,fixed_v8_composite_4,20,7,middle,-0.0857771260997067,0.0205278592375366,32,available
Qwen,MoE write / expert update strength,fixed_v8_composite_4,20,8,late,-0.0164956011730205,0.1301319648093841,32,available
Qwen,MoE write / expert update strength,fixed_v8_composite_4,20,9,late,-0.1788856304985337,-0.0791788856304985,32,available
Qwen,MoE write / expert update strength,fixed_v8_composite_4,20,10,late,-0.0626832844574779,0.1565249266862169,32,available
Qwen,MoE write / expert update strength,fixed_v8_composite_4,20,11,late,-0.1359970674486803,-0.0054985337243401,32,available
Qwen,MoE write / expert update strength,fixed_v8_composite_4,21,0,early,-0.0854105571847507,0.0036656891495601,32,available
Qwen,MoE write / expert update strength,fixed_v8_composite_4,21,1,early,-0.0535190615835777,0.1561583577712609,32,available
Qwen,MoE write / expert update strength,fixed_v8_composite_4,21,2,early,0.0487536656891495,0.094574780058651,32,available
Qwen,MoE write / expert update strength,fixed_v8_composite_4,21,3,early,-0.031891495601173,0.0718475073313782,32,available
Qwen,MoE write / expert update strength,fixed_v8_composite_4,21,4,middle,-0.0982404692082111,-0.0505865102639296,32,available
Qwen,MoE write / expert update strength,fixed_v8_composite_4,21,5,middle,0.0619501466275659,0.1616568914956011,32,available
Qwen,MoE write / expert update strength,fixed_v8_composite_4,21,6,middle,0.0131964809384164,0.0733137829912023,32,available
Qwen,MoE write / expert update strength,fixed_v8_composite_4,21,7,middle,0.0109970674486803,0.0689149560117302,32,available
Qwen,MoE write / expert update strength,fixed_v8_composite_4,21,8,late,0.0450879765395894,0.1953812316715542,32,available
Qwen,MoE write / expert update strength,fixed_v8_composite_4,21,9,late,0.0252932551319648,0.1136363636363636,32,available
Qwen,MoE write / expert update strength,fixed_v8_composite_4,21,10,late,-0.0047653958944281,0.1561583577712609,32,available
Qwen,MoE write / expert update strength,fixed_v8_composite_4,21,11,late,0.0043988269794721,0.126466275659824,32,available
Qwen,MoE write / expert update strength,fixed_v8_composite_4,22,0,early,-0.0032991202346041,0.1044721407624633,32,available
Qwen,MoE write / expert update strength,fixed_v8_composite_4,22,1,early,0.0076979472140762,0.2565982404692081,32,available
Qwen,MoE write / expert update strength,fixed_v8_composite_4,22,2,early,0.0098973607038123,0.1154692082111436,32,available
Qwen,MoE write / expert update strength,fixed_v8_composite_4,22,3,early,-0.0502199413489736,0.1019061583577712,32,available
Qwen,MoE write / expert update strength,fixed_v8_composite_4,22,4,middle,-0.033357771260997,0.0417888563049853,32,available
Qwen,MoE write / expert update strength,fixed_v8_composite_4,22,5,middle,0.0036656891495601,0.1535923753665689,32,available
Qwen,MoE write / expert update strength,fixed_v8_composite_4,22,6,middle,0.1418621700879765,0.2558651026392962,32,available
Qwen,MoE write / expert update strength,fixed_v8_composite_4,22,7,middle,0.0296920821114369,0.125,32,available
Qwen,MoE write / expert update strength,fixed_v8_composite_4,22,8,late,0.0777126099706744,0.251099706744868,32,available
Qwen,MoE write / expert update strength,fixed_v8_composite_4,22,9,late,0.06524926686217,0.1928152492668621,32,available
Qwen,MoE write / expert update strength,fixed_v8_composite_4,22,10,late,-0.0172287390029325,0.189516129032258,32,available
Qwen,MoE write / expert update strength,fixed_v8_composite_4,22,11,late,0.0219941348973607,0.1363636363636363,32,available
Qwen,MoE write / expert update strength,fixed_v8_composite_4,23,0,early,-0.0098973607038123,-0.0883431085043988,32,available
Qwen,MoE write / expert update strength,fixed_v8_composite_4,23,1,early,0.0267595307917888,0.0564516129032258,32,available
Qwen,MoE write / expert update strength,fixed_v8_composite_4,23,2,early,-0.0494868035190615,-0.0289589442815249,32,available
Qwen,MoE write / expert update strength,fixed_v8_composite_4,23,3,early,-0.0619501466275659,-0.0722140762463343,32,available
Qwen,MoE write / expert update strength,fixed_v8_composite_4,23,4,middle,0.0604838709677419,0.0172287390029325,32,available
Qwen,MoE write / expert update strength,fixed_v8_composite_4,23,5,middle,0.0821114369501466,0.1154692082111436,32,available
Qwen,MoE write / expert update strength,fixed_v8_composite_4,23,6,middle,0.1129032258064516,0.0905425219941348,32,available
Qwen,MoE write / expert update strength,fixed_v8_composite_4,23,7,middle,0.0685483870967741,0.0718475073313782,32,available
Qwen,MoE write / expert update strength,fixed_v8_composite_4,23,8,late,0.1345307917888563,0.1653225806451612,32,available
Qwen,MoE write / expert update strength,fixed_v8_composite_4,23,9,late,0.0491202346041055,0.0040322580645161,32,available
Qwen,MoE write / expert update strength,fixed_v8_composite_4,23,10,late,-0.1110703812316715,-0.0212609970674486,32,available
Qwen,MoE write / expert update strength,fixed_v8_composite_4,23,11,late,-0.0109970674486803,-0.0813782991202346,32,available
Qwen,MoE write / expert update strength,fixed_v8_composite_4,24,0,early,-0.3372434017595307,-0.3434750733137829,32,available
Qwen,MoE write / expert update strength,fixed_v8_composite_4,24,1,early,-0.343841642228739,-0.2239736070381231,32,available
Qwen,MoE write / expert update strength,fixed_v8_composite_4,24,2,early,-0.3020527859237536,-0.2598973607038123,32,available
Qwen,MoE write / expert update strength,fixed_v8_composite_4,24,3,early,-0.344208211143695,-0.3031524926686216,32,available
Qwen,MoE write / expert update strength,fixed_v8_composite_4,24,4,middle,-0.2991202346041055,-0.2650293255131964,32,available
Qwen,MoE write / expert update strength,fixed_v8_composite_4,24,5,middle,-0.2760263929618767,-0.2104105571847507,32,available
Qwen,MoE write / expert update strength,fixed_v8_composite_4,24,6,middle,-0.2914222873900293,-0.2423020527859237,32,available
Qwen,MoE write / expert update strength,fixed_v8_composite_4,24,7,middle,-0.2393695014662756,-0.1744868035190615,32,available
Qwen,MoE write / expert update strength,fixed_v8_composite_4,24,8,late,-0.282624633431085,-0.1917155425219941,32,available
Qwen,MoE write / expert update strength,fixed_v8_composite_4,24,9,late,-0.2485337243401759,-0.1957478005865102,32,available
Qwen,MoE write / expert update strength,fixed_v8_composite_4,24,10,late,-0.4725073313782991,-0.3482404692082111,32,available
Qwen,MoE write / expert update strength,fixed_v8_composite_4,24,11,late,-0.2375366568914955,-0.1711876832844574,32,available
Qwen,MoE write / expert update strength,fixed_v8_composite_4,25,0,early,-0.2030791788856304,-0.2313049853372434,32,available
Qwen,MoE write / expert update strength,fixed_v8_composite_4,25,1,early,-0.1323313782991202,-0.188782991202346,32,available
Qwen,MoE write / expert update strength,fixed_v8_composite_4,25,2,early,-0.1392961876832844,-0.222140762463343,32,available
Qwen,MoE write / expert update strength,fixed_v8_composite_4,25,3,early,-0.1363636363636363,-0.188049853372434,32,available
Qwen,MoE write / expert update strength,fixed_v8_composite_4,25,4,middle,-0.2060117302052785,-0.3317448680351906,32,available
Qwen,MoE write / expert update strength,fixed_v8_composite_4,25,5,middle,-0.1561583577712609,-0.2569648093841642,32,available
Qwen,MoE write / expert update strength,fixed_v8_composite_4,25,6,middle,-0.0505865102639296,-0.1030058651026392,32,available
Qwen,MoE write / expert update strength,fixed_v8_composite_4,25,7,middle,-0.219574780058651,-0.2642961876832844,32,available
Qwen,MoE write / expert update strength,fixed_v8_composite_4,25,8,late,-0.1766862170087976,-0.1466275659824046,32,available
Qwen,MoE write / expert update strength,fixed_v8_composite_4,25,9,late,-0.1154692082111436,-0.1374633431085043,32,available
Qwen,MoE write / expert update strength,fixed_v8_composite_4,25,10,late,-0.1708211143695014,-0.2371700879765395,32,available
Qwen,MoE write / expert update strength,fixed_v8_composite_4,25,11,late,-0.2115102639296187,-0.2862903225806451,32,available
Qwen,MoE write / expert update strength,fixed_v8_composite_4,26,0,early,0.1931818181818181,0.1389296187683284,32,available
Qwen,MoE write / expert update strength,fixed_v8_composite_4,26,1,early,0.0311583577712609,-0.0289589442815249,32,available
Qwen,MoE write / expert update strength,fixed_v8_composite_4,26,2,early,0.0623167155425219,0.0417888563049853,32,available
Qwen,MoE write / expert update strength,fixed_v8_composite_4,26,3,early,0.1220674486803519,0.1070381231671554,32,available
Qwen,MoE write / expert update strength,fixed_v8_composite_4,26,4,middle,0.1799853372434017,0.1239002932551319,32,available
Qwen,MoE write / expert update strength,fixed_v8_composite_4,26,5,middle,0.1176686217008797,0.1136363636363636,32,available
Qwen,MoE write / expert update strength,fixed_v8_composite_4,26,6,middle,0.0212609970674486,-0.0399560117302052,32,available
Qwen,MoE write / expert update strength,fixed_v8_composite_4,26,7,middle,0.1491935483870967,0.1334310850439882,32,available
Qwen,MoE write / expert update strength,fixed_v8_composite_4,26,8,late,0.1008064516129032,0.1385630498533724,32,available
Qwen,MoE write / expert update strength,fixed_v8_composite_4,26,9,late,0.1942815249266862,0.1741202346041055,32,available
Qwen,MoE write / expert update strength,fixed_v8_composite_4,26,10,late,0.0384897360703812,0.0553519061583577,32,available
Qwen,MoE write / expert update strength,fixed_v8_composite_4,26,11,late,0.0824780058651026,0.0120967741935483,32,available
Qwen,MoE write / expert update strength,fixed_v8_composite_4,27,0,early,0.0289589442815249,-0.0384897360703812,32,available
Qwen,MoE write / expert update strength,fixed_v8_composite_4,27,1,early,-0.0043988269794721,-0.0274926686217008,32,available
Qwen,MoE write / expert update strength,fixed_v8_composite_4,27,2,early,0.0876099706744867,-0.0835777126099706,32,available
Qwen,MoE write / expert update strength,fixed_v8_composite_4,27,3,early,-0.0623167155425219,-0.1763196480938416,32,available
Qwen,MoE write / expert update strength,fixed_v8_composite_4,27,4,middle,0.1312316715542522,0.0201612903225806,32,available
Qwen,MoE write / expert update strength,fixed_v8_composite_4,27,5,middle,0.0560850439882697,-0.1125366568914955,32,available
Qwen,MoE write / expert update strength,fixed_v8_composite_4,27,6,middle,0.0377565982404692,-0.0249266862170087,32,available
Qwen,MoE write / expert update strength,fixed_v8_composite_4,27,7,middle,-0.0436217008797653,-0.1561583577712609,32,available
Qwen,MoE write / expert update strength,fixed_v8_composite_4,27,8,late,0.0355571847507331,-0.0912756598240469,32,available
Qwen,MoE write / expert update strength,fixed_v8_composite_4,27,9,late,-0.0146627565982404,-0.1323313782991202,32,available
Qwen,MoE write / expert update strength,fixed_v8_composite_4,27,10,late,-0.0865102639296187,-0.1620234604105571,32,available
Qwen,MoE write / expert update strength,fixed_v8_composite_4,27,11,late,0.0153958944281524,-0.157624633431085,32,available
Qwen,MoE write / expert update strength,fixed_v8_composite_4,28,0,early,0.2283724340175953,0.1851173020527859,32,available
Qwen,MoE write / expert update strength,fixed_v8_composite_4,28,1,early,0.1165689149560117,-0.0912756598240469,32,available
Qwen,MoE write / expert update strength,fixed_v8_composite_4,28,2,early,0.0689149560117302,-0.0344574780058651,32,available
Qwen,MoE write / expert update strength,fixed_v8_composite_4,28,3,early,0.1103372434017595,-0.0927419354838709,32,available
Qwen,MoE write / expert update strength,fixed_v8_composite_4,28,4,middle,0.1239002932551319,-0.0417888563049853,32,available
Qwen,MoE write / expert update strength,fixed_v8_composite_4,28,5,middle,0.1447947214076246,0.002932551319648,32,available
Qwen,MoE write / expert update strength,fixed_v8_composite_4,28,6,middle,0.0773460410557184,0.094208211143695,32,available
Qwen,MoE write / expert update strength,fixed_v8_composite_4,28,7,middle,0.0439882697947214,-0.093841642228739,32,available
Qwen,MoE write / expert update strength,fixed_v8_composite_4,28,8,late,0.0626832844574779,-0.0986070381231671,32,available
Qwen,MoE write / expert update strength,fixed_v8_composite_4,28,9,late,0.0909090909090909,-0.0179618768328445,32,available
Qwen,MoE write / expert update strength,fixed_v8_composite_4,28,10,late,0.0377565982404692,-0.1022727272727272,32,available
Qwen,MoE write / expert update strength,fixed_v8_composite_4,28,11,late,0.0758797653958944,-0.1070381231671554,32,available
Qwen,MoE write / expert update strength,fixed_v8_composite_4,29,0,early,0.0428885630498533,-0.063049853372434,32,available
Qwen,MoE write / expert update strength,fixed_v8_composite_4,29,1,early,0.1066715542521994,-0.034090909090909,32,available
Qwen,MoE write / expert update strength,fixed_v8_composite_4,29,2,early,-0.0593841642228738,-0.1792521994134897,32,available
Qwen,MoE write / expert update strength,fixed_v8_composite_4,29,3,early,0.0036656891495601,-0.1239002932551319,32,available
Qwen,MoE write / expert update strength,fixed_v8_composite_4,29,4,middle,-0.0245601173020527,-0.2038123167155424,32,available
Qwen,MoE write / expert update strength,fixed_v8_composite_4,29,5,middle,0.0846774193548387,-0.1337976539589442,32,available
Qwen,MoE write / expert update strength,fixed_v8_composite_4,29,6,middle,0.0366568914956011,-0.0124633431085043,32,available
Qwen,MoE write / expert update strength,fixed_v8_composite_4,29,7,middle,-0.1118035190615835,-0.2712609970674486,32,available
Qwen,MoE write / expert update strength,fixed_v8_composite_4,29,8,late,-0.0359237536656891,-0.1022727272727272,32,available
Qwen,MoE write / expert update strength,fixed_v8_composite_4,29,9,late,0.0249266862170087,-0.0989736070381231,32,available
Qwen,MoE write / expert update strength,fixed_v8_composite_4,29,10,late,-0.0403225806451612,-0.1653225806451612,32,available
Qwen,MoE write / expert update strength,fixed_v8_composite_4,29,11,late,-0.0249266862170087,-0.2261730205278592,32,available
Qwen,MoE write / expert update strength,fixed_v8_composite_4,30,0,early,0.0564516129032258,0.0,32,available
Qwen,MoE write / expert update strength,fixed_v8_composite_4,30,1,early,0.1158357771260997,0.0909090909090909,32,available
Qwen,MoE write / expert update strength,fixed_v8_composite_4,30,2,early,-0.0267595307917888,-0.0392228739002932,32,available
Qwen,MoE write / expert update strength,fixed_v8_composite_4,30,3,early,0.0608504398826979,-0.0373900293255131,32,available
Qwen,MoE write / expert update strength,fixed_v8_composite_4,30,4,middle,0.0901759530791788,-0.0359237536656891,32,available
Qwen,MoE write / expert update strength,fixed_v8_composite_4,30,5,middle,-0.0403225806451612,-0.063782991202346,32,available
Qwen,MoE write / expert update strength,fixed_v8_composite_4,30,6,middle,0.0546187683284457,0.0568181818181818,32,available
Qwen,MoE write / expert update strength,fixed_v8_composite_4,30,7,middle,0.0887096774193548,0.0307917888563049,32,available
Qwen,MoE write / expert update strength,fixed_v8_composite_4,30,8,late,0.0065982404692082,-0.0560850439882697,32,available
Qwen,MoE write / expert update strength,fixed_v8_composite_4,30,9,late,0.1763196480938416,0.1506598240469208,32,available
Qwen,MoE write / expert update strength,fixed_v8_composite_4,30,10,late,-0.001099706744868,-0.0102639296187683,32,available
Qwen,MoE write / expert update strength,fixed_v8_composite_4,30,11,late,0.1147360703812316,0.0307917888563049,32,available
Qwen,MoE write / expert update strength,fixed_v8_composite_4,31,0,early,0.096041055718475,0.1070381231671554,32,available
Qwen,MoE write / expert update strength,fixed_v8_composite_4,31,1,early,0.2408357771260997,0.2719941348973607,32,available
Qwen,MoE write / expert update strength,fixed_v8_composite_4,31,2,early,0.314149560117302,0.2793255131964808,32,available
Qwen,MoE write / expert update strength,fixed_v8_composite_4,31,3,early,0.1418621700879765,0.1513929618768328,32,available
Qwen,MoE write / expert update strength,fixed_v8_composite_4,31,4,middle,0.188782991202346,0.220307917888563,32,available
Qwen,MoE write / expert update strength,fixed_v8_composite_4,31,5,middle,0.3673020527859237,0.3559384164222873,32,available
Qwen,MoE write / expert update strength,fixed_v8_composite_4,31,6,middle,0.2800586510263929,0.2796920821114369,32,available
Qwen,MoE write / expert update strength,fixed_v8_composite_4,31,7,middle,0.1667888563049853,0.2170087976539589,32,available
Qwen,MoE write / expert update strength,fixed_v8_composite_4,31,8,late,0.1627565982404692,0.1829178885630498,32,available
Qwen,MoE write / expert update strength,fixed_v8_composite_4,31,9,late,0.2371700879765395,0.2071114369501466,32,available
Qwen,MoE write / expert update strength,fixed_v8_composite_4,31,10,late,0.1561583577712609,0.1202346041055718,32,available
Qwen,MoE write / expert update strength,fixed_v8_composite_4,31,11,late,0.1396627565982404,0.0828445747800586,32,available
Qwen,MoE write / expert update strength,fixed_v8_composite_4,32,0,early,0.032991202346041,-0.1821847507331378,32,available
Qwen,MoE write / expert update strength,fixed_v8_composite_4,32,1,early,0.2503665689149559,0.1601906158357771,32,available
Qwen,MoE write / expert update strength,fixed_v8_composite_4,32,2,early,0.0219941348973607,-0.1374633431085043,32,available
Qwen,MoE write / expert update strength,fixed_v8_composite_4,32,3,early,0.0916422287390029,-0.0373900293255131,32,available
Qwen,MoE write / expert update strength,fixed_v8_composite_4,32,4,middle,0.1184017595307917,-0.0293255131964809,32,available
Qwen,MoE write / expert update strength,fixed_v8_composite_4,32,5,middle,0.0868768328445747,-0.0249266862170087,32,available
Qwen,MoE write / expert update strength,fixed_v8_composite_4,32,6,middle,0.1129032258064516,-0.0260263929618768,32,available
Qwen,MoE write / expert update strength,fixed_v8_composite_4,32,7,middle,0.1495601173020527,0.0703812316715542,32,available
Qwen,MoE write / expert update strength,fixed_v8_composite_4,32,8,late,0.2620967741935484,0.1554252199413489,32,available
Qwen,MoE write / expert update strength,fixed_v8_composite_4,32,9,late,0.0168621700879765,-0.1140029325513196,32,available
Qwen,MoE write / expert update strength,fixed_v8_composite_4,32,10,late,0.1708211143695014,0.0172287390029325,32,available
Qwen,MoE write / expert update strength,fixed_v8_composite_4,32,11,late,0.0300586510263929,-0.1359970674486803,32,available
Qwen,MoE write / expert update strength,fixed_v8_composite_4,33,0,early,0.0417888563049853,0.0179618768328445,32,available
Qwen,MoE write / expert update strength,fixed_v8_composite_4,33,1,early,0.2375366568914955,0.3662023460410557,32,available
Qwen,MoE write / expert update strength,fixed_v8_composite_4,33,2,early,0.1524926686217008,0.1488269794721407,32,available
Qwen,MoE write / expert update strength,fixed_v8_composite_4,33,3,early,0.2269061583577712,0.2635630498533724,32,available
Qwen,MoE write / expert update strength,fixed_v8_composite_4,33,4,middle,0.1975806451612903,0.2173753665689149,32,available
Qwen,MoE write / expert update strength,fixed_v8_composite_4,33,5,middle,0.2525659824046921,0.187316715542522,32,available
Qwen,MoE write / expert update strength,fixed_v8_composite_4,33,6,middle,0.2074780058651026,0.1686217008797653,32,available
Qwen,MoE write / expert update strength,fixed_v8_composite_4,33,7,middle,0.2423020527859237,0.2672287390029325,32,available
Qwen,MoE write / expert update strength,fixed_v8_composite_4,33,8,late,0.3720674486803519,0.4120234604105571,32,available
Qwen,MoE write / expert update strength,fixed_v8_composite_4,33,9,late,0.1546920821114369,0.1400293255131964,32,available
Qwen,MoE write / expert update strength,fixed_v8_composite_4,33,10,late,0.2503665689149559,0.2463343108504398,32,available
Qwen,MoE write / expert update strength,fixed_v8_composite_4,33,11,late,0.2298387096774193,0.2067448680351906,32,available
Qwen,MoE write / expert update strength,fixed_v8_composite_4,34,0,early,0.034090909090909,0.0428885630498533,32,available
Qwen,MoE write / expert update strength,fixed_v8_composite_4,34,1,early,0.0197947214076246,0.1011730205278592,32,available
Qwen,MoE write / expert update strength,fixed_v8_composite_4,34,2,early,0.1858504398826979,0.25366568914956,32,available
Qwen,MoE write / expert update strength,fixed_v8_composite_4,34,3,early,0.0410557184750733,0.1473607038123167,32,available
Qwen,MoE write / expert update strength,fixed_v8_composite_4,34,4,middle,0.064149560117302,0.0403225806451612,32,available
Qwen,MoE write / expert update strength,fixed_v8_composite_4,34,5,middle,0.1191348973607038,0.1656891495601173,32,available
Qwen,MoE write / expert update strength,fixed_v8_composite_4,34,6,middle,0.1455278592375366,0.1946480938416422,32,available
Qwen,MoE write / expert update strength,fixed_v8_composite_4,34,7,middle,0.0260263929618768,0.06341642228739,32,available
Qwen,MoE write / expert update strength,fixed_v8_composite_4,34,8,late,0.0575513196480938,0.1213343108504398,32,available
Qwen,MoE write / expert update strength,fixed_v8_composite_4,34,9,late,0.0740469208211143,0.1041055718475073,32,available
Qwen,MoE write / expert update strength,fixed_v8_composite_4,34,10,late,-0.0238269794721407,0.0659824046920821,32,available
Qwen,MoE write / expert update strength,fixed_v8_composite_4,34,11,late,0.1037390029325513,0.1414956011730205,32,available
Qwen,MoE write / expert update strength,fixed_v8_composite_4,35,0,early,0.1220674486803519,0.0850439882697947,32,available
Qwen,MoE write / expert update strength,fixed_v8_composite_4,35,1,early,0.1337976539589442,0.0714809384164222,32,available
Qwen,MoE write / expert update strength,fixed_v8_composite_4,35,2,early,0.2320381231671554,0.159090909090909,32,available
Qwen,MoE write / expert update strength,fixed_v8_composite_4,35,3,early,0.1796187683284457,0.1132697947214076,32,available
Qwen,MoE write / expert update strength,fixed_v8_composite_4,35,4,middle,0.2184750733137829,0.1348973607038123,32,available
Qwen,MoE write / expert update strength,fixed_v8_composite_4,35,5,middle,0.2214076246334311,0.159457478005865,32,available
Qwen,MoE write / expert update strength,fixed_v8_composite_4,35,6,middle,0.2346041055718475,0.2027126099706745,32,available
Qwen,MoE write / expert update strength,fixed_v8_composite_4,35,7,middle,0.1763196480938416,0.1315982404692082,32,available
Qwen,MoE write / expert update strength,fixed_v8_composite_4,35,8,late,0.3024193548387097,0.2756598240469208,32,available
Qwen,MoE write / expert update strength,fixed_v8_composite_4,35,9,late,0.2426686217008797,0.1862170087976539,32,available
Qwen,MoE write / expert update strength,fixed_v8_composite_4,35,10,late,0.1942815249266862,0.1352639296187683,32,available
Qwen,MoE write / expert update strength,fixed_v8_composite_4,35,11,late,0.1777859237536656,0.034090909090909,32,available
Qwen,MoE write / expert update strength,fixed_v8_composite_4,36,0,early,-0.0179618768328445,-0.1411290322580645,32,available
Qwen,MoE write / expert update strength,fixed_v8_composite_4,36,1,early,0.2045454545454545,0.157258064516129,32,available
Qwen,MoE write / expert update strength,fixed_v8_composite_4,36,2,early,0.1664222873900293,0.0469208211143695,32,available
Qwen,MoE write / expert update strength,fixed_v8_composite_4,36,3,early,-0.0135630498533724,-0.1055718475073313,32,available
Qwen,MoE write / expert update strength,fixed_v8_composite_4,36,4,middle,0.2140762463343108,0.1422287390029325,32,available
Qwen,MoE write / expert update strength,fixed_v8_composite_4,36,5,middle,0.127199413489736,0.001466275659824,32,available
Qwen,MoE write / expert update strength,fixed_v8_composite_4,36,6,middle,0.0975073313782991,-0.0465542521994134,32,available
Qwen,MoE write / expert update strength,fixed_v8_composite_4,36,7,middle,0.1228005865102639,0.0762463343108504,32,available
Qwen,MoE write / expert update strength,fixed_v8_composite_4,36,8,late,0.2987536656891495,0.2668621700879765,32,available
Qwen,MoE write / expert update strength,fixed_v8_composite_4,36,9,late,0.0663489736070381,-0.0436217008797653,32,available
Qwen,MoE write / expert update strength,fixed_v8_composite_4,36,10,late,0.0560850439882697,0.0278592375366568,32,available
Qwen,MoE write / expert update strength,fixed_v8_composite_4,36,11,late,0.1279325513196481,0.0348240469208211,32,available
Qwen,MoE write / expert update strength,fixed_v8_composite_4,37,0,early,0.2181085043988269,0.1935483870967741,32,available
Qwen,MoE write / expert update strength,fixed_v8_composite_4,37,1,early,0.1033724340175953,0.0989736070381231,32,available
Qwen,MoE write / expert update strength,fixed_v8_composite_4,37,2,early,0.1598240469208211,0.093841642228739,32,available
Qwen,MoE write / expert update strength,fixed_v8_composite_4,37,3,early,0.1169354838709677,0.0355571847507331,32,available
Qwen,MoE write / expert update strength,fixed_v8_composite_4,37,4,middle,0.0817448680351906,0.0208944281524926,32,available
Qwen,MoE write / expert update strength,fixed_v8_composite_4,37,5,middle,0.2664956011730205,0.1829178885630498,32,available
Qwen,MoE write / expert update strength,fixed_v8_composite_4,37,6,middle,0.2239736070381231,0.1862170087976539,32,available
Qwen,MoE write / expert update strength,fixed_v8_composite_4,37,7,middle,0.1513929618768328,0.0568181818181818,32,available
Qwen,MoE write / expert update strength,fixed_v8_composite_4,37,8,late,0.094208211143695,0.0164956011730205,32,available
Qwen,MoE write / expert update strength,fixed_v8_composite_4,37,9,late,0.1832844574780058,0.1044721407624633,32,available
Qwen,MoE write / expert update strength,fixed_v8_composite_4,37,10,late,0.1715542521994134,0.0898093841642228,32,available
Qwen,MoE write / expert update strength,fixed_v8_composite_4,37,11,late,0.1550586510263929,0.1466275659824046,32,available
Qwen,MoE write / expert update strength,fixed_v8_composite_4,38,0,early,0.0718475073313782,-0.096774193548387,32,available
Qwen,MoE write / expert update strength,fixed_v8_composite_4,38,1,early,0.094574780058651,-0.0564516129032258,32,available
Qwen,MoE write / expert update strength,fixed_v8_composite_4,38,2,early,0.284457478005865,0.1869501466275659,32,available
Qwen,MoE write / expert update strength,fixed_v8_composite_4,38,3,early,0.1202346041055718,-0.0175953079178885,32,available
Qwen,MoE write / expert update strength,fixed_v8_composite_4,38,4,middle,0.2591642228739003,0.0747800586510263,32,available
Qwen,MoE write / expert update strength,fixed_v8_composite_4,38,5,middle,0.2082111436950146,0.1070381231671554,32,available
Qwen,MoE write / expert update strength,fixed_v8_composite_4,38,6,middle,0.1213343108504398,-0.0197947214076246,32,available
Qwen,MoE write / expert update strength,fixed_v8_composite_4,38,7,middle,0.2287390029325513,0.0579178885630498,32,available
Qwen,MoE write / expert update strength,fixed_v8_composite_4,38,8,late,0.1634897360703812,0.0516862170087976,32,available
Qwen,MoE write / expert update strength,fixed_v8_composite_4,38,9,late,0.1132697947214076,-0.0377565982404692,32,available
Qwen,MoE write / expert update strength,fixed_v8_composite_4,38,10,late,0.1019061583577712,0.0194281524926686,32,available
Qwen,MoE write / expert update strength,fixed_v8_composite_4,38,11,late,0.251099706744868,0.1477272727272727,32,available
Qwen,MoE write / expert update strength,fixed_v8_composite_4,39,0,early,0.2456011730205278,0.0681818181818181,32,available
Qwen,MoE write / expert update strength,fixed_v8_composite_4,39,1,early,0.1499266862170088,-0.0736803519061583,32,available
Qwen,MoE write / expert update strength,fixed_v8_composite_4,39,2,early,0.3119501466275659,0.1770527859237536,32,available
Qwen,MoE write / expert update strength,fixed_v8_composite_4,39,3,early,0.0571847507331378,-0.1451612903225806,32,available
Qwen,MoE write / expert update strength,fixed_v8_composite_4,39,4,middle,0.2862903225806451,0.1004398826979472,32,available
Qwen,MoE write / expert update strength,fixed_v8_composite_4,39,5,middle,0.2943548387096774,0.096407624633431,32,available
Qwen,MoE write / expert update strength,fixed_v8_composite_4,39,6,middle,0.1957478005865102,0.0817448680351906,32,available
Qwen,MoE write / expert update strength,fixed_v8_composite_4,39,7,middle,0.1209677419354838,-0.0498533724340175,32,available
Qwen,MoE write / expert update strength,fixed_v8_composite_4,39,8,late,0.2950879765395894,0.2045454545454545,32,available
Qwen,MoE write / expert update strength,fixed_v8_composite_4,39,9,late,0.1169354838709677,-0.0388563049853372,32,available
Qwen,MoE write / expert update strength,fixed_v8_composite_4,39,10,late,0.1330645161290322,0.002565982404692,32,available
Qwen,MoE write / expert update strength,fixed_v8_composite_4,39,11,late,0.0898093841642228,-0.0406891495601173,32,available
Qwen,MoE write / expert update strength,fixed_v8_composite_4,40,0,early,0.1858504398826979,0.1546920821114369,32,available
Qwen,MoE write / expert update strength,fixed_v8_composite_4,40,1,early,0.1429618768328445,0.2074780058651026,32,available
Qwen,MoE write / expert update strength,fixed_v8_composite_4,40,2,early,0.1785190615835777,0.2507331378299119,32,available
Qwen,MoE write / expert update strength,fixed_v8_composite_4,40,3,early,0.0168621700879765,0.0538856304985337,32,available
Qwen,MoE write / expert update strength,fixed_v8_composite_4,40,4,middle,0.1286656891495601,0.125,32,available
Qwen,MoE write / expert update strength,fixed_v8_composite_4,40,5,middle,0.0395894428152492,0.0898093841642228,32,available
Qwen,MoE write / expert update strength,fixed_v8_composite_4,40,6,middle,0.1209677419354838,0.1348973607038123,32,available
Qwen,MoE write / expert update strength,fixed_v8_composite_4,40,7,middle,0.0890762463343108,0.1033724340175953,32,available
Qwen,MoE write / expert update strength,fixed_v8_composite_4,40,8,late,0.1110703812316715,0.128299120234604,32,available
Qwen,MoE write / expert update strength,fixed_v8_composite_4,40,9,late,0.0388563049853372,0.0498533724340175,32,available
Qwen,MoE write / expert update strength,fixed_v8_composite_4,40,10,late,-0.0256598240469208,0.0201612903225806,32,available
Qwen,MoE write / expert update strength,fixed_v8_composite_4,40,11,late,0.1030058651026392,0.1341642228739002,32,available
Qwen,MoE write / expert update strength,fixed_v8_composite_4,41,0,early,0.0436217008797653,-0.0304252199413489,32,available
Qwen,MoE write / expert update strength,fixed_v8_composite_4,41,1,early,-0.0267595307917888,-0.1565249266862169,32,available
Qwen,MoE write / expert update strength,fixed_v8_composite_4,41,2,early,0.1077712609970674,-0.0458211143695014,32,available
Qwen,MoE write / expert update strength,fixed_v8_composite_4,41,3,early,0.0355571847507331,-0.1290322580645161,32,available
Qwen,MoE write / expert update strength,fixed_v8_composite_4,41,4,middle,0.190982404692082,0.0685483870967741,32,available
Qwen,MoE write / expert update strength,fixed_v8_composite_4,41,5,middle,0.1847507331378299,0.0230938416422287,32,available
Qwen,MoE write / expert update strength,fixed_v8_composite_4,41,6,middle,0.0399560117302052,-0.06341642228739,32,available
Qwen,MoE write / expert update strength,fixed_v8_composite_4,41,7,middle,0.1011730205278592,-0.0351906158357771,32,available
Qwen,MoE write / expert update strength,fixed_v8_composite_4,41,8,late,0.0590175953079178,-0.0531524926686217,32,available
Qwen,MoE write / expert update strength,fixed_v8_composite_4,41,9,late,-0.001466275659824,-0.1631231671554251,32,available
Qwen,MoE write / expert update strength,fixed_v8_composite_4,41,10,late,0.0564516129032258,0.0051319648093841,32,available
Qwen,MoE write / expert update strength,fixed_v8_composite_4,41,11,late,0.0575513196480938,0.0168621700879765,32,available
Qwen,MoE write / expert update strength,fixed_v8_composite_4,42,0,early,0.0879765395894428,0.0751466275659824,32,available
Qwen,MoE write / expert update strength,fixed_v8_composite_4,42,1,early,-0.0219941348973607,-0.0505865102639296,32,available
Qwen,MoE write / expert update strength,fixed_v8_composite_4,42,2,early,-0.1279325513196481,-0.1345307917888563,32,available
Qwen,MoE write / expert update strength,fixed_v8_composite_4,42,3,early,-0.1480938416422287,-0.2089442815249266,32,available
Qwen,MoE write / expert update strength,fixed_v8_composite_4,42,4,middle,-0.0417888563049853,-0.0703812316715542,32,available
Qwen,MoE write / expert update strength,fixed_v8_composite_4,42,5,middle,-0.0450879765395894,-0.1436950146627565,32,available
Qwen,MoE write / expert update strength,fixed_v8_composite_4,42,6,middle,-0.0571847507331378,-0.0223607038123167,32,available
Qwen,MoE write / expert update strength,fixed_v8_composite_4,42,7,middle,-0.1436950146627565,-0.1513929618768328,32,available
Qwen,MoE write / expert update strength,fixed_v8_composite_4,42,8,late,-0.0421554252199413,-0.031891495601173,32,available
Qwen,MoE write / expert update strength,fixed_v8_composite_4,42,9,late,-0.1763196480938416,-0.1689882697947214,32,available
Qwen,MoE write / expert update strength,fixed_v8_composite_4,42,10,late,-0.0494868035190615,-0.031891495601173,32,available
Qwen,MoE write / expert update strength,fixed_v8_composite_4,42,11,late,-0.2173753665689149,-0.1975806451612903,32,available
Qwen,MoE write / expert update strength,fixed_v8_composite_4,43,0,early,-0.0157624633431085,-0.1396627565982404,32,available
Qwen,MoE write / expert update strength,fixed_v8_composite_4,43,1,early,-0.002199413489736,-0.158357771260997,32,available
Qwen,MoE write / expert update strength,fixed_v8_composite_4,43,2,early,0.094208211143695,0.0106304985337243,32,available
Qwen,MoE write / expert update strength,fixed_v8_composite_4,43,3,early,-0.1169354838709677,-0.2507331378299119,32,available
Qwen,MoE write / expert update strength,fixed_v8_composite_4,43,4,middle,-0.1477272727272727,-0.284457478005865,32,available
Qwen,MoE write / expert update strength,fixed_v8_composite_4,43,5,middle,0.063782991202346,-0.0238269794721407,32,available
Qwen,MoE write / expert update strength,fixed_v8_composite_4,43,6,middle,-0.0223607038123167,-0.094941348973607,32,available
Qwen,MoE write / expert update strength,fixed_v8_composite_4,43,7,middle,-0.0700146627565982,-0.2126099706744868,32,available
Qwen,MoE write / expert update strength,fixed_v8_composite_4,43,8,late,0.0197947214076246,-0.0351906158357771,32,available
Qwen,MoE write / expert update strength,fixed_v8_composite_4,43,9,late,-0.0887096774193548,-0.1840175953079178,32,available
Qwen,MoE write / expert update strength,fixed_v8_composite_4,43,10,late,-0.0271260997067448,-0.1202346041055718,32,available
Qwen,MoE write / expert update strength,fixed_v8_composite_4,43,11,late,-0.1096041055718475,-0.2445014662756598,32,available
Qwen,MoE write / expert update strength,fixed_v8_composite_4,44,0,early,-0.189149560117302,-0.1561583577712609,32,available
Qwen,MoE write / expert update strength,fixed_v8_composite_4,44,1,early,-0.1961143695014662,-0.0766129032258064,32,available
Qwen,MoE write / expert update strength,fixed_v8_composite_4,44,2,early,-0.0414222873900293,-0.0172287390029325,32,available
Qwen,MoE write / expert update strength,fixed_v8_composite_4,44,3,early,-0.2507331378299119,-0.2056451612903225,32,available
Qwen,MoE write / expert update strength,fixed_v8_composite_4,44,4,middle,-0.1385630498533724,-0.0828445747800586,32,available
Qwen,MoE write / expert update strength,fixed_v8_composite_4,44,5,middle,-0.1359970674486803,-0.064882697947214,32,available
Qwen,MoE write / expert update strength,fixed_v8_composite_4,44,6,middle,-0.1400293255131964,-0.1026392961876832,32,available
Qwen,MoE write / expert update strength,fixed_v8_composite_4,44,7,middle,-0.1059384164222873,-0.0414222873900293,32,available
Qwen,MoE write / expert update strength,fixed_v8_composite_4,44,8,late,-0.2019794721407624,-0.1986803519061583,32,available
Qwen,MoE write / expert update strength,fixed_v8_composite_4,44,9,late,-0.190615835777126,-0.2067448680351906,32,available
Qwen,MoE write / expert update strength,fixed_v8_composite_4,44,10,late,-0.2111436950146627,-0.1821847507331378,32,available
Qwen,MoE write / expert update strength,fixed_v8_composite_4,44,11,late,-0.095307917888563,-0.0549853372434017,32,available
Qwen,MoE write / expert update strength,fixed_v8_composite_4,45,0,early,0.1400293255131964,0.0758797653958944,32,available
Qwen,MoE write / expert update strength,fixed_v8_composite_4,45,1,early,0.2133431085043988,0.1345307917888563,32,available
Qwen,MoE write / expert update strength,fixed_v8_composite_4,45,2,early,0.2760263929618767,0.3354105571847507,32,available
Qwen,MoE write / expert update strength,fixed_v8_composite_4,45,3,early,0.0828445747800586,0.0909090909090909,32,available
Qwen,MoE write / expert update strength,fixed_v8_composite_4,45,4,middle,0.2122434017595307,0.2463343108504398,32,available
Qwen,MoE write / expert update strength,fixed_v8_composite_4,45,5,middle,0.1455278592375366,0.2034457478005865,32,available
Qwen,MoE write / expert update strength,fixed_v8_composite_4,45,6,middle,0.190982404692082,0.1803519061583577,32,available
Qwen,MoE write / expert update strength,fixed_v8_composite_4,45,7,middle,0.1114369501466275,0.1671554252199413,32,available
Qwen,MoE write / expert update strength,fixed_v8_composite_4,45,8,late,0.2019794721407624,0.2573313782991202,32,available
Qwen,MoE write / expert update strength,fixed_v8_composite_4,45,9,late,0.0898093841642228,0.1052052785923753,32,available
Qwen,MoE write / expert update strength,fixed_v8_composite_4,45,10,late,0.0403225806451612,0.0802785923753665,32,available
Qwen,MoE write / expert update strength,fixed_v8_composite_4,45,11,late,0.0857771260997067,0.031524926686217,32,available
Qwen,MoE write / expert update strength,fixed_v8_composite_4,46,0,early,0.1165689149560117,0.034090909090909,32,available
Qwen,MoE write / expert update strength,fixed_v8_composite_4,46,1,early,0.1026392961876832,0.0410557184750733,32,available
Qwen,MoE write / expert update strength,fixed_v8_composite_4,46,2,early,0.2225073313782991,0.2151759530791788,32,available
Qwen,MoE write / expert update strength,fixed_v8_composite_4,46,3,early,0.0931085043988269,0.0623167155425219,32,available
Qwen,MoE write / expert update strength,fixed_v8_composite_4,46,4,middle,0.1528592375366569,0.0802785923753665,32,available
Qwen,MoE write / expert update strength,fixed_v8_composite_4,46,5,middle,0.0982404692082111,0.1378299120234604,32,available
Qwen,MoE write / expert update strength,fixed_v8_composite_4,46,6,middle,0.1407624633431085,0.1074046920821114,32,available
Qwen,MoE write / expert update strength,fixed_v8_composite_4,46,7,middle,0.1781524926686216,0.1612903225806451,32,available
Qwen,MoE write / expert update strength,fixed_v8_composite_4,46,8,late,0.0905425219941348,0.0916422287390029,32,available
Qwen,MoE write / expert update strength,fixed_v8_composite_4,46,9,late,0.1480938416422287,0.0773460410557184,32,available
Qwen,MoE write / expert update strength,fixed_v8_composite_4,46,10,late,0.0054985337243401,0.0157624633431085,32,available
Qwen,MoE write / expert update strength,fixed_v8_composite_4,46,11,late,0.157258064516129,0.0700146627565982,32,available
Qwen,MoE write / expert update strength,fixed_v8_composite_4,47,0,early,-0.1136363636363636,-0.1239002932551319,32,available
Qwen,MoE write / expert update strength,fixed_v8_composite_4,47,1,early,-0.2452346041055718,-0.3409090909090909,32,available
Qwen,MoE write / expert update strength,fixed_v8_composite_4,47,2,early,-0.3544721407624633,-0.3815982404692081,32,available
Qwen,MoE write / expert update strength,fixed_v8_composite_4,47,3,early,-0.1821847507331378,-0.25,32,available
Qwen,MoE write / expert update strength,fixed_v8_composite_4,47,4,middle,-0.2807917888563049,-0.3057184750733138,32,available
Qwen,MoE write / expert update strength,fixed_v8_composite_4,47,5,middle,-0.1675219941348973,-0.2478005865102638,32,available
Qwen,MoE write / expert update strength,fixed_v8_composite_4,47,6,middle,-0.2914222873900293,-0.2463343108504398,32,available
Qwen,MoE write / expert update strength,fixed_v8_composite_4,47,7,middle,-0.2448680351906158,-0.3229472140762462,32,available
Qwen,MoE write / expert update strength,fixed_v8_composite_4,47,8,late,-0.2914222873900293,-0.3057184750733138,32,available
Qwen,MoE write / expert update strength,fixed_v8_composite_4,47,9,late,-0.3046187683284457,-0.3035190615835776,32,available
Qwen,MoE write / expert update strength,fixed_v8_composite_4,47,10,late,-0.1605571847507331,-0.1682551319648093,32,available
Qwen,MoE write / expert update strength,fixed_v8_composite_4,47,11,late,-0.3548387096774193,-0.3548387096774193,32,available
Qwen,Residual integration,fixed_v8_composite_5,0,0,early,-0.1022727272727272,0.281524926686217,32,available
Qwen,Residual integration,fixed_v8_composite_5,0,1,early,-0.2338709677419354,0.2547653958944281,32,available
Qwen,Residual integration,fixed_v8_composite_5,0,2,early,-0.2906891495601172,-0.0076979472140762,32,available
Qwen,Residual integration,fixed_v8_composite_5,0,3,early,-0.2873900293255131,0.0608504398826979,32,available
Qwen,Residual integration,fixed_v8_composite_5,0,4,middle,-0.2346041055718475,0.0857771260997067,32,available
Qwen,Residual integration,fixed_v8_composite_5,0,5,middle,-0.3053519061583578,0.0997067448680351,32,available
Qwen,Residual integration,fixed_v8_composite_5,0,6,middle,-0.0986070381231671,0.252199413489736,32,available
Qwen,Residual integration,fixed_v8_composite_5,0,7,middle,-0.2104105571847507,0.0593841642228738,32,available
Qwen,Residual integration,fixed_v8_composite_5,0,8,late,-0.189149560117302,0.0271260997067448,32,available
Qwen,Residual integration,fixed_v8_composite_5,0,9,late,-0.2170087976539589,0.0839442815249266,32,available
Qwen,Residual integration,fixed_v8_composite_5,0,10,late,-0.2214076246334311,0.1253665689149559,32,available
Qwen,Residual integration,fixed_v8_composite_5,0,11,late,-0.2313049853372434,0.0267595307917888,32,available
Qwen,Residual integration,fixed_v8_composite_5,1,0,early,-0.1506598240469208,-0.0751466275659824,32,available
Qwen,Residual integration,fixed_v8_composite_5,1,1,early,-0.3969941348973607,-0.3401759530791788,32,available
Qwen,Residual integration,fixed_v8_composite_5,1,2,early,-0.1513929618768328,-0.1777859237536656,32,available
Qwen,Residual integration,fixed_v8_composite_5,1,3,early,-0.2708944281524926,-0.1997800586510264,32,available
Qwen,Residual integration,fixed_v8_composite_5,1,4,middle,-0.2716275659824047,-0.2404692082111436,32,available
Qwen,Residual integration,fixed_v8_composite_5,1,5,middle,-0.2991202346041055,-0.3324780058651026,32,available
Qwen,Residual integration,fixed_v8_composite_5,1,6,middle,-0.3332111436950146,-0.3255131964809384,32,available
Qwen,Residual integration,fixed_v8_composite_5,1,7,middle,-0.2298387096774193,-0.2074780058651026,32,available
Qwen,Residual integration,fixed_v8_composite_5,1,8,late,-0.2408357771260997,-0.1524926686217008,32,available
Qwen,Residual integration,fixed_v8_composite_5,1,9,late,-0.12683284457478,-0.0986070381231671,32,available
Qwen,Residual integration,fixed_v8_composite_5,1,10,late,-0.3434750733137829,-0.2756598240469208,32,available
Qwen,Residual integration,fixed_v8_composite_5,1,11,late,-0.1755865102639296,-0.157258064516129,32,available
Qwen,Residual integration,fixed_v8_composite_5,2,0,early,0.0205278592375366,-0.1019061583577712,32,available
Qwen,Residual integration,fixed_v8_composite_5,2,1,early,0.031524926686217,0.1004398826979472,32,available
Qwen,Residual integration,fixed_v8_composite_5,2,2,early,0.2049120234604105,0.1961143695014662,32,available
Qwen,Residual integration,fixed_v8_composite_5,2,3,early,0.0381231671554252,0.0282258064516129,32,available
Qwen,Residual integration,fixed_v8_composite_5,2,4,middle,0.0795454545454545,-0.0087976539589442,32,available
Qwen,Residual integration,fixed_v8_composite_5,2,5,middle,0.1535923753665689,0.0733137829912023,32,available
Qwen,Residual integration,fixed_v8_composite_5,2,6,middle,0.2030791788856304,0.1942815249266862,32,available
Qwen,Residual integration,fixed_v8_composite_5,2,7,middle,0.1436950146627565,0.1066715542521994,32,available
Qwen,Residual integration,fixed_v8_composite_5,2,8,late,0.1546920821114369,0.2027126099706745,32,available
Qwen,Residual integration,fixed_v8_composite_5,2,9,late,0.1429618768328445,0.0975073313782991,32,available
Qwen,Residual integration,fixed_v8_composite_5,2,10,late,-0.0344574780058651,0.000366568914956,32,available
Qwen,Residual integration,fixed_v8_composite_5,2,11,late,0.1620234604105571,0.1601906158357771,32,available
Qwen,Residual integration,fixed_v8_composite_5,3,0,early,-0.1147360703812316,0.1253665689149559,32,available
Qwen,Residual integration,fixed_v8_composite_5,3,1,early,-0.3200146627565982,0.127199413489736,32,available
Qwen,Residual integration,fixed_v8_composite_5,3,2,early,-0.1213343108504398,0.0868768328445747,32,available
Qwen,Residual integration,fixed_v8_composite_5,3,3,early,-0.1942815249266862,0.1814516129032257,32,available
Qwen,Residual integration,fixed_v8_composite_5,3,4,middle,-0.2122434017595307,-0.0106304985337243,32,available
Qwen,Residual integration,fixed_v8_composite_5,3,5,middle,-0.1502932551319648,0.2313049853372434,32,available
Qwen,Residual integration,fixed_v8_composite_5,3,6,middle,-0.0927419354838709,0.1239002932551319,32,available
Qwen,Residual integration,fixed_v8_composite_5,3,7,middle,0.0172287390029325,0.282258064516129,32,available
Qwen,Residual integration,fixed_v8_composite_5,3,8,late,-0.0887096774193548,0.2778592375366568,32,available
Qwen,Residual integration,fixed_v8_composite_5,3,9,late,-0.1286656891495601,0.1359970674486803,32,available
Qwen,Residual integration,fixed_v8_composite_5,3,10,late,-0.2008797653958944,0.2771260997067448,32,available
Qwen,Residual integration,fixed_v8_composite_5,3,11,late,-0.1114369501466275,0.2082111436950146,32,available
Qwen,Residual integration,fixed_v8_composite_5,4,0,early,0.0483870967741935,0.1279325513196481,32,available
Qwen,Residual integration,fixed_v8_composite_5,4,1,early,-0.2254398826979472,-0.2104105571847507,32,available
Qwen,Residual integration,fixed_v8_composite_5,4,2,early,-0.1330645161290322,-0.2250733137829911,32,available
Qwen,Residual integration,fixed_v8_composite_5,4,3,early,-0.251099706744868,-0.18841642228739,32,available
Qwen,Residual integration,fixed_v8_composite_5,4,4,middle,-0.2331378299120234,-0.2327712609970674,32,available
Qwen,Residual integration,fixed_v8_composite_5,4,5,middle,-0.0751466275659824,-0.0040322580645161,32,available
Qwen,Residual integration,fixed_v8_composite_5,4,6,middle,-0.033724340175953,-0.0824780058651026,32,available
Qwen,Residual integration,fixed_v8_composite_5,4,7,middle,-0.1063049853372434,-0.0755131964809384,32,available
Qwen,Residual integration,fixed_v8_composite_5,4,8,late,-0.1535923753665689,-0.125,32,available
Qwen,Residual integration,fixed_v8_composite_5,4,9,late,-0.0472873900293255,-0.0124633431085043,32,available
Qwen,Residual integration,fixed_v8_composite_5,4,10,late,-0.3478739002932551,-0.2162756598240469,32,available
Qwen,Residual integration,fixed_v8_composite_5,4,11,late,-0.1733870967741935,-0.2115102639296187,32,available
Qwen,Residual integration,fixed_v8_composite_5,5,0,early,-0.0458211143695014,-0.0212609970674486,32,available
Qwen,Residual integration,fixed_v8_composite_5,5,1,early,-0.1008064516129032,0.1777859237536656,32,available
Qwen,Residual integration,fixed_v8_composite_5,5,2,early,0.0791788856304985,0.2639296187683284,32,available
Qwen,Residual integration,fixed_v8_composite_5,5,3,early,-0.1213343108504398,0.0744134897360703,32,available
Qwen,Residual integration,fixed_v8_composite_5,5,4,middle,0.0252932551319648,0.2269061583577712,32,available
Qwen,Residual integration,fixed_v8_composite_5,5,5,middle,-0.0465542521994134,0.2650293255131964,32,available
Qwen,Residual integration,fixed_v8_composite_5,5,6,middle,-0.0157624633431085,0.0986070381231671,32,available
Qwen,Residual integration,fixed_v8_composite_5,5,7,middle,0.1191348973607038,0.3379765395894428,32,available
Qwen,Residual integration,fixed_v8_composite_5,5,8,late,0.0289589442815249,0.2093108504398826,32,available
Qwen,Residual integration,fixed_v8_composite_5,5,9,late,-0.0062316715542521,0.1063049853372434,32,available
Qwen,Residual integration,fixed_v8_composite_5,5,10,late,-0.1730205278592375,0.1092375366568914,32,available
Qwen,Residual integration,fixed_v8_composite_5,5,11,late,0.0601173020527859,0.2452346041055718,32,available
Qwen,Residual integration,fixed_v8_composite_5,6,0,early,-0.000366568914956,0.3266129032258064,32,available
Qwen,Residual integration,fixed_v8_composite_5,6,1,early,-0.125,0.3702346041055718,32,available
Qwen,Residual integration,fixed_v8_composite_5,6,2,early,-0.0707478005865102,0.2991202346041055,32,available
Qwen,Residual integration,fixed_v8_composite_5,6,3,early,-0.157624633431085,0.2302052785923753,32,available
Qwen,Residual integration,fixed_v8_composite_5,6,4,middle,-0.1008064516129032,0.2056451612903225,32,available
Qwen,Residual integration,fixed_v8_composite_5,6,5,middle,-0.1499266862170088,0.282991202346041,32,available
Qwen,Residual integration,fixed_v8_composite_5,6,6,middle,0.0498533724340175,0.3387096774193548,32,available
Qwen,Residual integration,fixed_v8_composite_5,6,7,middle,0.095307917888563,0.4233870967741935,32,available
Qwen,Residual integration,fixed_v8_composite_5,6,8,late,0.0256598240469208,0.3706011730205278,32,available
Qwen,Residual integration,fixed_v8_composite_5,6,9,late,0.0934750733137829,0.5186950146627566,32,available
Qwen,Residual integration,fixed_v8_composite_5,6,10,late,-0.127565982404692,0.3724340175953079,32,available
Qwen,Residual integration,fixed_v8_composite_5,6,11,late,0.064882697947214,0.4017595307917888,32,available
Qwen,Residual integration,fixed_v8_composite_5,7,0,early,-0.1726539589442815,-0.031891495601173,32,available
Qwen,Residual integration,fixed_v8_composite_5,7,1,early,-0.1433284457478005,0.3387096774193548,32,available
Qwen,Residual integration,fixed_v8_composite_5,7,2,early,-0.032991202346041,0.2331378299120234,32,available
Qwen,Residual integration,fixed_v8_composite_5,7,3,early,-0.031524926686217,0.2895894428152492,32,available
Qwen,Residual integration,fixed_v8_composite_5,7,4,middle,-0.033357771260997,0.220307917888563,32,available
Qwen,Residual integration,fixed_v8_composite_5,7,5,middle,-0.0971407624633431,0.219574780058651,32,available
Qwen,Residual integration,fixed_v8_composite_5,7,6,middle,0.0447214076246334,0.2756598240469208,32,available
Qwen,Residual integration,fixed_v8_composite_5,7,7,middle,0.0403225806451612,0.2763929618768327,32,available
Qwen,Residual integration,fixed_v8_composite_5,7,8,late,0.0278592375366568,0.3724340175953079,32,available
Qwen,Residual integration,fixed_v8_composite_5,7,9,late,-0.0366568914956011,0.2239736070381231,32,available
Qwen,Residual integration,fixed_v8_composite_5,7,10,late,-0.064882697947214,0.3779325513196481,32,available
Qwen,Residual integration,fixed_v8_composite_5,7,11,late,-0.00183284457478,0.2760263929618767,32,available
Qwen,Residual integration,fixed_v8_composite_5,8,0,early,-0.2954545454545454,-0.2030791788856304,32,available
Qwen,Residual integration,fixed_v8_composite_5,8,1,early,-0.2631964809384164,0.1085043988269794,32,available
Qwen,Residual integration,fixed_v8_composite_5,8,2,early,-0.0788123167155425,0.1920821114369501,32,available
Qwen,Residual integration,fixed_v8_composite_5,8,3,early,-0.2107771260997067,0.0997067448680351,32,available
Qwen,Residual integration,fixed_v8_composite_5,8,4,middle,-0.157258064516129,0.0370234604105571,32,available
Qwen,Residual integration,fixed_v8_composite_5,8,5,middle,-0.1686217008797653,0.0821114369501466,32,available
Qwen,Residual integration,fixed_v8_composite_5,8,6,middle,-0.0769794721407624,0.0861436950146627,32,available
Qwen,Residual integration,fixed_v8_composite_5,8,7,middle,-0.0861436950146627,0.094941348973607,32,available
Qwen,Residual integration,fixed_v8_composite_5,8,8,late,0.0293255131964809,0.374633431085044,32,available
Qwen,Residual integration,fixed_v8_composite_5,8,9,late,-0.1506598240469208,0.0758797653958944,32,available
Qwen,Residual integration,fixed_v8_composite_5,8,10,late,-0.2012463343108504,0.2261730205278592,32,available
Qwen,Residual integration,fixed_v8_composite_5,8,11,late,-0.1081378299120234,0.1378299120234604,32,available
Qwen,Residual integration,fixed_v8_composite_5,9,0,early,-0.1730205278592375,0.0062316715542521,32,available
Qwen,Residual integration,fixed_v8_composite_5,9,1,early,-0.156891495601173,0.2034457478005865,32,available
Qwen,Residual integration,fixed_v8_composite_5,9,2,early,-0.0472873900293255,0.1554252199413489,32,available
Qwen,Residual integration,fixed_v8_composite_5,9,3,early,-0.1546920821114369,0.1143695014662756,32,available
Qwen,Residual integration,fixed_v8_composite_5,9,4,middle,-0.1719208211143695,-0.0054985337243401,32,available
Qwen,Residual integration,fixed_v8_composite_5,9,5,middle,-0.0777126099706744,0.187683284457478,32,available
Qwen,Residual integration,fixed_v8_composite_5,9,6,middle,-0.1015395894428152,0.0879765395894428,32,available
Qwen,Residual integration,fixed_v8_composite_5,9,7,middle,0.0150293255131964,0.2060117302052785,32,available
Qwen,Residual integration,fixed_v8_composite_5,9,8,late,0.0865102639296187,0.3955278592375366,32,available
Qwen,Residual integration,fixed_v8_composite_5,9,9,late,-0.0106304985337243,0.2382697947214076,32,available
Qwen,Residual integration,fixed_v8_composite_5,9,10,late,-0.1140029325513196,0.2430351906158357,32,available
Qwen,Residual integration,fixed_v8_composite_5,9,11,late,-0.0040322580645161,0.1766862170087976,32,available
Qwen,Residual integration,fixed_v8_composite_5,10,0,early,-0.281524926686217,-0.1711876832844574,32,available
Qwen,Residual integration,fixed_v8_composite_5,10,1,early,-0.1411290322580645,0.1612903225806451,32,available
Qwen,Residual integration,fixed_v8_composite_5,10,2,early,-0.0703812316715542,0.093841642228739,32,available
Qwen,Residual integration,fixed_v8_composite_5,10,3,early,-0.1319648093841642,0.0568181818181818,32,available
Qwen,Residual integration,fixed_v8_composite_5,10,4,middle,-0.125733137829912,0.000733137829912,32,available
Qwen,Residual integration,fixed_v8_composite_5,10,5,middle,-0.1414956011730205,0.0487536656891495,32,available
Qwen,Residual integration,fixed_v8_composite_5,10,6,middle,0.0234604105571847,0.1975806451612903,32,available
Qwen,Residual integration,fixed_v8_composite_5,10,7,middle,-0.034090909090909,0.157258064516129,32,available
Qwen,Residual integration,fixed_v8_composite_5,10,8,late,-0.0208944281524926,0.2232404692082111,32,available
Qwen,Residual integration,fixed_v8_composite_5,10,9,late,-0.0278592375366568,0.159457478005865,32,available
Qwen,Residual integration,fixed_v8_composite_5,10,10,late,-0.1961143695014662,0.0667155425219941,32,available
Qwen,Residual integration,fixed_v8_composite_5,10,11,late,-0.0219941348973607,0.1235337243401759,32,available
Qwen,Residual integration,fixed_v8_composite_5,11,0,early,-0.3662023460410557,-0.2701612903225806,32,available
Qwen,Residual integration,fixed_v8_composite_5,11,1,early,-0.2140762463343108,-0.0190615835777126,32,available
Qwen,Residual integration,fixed_v8_composite_5,11,2,early,-0.2082111436950146,0.0197947214076246,32,available
Qwen,Residual integration,fixed_v8_composite_5,11,3,early,-0.2950879765395894,-0.1033724340175953,32,available
Qwen,Residual integration,fixed_v8_composite_5,11,4,middle,-0.2587976539589443,-0.1132697947214076,32,available
Qwen,Residual integration,fixed_v8_composite_5,11,5,middle,-0.1217008797653958,0.1125366568914955,32,available
Qwen,Residual integration,fixed_v8_composite_5,11,6,middle,-0.1433284457478005,0.0472873900293255,32,available
Qwen,Residual integration,fixed_v8_composite_5,11,7,middle,-0.1506598240469208,0.0421554252199413,32,available
Qwen,Residual integration,fixed_v8_composite_5,11,8,late,-0.0718475073313782,0.1748533724340175,32,available
Qwen,Residual integration,fixed_v8_composite_5,11,9,late,-0.1726539589442815,0.033724340175953,32,available
Qwen,Residual integration,fixed_v8_composite_5,11,10,late,-0.2393695014662756,0.0241935483870967,32,available
Qwen,Residual integration,fixed_v8_composite_5,11,11,late,-0.158357771260997,-0.0190615835777126,32,available
Qwen,Residual integration,fixed_v8_composite_5,12,0,early,-0.0982404692082111,0.1110703812316715,32,available
Qwen,Residual integration,fixed_v8_composite_5,12,1,early,-0.2082111436950146,-0.0425219941348973,32,available
Qwen,Residual integration,fixed_v8_composite_5,12,2,early,-0.0344574780058651,0.1675219941348973,32,available
Qwen,Residual integration,fixed_v8_composite_5,12,3,early,-0.096041055718475,0.128299120234604,32,available
Qwen,Residual integration,fixed_v8_composite_5,12,4,middle,-0.093841642228739,0.156891495601173,32,available
Qwen,Residual integration,fixed_v8_composite_5,12,5,middle,0.0069648093841642,0.2492668621700879,32,available
Qwen,Residual integration,fixed_v8_composite_5,12,6,middle,0.0549853372434017,0.2067448680351906,32,available
Qwen,Residual integration,fixed_v8_composite_5,12,7,middle,0.0073313782991202,0.2397360703812316,32,available
Qwen,Residual integration,fixed_v8_composite_5,12,8,late,0.0461876832844574,0.2415689149560117,32,available
Qwen,Residual integration,fixed_v8_composite_5,12,9,late,0.0626832844574779,0.2694281524926686,32,available
Qwen,Residual integration,fixed_v8_composite_5,12,10,late,-0.0271260997067448,0.1777859237536656,32,available
Qwen,Residual integration,fixed_v8_composite_5,12,11,late,-0.0927419354838709,0.0799120234604105,32,available
Qwen,Residual integration,fixed_v8_composite_5,13,0,early,-0.1359970674486803,-0.159090909090909,32,available
Qwen,Residual integration,fixed_v8_composite_5,13,1,early,-0.2525659824046921,-0.1869501466275659,32,available
Qwen,Residual integration,fixed_v8_composite_5,13,2,early,-0.1015395894428152,-0.0201612903225806,32,available
Qwen,Residual integration,fixed_v8_composite_5,13,3,early,-0.281524926686217,-0.2144428152492668,32,available
Qwen,Residual integration,fixed_v8_composite_5,13,4,middle,-0.159090909090909,-0.0769794721407624,32,available
Qwen,Residual integration,fixed_v8_composite_5,13,5,middle,-0.1752199413489735,-0.1444281524926686,32,available
Qwen,Residual integration,fixed_v8_composite_5,13,6,middle,-0.2133431085043988,-0.1664222873900293,32,available
Qwen,Residual integration,fixed_v8_composite_5,13,7,middle,-0.1810850439882697,-0.1143695014662756,32,available
Qwen,Residual integration,fixed_v8_composite_5,13,8,late,-0.0747800586510263,0.0432551319648093,32,available
Qwen,Residual integration,fixed_v8_composite_5,13,9,late,-0.1671554252199413,-0.0934750733137829,32,available
Qwen,Residual integration,fixed_v8_composite_5,13,10,late,-0.2756598240469208,-0.156891495601173,32,available
Qwen,Residual integration,fixed_v8_composite_5,13,11,late,-0.187683284457478,-0.1462609970674486,32,available
Qwen,Residual integration,fixed_v8_composite_5,14,0,early,-0.2214076246334311,0.1858504398826979,32,available
Qwen,Residual integration,fixed_v8_composite_5,14,1,early,-0.4226539589442815,-0.0120967741935483,32,available
Qwen,Residual integration,fixed_v8_composite_5,14,2,early,-0.3027859237536657,0.000366568914956,32,available
Qwen,Residual integration,fixed_v8_composite_5,14,3,early,-0.2914222873900293,0.0450879765395894,32,available
Qwen,Residual integration,fixed_v8_composite_5,14,4,middle,-0.2690615835777126,-0.0062316715542521,32,available
Qwen,Residual integration,fixed_v8_composite_5,14,5,middle,-0.3082844574780058,0.0263929618768328,32,available
Qwen,Residual integration,fixed_v8_composite_5,14,6,middle,-0.1634897360703812,0.094941348973607,32,available
Qwen,Residual integration,fixed_v8_composite_5,14,7,middle,-0.2459677419354838,0.0164956011730205,32,available
Qwen,Residual integration,fixed_v8_composite_5,14,8,late,-0.1561583577712609,0.2283724340175953,32,available
Qwen,Residual integration,fixed_v8_composite_5,14,9,late,-0.1803519061583577,0.2060117302052785,32,available
Qwen,Residual integration,fixed_v8_composite_5,14,10,late,-0.3610703812316715,0.064882697947214,32,available
Qwen,Residual integration,fixed_v8_composite_5,14,11,late,-0.2661290322580645,0.0146627565982404,32,available
Qwen,Residual integration,fixed_v8_composite_5,15,0,early,-0.1158357771260997,-0.0575513196480938,32,available
Qwen,Residual integration,fixed_v8_composite_5,15,1,early,-0.0439882697947214,0.1081378299120234,32,available
Qwen,Residual integration,fixed_v8_composite_5,15,2,early,0.1224340175953079,0.220307917888563,32,available
Qwen,Residual integration,fixed_v8_composite_5,15,3,early,-0.0304252199413489,0.1202346041055718,32,available
Qwen,Residual integration,fixed_v8_composite_5,15,4,middle,0.1403958944281524,0.346774193548387,32,available
Qwen,Residual integration,fixed_v8_composite_5,15,5,middle,0.096407624633431,0.1957478005865102,32,available
Qwen,Residual integration,fixed_v8_composite_5,15,6,middle,-0.0788123167155425,-0.0117302052785923,32,available
Qwen,Residual integration,fixed_v8_composite_5,15,7,middle,-0.0791788856304985,0.0604838709677419,32,available
Qwen,Residual integration,fixed_v8_composite_5,15,8,late,0.0399560117302052,0.1642228739002932,32,available
Qwen,Residual integration,fixed_v8_composite_5,15,9,late,-0.1158357771260997,-0.0109970674486803,32,available
Qwen,Residual integration,fixed_v8_composite_5,15,10,late,-0.032258064516129,0.1242668621700879,32,available
Qwen,Residual integration,fixed_v8_composite_5,15,11,late,-0.1118035190615835,0.0080645161290322,32,available
Qwen,Residual integration,fixed_v8_composite_5,16,0,early,-0.0535190615835777,0.2100439882697947,32,available
Qwen,Residual integration,fixed_v8_composite_5,16,1,early,-0.1935483870967741,0.2463343108504398,32,available
Qwen,Residual integration,fixed_v8_composite_5,16,2,early,-0.1972140762463343,0.1132697947214076,32,available
Qwen,Residual integration,fixed_v8_composite_5,16,3,early,-0.2525659824046921,0.1213343108504398,32,available
Qwen,Residual integration,fixed_v8_composite_5,16,4,middle,-0.156891495601173,0.2287390029325513,32,available
Qwen,Residual integration,fixed_v8_composite_5,16,5,middle,-0.1495601173020527,0.1543255131964809,32,available
Qwen,Residual integration,fixed_v8_composite_5,16,6,middle,-0.0505865102639296,0.2767595307917888,32,available
Qwen,Residual integration,fixed_v8_composite_5,16,7,middle,-0.128299120234604,0.1458944281524926,32,available
Qwen,Residual integration,fixed_v8_composite_5,16,8,late,-0.1616568914956011,0.1180351906158357,32,available
Qwen,Residual integration,fixed_v8_composite_5,16,9,late,-0.1301319648093841,0.1612903225806451,32,available
Qwen,Residual integration,fixed_v8_composite_5,16,10,late,-0.3185483870967741,0.0971407624633431,32,available
Qwen,Residual integration,fixed_v8_composite_5,16,11,late,-0.1447947214076246,0.1451612903225806,32,available
Qwen,Residual integration,fixed_v8_composite_5,17,0,early,-0.2771260997067448,-0.0828445747800586,32,available
Qwen,Residual integration,fixed_v8_composite_5,17,1,early,-0.2448680351906158,0.1693548387096774,32,available
Qwen,Residual integration,fixed_v8_composite_5,17,2,early,-0.1436950146627565,0.1557917888563049,32,available
Qwen,Residual integration,fixed_v8_composite_5,17,3,early,-0.3167155425219941,0.0201612903225806,32,available
Qwen,Residual integration,fixed_v8_composite_5,17,4,middle,-0.2661290322580645,-0.0098973607038123,32,available
Qwen,Residual integration,fixed_v8_composite_5,17,5,middle,-0.1649560117302052,0.1195014662756598,32,available
Qwen,Residual integration,fixed_v8_composite_5,17,6,middle,-0.1367302052785923,0.0439882697947214,32,available
Qwen,Residual integration,fixed_v8_composite_5,17,7,middle,-0.1184017595307917,0.1228005865102639,32,available
Qwen,Residual integration,fixed_v8_composite_5,17,8,late,0.0080645161290322,0.314516129032258,32,available
Qwen,Residual integration,fixed_v8_composite_5,17,9,late,-0.1187683284457477,0.1195014662756598,32,available
Qwen,Residual integration,fixed_v8_composite_5,17,10,late,-0.187316715542522,0.1378299120234604,32,available
Qwen,Residual integration,fixed_v8_composite_5,17,11,late,-0.128299120234604,0.0854105571847507,32,available
Qwen,Residual integration,fixed_v8_composite_5,18,0,early,-0.0843108504398826,0.2342375366568914,32,available
Qwen,Residual integration,fixed_v8_composite_5,18,1,early,-0.1935483870967741,0.2474340175953078,32,available
Qwen,Residual integration,fixed_v8_composite_5,18,2,early,-0.0535190615835777,0.2976539589442815,32,available
Qwen,Residual integration,fixed_v8_composite_5,18,3,early,-0.1169354838709677,0.3273460410557184,32,available
Qwen,Residual integration,fixed_v8_composite_5,18,4,middle,-0.0740469208211143,0.2862903225806451,32,available
Qwen,Residual integration,fixed_v8_composite_5,18,5,middle,-0.0883431085043988,0.4017595307917888,32,available
Qwen,Residual integration,fixed_v8_composite_5,18,6,middle,-0.0238269794721407,0.2492668621700879,32,available
Qwen,Residual integration,fixed_v8_composite_5,18,7,middle,0.0619501466275659,0.3834310850439882,32,available
Qwen,Residual integration,fixed_v8_composite_5,18,8,late,0.0245601173020527,0.3702346041055718,32,available
Qwen,Residual integration,fixed_v8_composite_5,18,9,late,0.0615835777126099,0.4083577712609971,32,available
Qwen,Residual integration,fixed_v8_composite_5,18,10,late,-0.0124633431085043,0.4296187683284457,32,available
Qwen,Residual integration,fixed_v8_composite_5,18,11,late,-0.0153958944281524,0.3321114369501466,32,available
Qwen,Residual integration,fixed_v8_composite_5,19,0,early,-0.002199413489736,0.0740469208211143,32,available
Qwen,Residual integration,fixed_v8_composite_5,19,1,early,0.0267595307917888,0.3082844574780058,32,available
Qwen,Residual integration,fixed_v8_composite_5,19,2,early,0.1532258064516128,0.2408357771260997,32,available
Qwen,Residual integration,fixed_v8_composite_5,19,3,early,-0.0300586510263929,0.1623900293255131,32,available
Qwen,Residual integration,fixed_v8_composite_5,19,4,middle,0.0414222873900293,0.221774193548387,32,available
Qwen,Residual integration,fixed_v8_composite_5,19,5,middle,0.0656158357771261,0.2474340175953078,32,available
Qwen,Residual integration,fixed_v8_composite_5,19,6,middle,0.1473607038123167,0.2133431085043988,32,available
Qwen,Residual integration,fixed_v8_composite_5,19,7,middle,0.1356304985337243,0.2906891495601172,32,available
Qwen,Residual integration,fixed_v8_composite_5,19,8,late,0.25183284457478,0.4732404692082111,32,available
Qwen,Residual integration,fixed_v8_composite_5,19,9,late,0.1708211143695014,0.3079178885630498,32,available
Qwen,Residual integration,fixed_v8_composite_5,19,10,late,0.157624633431085,0.3676686217008797,32,available
Qwen,Residual integration,fixed_v8_composite_5,19,11,late,0.0828445747800586,0.1975806451612903,32,available
Qwen,Residual integration,fixed_v8_composite_5,20,0,early,-0.2565982404692081,-0.0714809384164222,32,available
Qwen,Residual integration,fixed_v8_composite_5,20,1,early,-0.1726539589442815,0.2899560117302052,32,available
Qwen,Residual integration,fixed_v8_composite_5,20,2,early,-0.2005131964809384,0.1235337243401759,32,available
Qwen,Residual integration,fixed_v8_composite_5,20,3,early,-0.2386363636363636,0.1469941348973606,32,available
Qwen,Residual integration,fixed_v8_composite_5,20,4,middle,-0.2390029325513196,0.1187683284457477,32,available
Qwen,Residual integration,fixed_v8_composite_5,20,5,middle,-0.2782258064516129,0.1147360703812316,32,available
Qwen,Residual integration,fixed_v8_composite_5,20,6,middle,-0.1308651026392961,0.0846774193548387,32,available
Qwen,Residual integration,fixed_v8_composite_5,20,7,middle,-0.1063049853372434,0.1656891495601173,32,available
Qwen,Residual integration,fixed_v8_composite_5,20,8,late,-0.1297653958944281,0.1829178885630498,32,available
Qwen,Residual integration,fixed_v8_composite_5,20,9,late,-0.188782991202346,0.1066715542521994,32,available
Qwen,Residual integration,fixed_v8_composite_5,20,10,late,-0.1491935483870967,0.2591642228739003,32,available
Qwen,Residual integration,fixed_v8_composite_5,20,11,late,-0.1770527859237536,0.125733137829912,32,available
Qwen,Residual integration,fixed_v8_composite_5,21,0,early,-0.0443548387096774,0.0535190615835777,32,available
Qwen,Residual integration,fixed_v8_composite_5,21,1,early,0.0106304985337243,0.1796187683284457,32,available
Qwen,Residual integration,fixed_v8_composite_5,21,2,early,0.1719208211143695,0.2063782991202346,32,available
Qwen,Residual integration,fixed_v8_composite_5,21,3,early,0.0909090909090909,0.2093108504398826,32,available
Qwen,Residual integration,fixed_v8_composite_5,21,4,middle,0.0395894428152492,0.1715542521994134,32,available
Qwen,Residual integration,fixed_v8_composite_5,21,5,middle,0.1455278592375366,0.284457478005865,32,available
Qwen,Residual integration,fixed_v8_composite_5,21,6,middle,0.0513196480938416,0.0850439882697947,32,available
Qwen,Residual integration,fixed_v8_composite_5,21,7,middle,0.1979472140762463,0.3236803519061583,32,available
Qwen,Residual integration,fixed_v8_composite_5,21,8,late,0.1396627565982404,0.3013196480938416,32,available
Qwen,Residual integration,fixed_v8_composite_5,21,9,late,0.1055718475073313,0.187316715542522,32,available
Qwen,Residual integration,fixed_v8_composite_5,21,10,late,0.1403958944281524,0.2939882697947213,32,available
Qwen,Residual integration,fixed_v8_composite_5,21,11,late,0.1099706744868035,0.220307917888563,32,available
Qwen,Residual integration,fixed_v8_composite_5,22,0,early,0.2305718475073313,0.2430351906158357,32,available
Qwen,Residual integration,fixed_v8_composite_5,22,1,early,0.3214809384164222,0.4193548387096773,32,available
Qwen,Residual integration,fixed_v8_composite_5,22,2,early,0.3405425219941349,0.3376099706744868,32,available
Qwen,Residual integration,fixed_v8_composite_5,22,3,early,0.3731671554252199,0.3925953079178885,32,available
Qwen,Residual integration,fixed_v8_composite_5,22,4,middle,0.3020527859237536,0.3207478005865102,32,available
Qwen,Residual integration,fixed_v8_composite_5,22,5,middle,0.3640029325513196,0.3892961876832844,32,available
Qwen,Residual integration,fixed_v8_composite_5,22,6,middle,0.4046920821114368,0.4193548387096773,32,available
Qwen,Residual integration,fixed_v8_composite_5,22,7,middle,0.4153225806451612,0.4662756598240469,32,available
Qwen,Residual integration,fixed_v8_composite_5,22,8,late,0.3522727272727272,0.4981671554252198,32,available
Qwen,Residual integration,fixed_v8_composite_5,22,9,late,0.3203812316715542,0.3423753665689149,32,available
Qwen,Residual integration,fixed_v8_composite_5,22,10,late,0.3856304985337243,0.4171554252199413,32,available
Qwen,Residual integration,fixed_v8_composite_5,22,11,late,0.3541055718475073,0.377199413489736,32,available
Qwen,Residual integration,fixed_v8_composite_5,23,0,early,0.0821114369501466,0.0373900293255131,32,available
Qwen,Residual integration,fixed_v8_composite_5,23,1,early,0.1378299120234604,0.1788856304985337,32,available
Qwen,Residual integration,fixed_v8_composite_5,23,2,early,0.1403958944281524,0.1118035190615835,32,available
Qwen,Residual integration,fixed_v8_composite_5,23,3,early,0.2393695014662756,0.1957478005865102,32,available
Qwen,Residual integration,fixed_v8_composite_5,23,4,middle,0.189516129032258,0.1781524926686216,32,available
Qwen,Residual integration,fixed_v8_composite_5,23,5,middle,0.314516129032258,0.3511730205278592,32,available
Qwen,Residual integration,fixed_v8_composite_5,23,6,middle,0.2712609970674486,0.2738269794721407,32,available
Qwen,Residual integration,fixed_v8_composite_5,23,7,middle,0.3709677419354838,0.3929618768328445,32,available
Qwen,Residual integration,fixed_v8_composite_5,23,8,late,0.1994134897360703,0.1950146627565982,32,available
Qwen,Residual integration,fixed_v8_composite_5,23,9,late,0.2313049853372434,0.1634897360703812,32,available
Qwen,Residual integration,fixed_v8_composite_5,23,10,late,0.2294721407624632,0.1862170087976539,32,available
Qwen,Residual integration,fixed_v8_composite_5,23,11,late,0.2316715542521994,0.1931818181818181,32,available
Qwen,Residual integration,fixed_v8_composite_5,24,0,early,0.0516862170087976,-0.1517595307917888,32,available
Qwen,Residual integration,fixed_v8_composite_5,24,1,early,0.1096041055718475,-0.0898093841642228,32,available
Qwen,Residual integration,fixed_v8_composite_5,24,2,early,0.1543255131964809,0.0527859237536656,32,available
Qwen,Residual integration,fixed_v8_composite_5,24,3,early,0.2030791788856304,0.0432551319648093,32,available
Qwen,Residual integration,fixed_v8_composite_5,24,4,middle,0.1323313782991202,0.0058651026392961,32,available
Qwen,Residual integration,fixed_v8_composite_5,24,5,middle,0.2335043988269794,0.0817448680351906,32,available
Qwen,Residual integration,fixed_v8_composite_5,24,6,middle,0.2166422287390029,0.1011730205278592,32,available
Qwen,Residual integration,fixed_v8_composite_5,24,7,middle,0.2478005865102638,0.1843841642228739,32,available
Qwen,Residual integration,fixed_v8_composite_5,24,8,late,0.1638563049853372,0.0777126099706744,32,available
Qwen,Residual integration,fixed_v8_composite_5,24,9,late,0.2723607038123167,0.094574780058651,32,available
Qwen,Residual integration,fixed_v8_composite_5,24,10,late,0.157991202346041,-0.0384897360703812,32,available
Qwen,Residual integration,fixed_v8_composite_5,24,11,late,0.1950146627565982,0.0249266862170087,32,available
Qwen,Residual integration,fixed_v8_composite_5,25,0,early,0.0923753665689149,0.0931085043988269,32,available
Qwen,Residual integration,fixed_v8_composite_5,25,1,early,0.0934750733137829,0.0689149560117302,32,available
Qwen,Residual integration,fixed_v8_composite_5,25,2,early,0.1719208211143695,0.2045454545454545,32,available
Qwen,Residual integration,fixed_v8_composite_5,25,3,early,0.1744868035190615,0.2085777126099706,32,available
Qwen,Residual integration,fixed_v8_composite_5,25,4,middle,0.0260263929618768,0.0421554252199413,32,available
Qwen,Residual integration,fixed_v8_composite_5,25,5,middle,0.1323313782991202,0.1704545454545454,32,available
Qwen,Residual integration,fixed_v8_composite_5,25,6,middle,0.1495601173020527,0.156891495601173,32,available
Qwen,Residual integration,fixed_v8_composite_5,25,7,middle,0.0483870967741935,0.1015395894428152,32,available
Qwen,Residual integration,fixed_v8_composite_5,25,8,late,0.0663489736070381,0.1598240469208211,32,available
Qwen,Residual integration,fixed_v8_composite_5,25,9,late,0.096041055718475,0.1356304985337243,32,available
Qwen,Residual integration,fixed_v8_composite_5,25,10,late,0.1063049853372434,0.1081378299120234,32,available
Qwen,Residual integration,fixed_v8_composite_5,25,11,late,0.0480205278592375,0.0931085043988269,32,available
Qwen,Residual integration,fixed_v8_composite_5,26,0,early,0.2478005865102638,0.1418621700879765,32,available
Qwen,Residual integration,fixed_v8_composite_5,26,1,early,0.1352639296187683,-0.0751466275659824,32,available
Qwen,Residual integration,fixed_v8_composite_5,26,2,early,0.3295454545454545,0.2591642228739003,32,available
Qwen,Residual integration,fixed_v8_composite_5,26,3,early,0.4453812316715542,0.3680351906158357,32,available
Qwen,Residual integration,fixed_v8_composite_5,26,4,middle,0.3339442815249266,0.2357038123167155,32,available
Qwen,Residual integration,fixed_v8_composite_5,26,5,middle,0.3060850439882697,0.2430351906158357,32,available
Qwen,Residual integration,fixed_v8_composite_5,26,6,middle,0.1928152492668621,0.0876099706744867,32,available
Qwen,Residual integration,fixed_v8_composite_5,26,7,middle,0.3684017595307918,0.2983870967741935,32,available
Qwen,Residual integration,fixed_v8_composite_5,26,8,late,0.2434017595307917,0.2107771260997067,32,available
Qwen,Residual integration,fixed_v8_composite_5,26,9,late,0.31341642228739,0.2159090909090908,32,available
Qwen,Residual integration,fixed_v8_composite_5,26,10,late,0.3951612903225806,0.3005865102639296,32,available
Qwen,Residual integration,fixed_v8_composite_5,26,11,late,0.2697947214076246,0.1616568914956011,32,available
Qwen,Residual integration,fixed_v8_composite_5,27,0,early,0.1510263929618768,0.0674486803519061,32,available
Qwen,Residual integration,fixed_v8_composite_5,27,1,early,0.0740469208211143,-0.0249266862170087,32,available
Qwen,Residual integration,fixed_v8_composite_5,27,2,early,0.3053519061583578,0.220307917888563,32,available
Qwen,Residual integration,fixed_v8_composite_5,27,3,early,0.2126099706744868,0.1605571847507331,32,available
Qwen,Residual integration,fixed_v8_composite_5,27,4,middle,0.3093841642228738,0.3038856304985337,32,available
Qwen,Residual integration,fixed_v8_composite_5,27,5,middle,0.3420087976539589,0.2467008797653959,32,available
Qwen,Residual integration,fixed_v8_composite_5,27,6,middle,0.094208211143695,0.0476539589442815,32,available
Qwen,Residual integration,fixed_v8_composite_5,27,7,middle,0.2474340175953078,0.2353372434017595,32,available
Qwen,Residual integration,fixed_v8_composite_5,27,8,late,0.1554252199413489,0.0813782991202346,32,available
Qwen,Residual integration,fixed_v8_composite_5,27,9,late,0.1239002932551319,0.0271260997067448,32,available
Qwen,Residual integration,fixed_v8_composite_5,27,10,late,0.1854838709677419,0.1660557184750733,32,available
Qwen,Residual integration,fixed_v8_composite_5,27,11,late,0.1425953079178885,0.1015395894428152,32,available
Qwen,Residual integration,fixed_v8_composite_5,28,0,early,0.1092375366568914,-0.0161290322580645,32,available
Qwen,Residual integration,fixed_v8_composite_5,28,1,early,0.284457478005865,0.0975073313782991,32,available
Qwen,Residual integration,fixed_v8_composite_5,28,2,early,0.4032258064516129,0.3713343108504399,32,available
Qwen,Residual integration,fixed_v8_composite_5,28,3,early,0.2668621700879765,0.1920821114369501,32,available
Qwen,Residual integration,fixed_v8_composite_5,28,4,middle,0.43841642228739,0.3724340175953079,32,available
Qwen,Residual integration,fixed_v8_composite_5,28,5,middle,0.3346774193548387,0.2774926686217008,32,available
Qwen,Residual integration,fixed_v8_composite_5,28,6,middle,0.2690615835777126,0.2181085043988269,32,available
Qwen,Residual integration,fixed_v8_composite_5,28,7,middle,0.2767595307917888,0.2481671554252199,32,available
Qwen,Residual integration,fixed_v8_composite_5,28,8,late,0.3401759530791788,0.3222140762463343,32,available
Qwen,Residual integration,fixed_v8_composite_5,28,9,late,0.2423020527859237,0.1627565982404692,32,available
Qwen,Residual integration,fixed_v8_composite_5,28,10,late,0.313782991202346,0.2225073313782991,32,available
Qwen,Residual integration,fixed_v8_composite_5,28,11,late,0.2965542521994135,0.1766862170087976,32,available
Qwen,Residual integration,fixed_v8_composite_5,29,0,early,0.2041788856304985,-0.002199413489736,32,available
Qwen,Residual integration,fixed_v8_composite_5,29,1,early,0.344208211143695,0.1752199413489735,32,available
Qwen,Residual integration,fixed_v8_composite_5,29,2,early,0.4802052785923753,0.3251466275659824,32,available
Qwen,Residual integration,fixed_v8_composite_5,29,3,early,0.3398093841642228,0.1620234604105571,32,available
Qwen,Residual integration,fixed_v8_composite_5,29,4,middle,0.441348973607038,0.31524926686217,32,available
Qwen,Residual integration,fixed_v8_composite_5,29,5,middle,0.5252932551319648,0.31341642228739,32,available
Qwen,Residual integration,fixed_v8_composite_5,29,6,middle,0.2804252199413489,0.1403958944281524,32,available
Qwen,Residual integration,fixed_v8_composite_5,29,7,middle,0.314882697947214,0.1711876832844574,32,available
Qwen,Residual integration,fixed_v8_composite_5,29,8,late,0.3944281524926686,0.2225073313782991,32,available
Qwen,Residual integration,fixed_v8_composite_5,29,9,late,0.3522727272727272,0.1407624633431085,32,available
Qwen,Residual integration,fixed_v8_composite_5,29,10,late,0.3115835777126099,0.157624633431085,32,available
Qwen,Residual integration,fixed_v8_composite_5,29,11,late,0.3669354838709677,0.2162756598240469,32,available
Qwen,Residual integration,fixed_v8_composite_5,30,0,early,0.1066715542521994,0.0571847507331378,32,available
Qwen,Residual integration,fixed_v8_composite_5,30,1,early,0.2807917888563049,0.1638563049853372,32,available
Qwen,Residual integration,fixed_v8_composite_5,30,2,early,0.3288123167155425,0.2851906158357771,32,available
Qwen,Residual integration,fixed_v8_composite_5,30,3,early,0.31341642228739,0.2118768328445747,32,available
Qwen,Residual integration,fixed_v8_composite_5,30,4,middle,0.4211876832844574,0.344574780058651,32,available
Qwen,Residual integration,fixed_v8_composite_5,30,5,middle,0.3702346041055718,0.3324780058651026,32,available
Qwen,Residual integration,fixed_v8_composite_5,30,6,middle,0.2881231671554252,0.2580645161290322,32,available
Qwen,Residual integration,fixed_v8_composite_5,30,7,middle,0.374633431085044,0.3376099706744868,32,available
Qwen,Residual integration,fixed_v8_composite_5,30,8,late,0.3244134897360703,0.25,32,available
Qwen,Residual integration,fixed_v8_composite_5,30,9,late,0.3867302052785923,0.3031524926686216,32,available
Qwen,Residual integration,fixed_v8_composite_5,30,10,late,0.3618035190615835,0.3126832844574779,32,available
Qwen,Residual integration,fixed_v8_composite_5,30,11,late,0.3691348973607038,0.2906891495601172,32,available
Qwen,Residual integration,fixed_v8_composite_5,31,0,early,0.0817448680351906,0.1308651026392961,32,available
Qwen,Residual integration,fixed_v8_composite_5,31,1,early,0.1499266862170088,0.2448680351906158,32,available
Qwen,Residual integration,fixed_v8_composite_5,31,2,early,0.4087243401759531,0.4831378299120234,32,available
Qwen,Residual integration,fixed_v8_composite_5,31,3,early,0.189516129032258,0.283724340175953,32,available
Qwen,Residual integration,fixed_v8_composite_5,31,4,middle,0.3702346041055718,0.50183284457478,32,available
Qwen,Residual integration,fixed_v8_composite_5,31,5,middle,0.4222873900293254,0.4633431085043988,32,available
Qwen,Residual integration,fixed_v8_composite_5,31,6,middle,0.3178152492668621,0.3313782991202346,32,available
Qwen,Residual integration,fixed_v8_composite_5,31,7,middle,0.2796920821114369,0.3812316715542521,32,available
Qwen,Residual integration,fixed_v8_composite_5,31,8,late,0.3394428152492668,0.4288856304985337,32,available
Qwen,Residual integration,fixed_v8_composite_5,31,9,late,0.2547653958944281,0.2884897360703812,32,available
Qwen,Residual integration,fixed_v8_composite_5,31,10,late,0.2547653958944281,0.3178152492668621,32,available
Qwen,Residual integration,fixed_v8_composite_5,31,11,late,0.2071114369501466,0.3038856304985337,32,available
Qwen,Residual integration,fixed_v8_composite_5,32,0,early,-0.0091642228739002,-0.0289589442815249,32,available
Qwen,Residual integration,fixed_v8_composite_5,32,1,early,0.2093108504398826,0.3207478005865102,32,available
Qwen,Residual integration,fixed_v8_composite_5,32,2,early,0.1645894428152492,0.1308651026392961,32,available
Qwen,Residual integration,fixed_v8_composite_5,32,3,early,0.2063782991202346,0.2382697947214076,32,available
Qwen,Residual integration,fixed_v8_composite_5,32,4,middle,0.2265395894428152,0.2848240469208211,32,available
Qwen,Residual integration,fixed_v8_composite_5,32,5,middle,0.2280058651026392,0.251466275659824,32,available
Qwen,Residual integration,fixed_v8_composite_5,32,6,middle,0.220307917888563,0.1634897360703812,32,available
Qwen,Residual integration,fixed_v8_composite_5,32,7,middle,0.3189149560117301,0.3793988269794721,32,available
Qwen,Residual integration,fixed_v8_composite_5,32,8,late,0.2587976539589443,0.2925219941348973,32,available
Qwen,Residual integration,fixed_v8_composite_5,32,9,late,0.1396627565982404,0.1239002932551319,32,available
Qwen,Residual integration,fixed_v8_composite_5,32,10,late,0.2675953079178885,0.2540322580645161,32,available
Qwen,Residual integration,fixed_v8_composite_5,32,11,late,0.1660557184750733,0.1748533724340175,32,available
Qwen,Residual integration,fixed_v8_composite_5,33,0,early,-0.157624633431085,-0.064516129032258,32,available
Qwen,Residual integration,fixed_v8_composite_5,33,1,early,0.1246334310850439,0.3925953079178885,32,available
Qwen,Residual integration,fixed_v8_composite_5,33,2,early,0.0784457478005865,0.1352639296187683,32,available
Qwen,Residual integration,fixed_v8_composite_5,33,3,early,0.1308651026392961,0.281524926686217,32,available
Qwen,Residual integration,fixed_v8_composite_5,33,4,middle,0.0971407624633431,0.2228739002932551,32,available
Qwen,Residual integration,fixed_v8_composite_5,33,5,middle,0.0505865102639296,0.1286656891495601,32,available
Qwen,Residual integration,fixed_v8_composite_5,33,6,middle,0.0887096774193548,0.127199413489736,32,available
Qwen,Residual integration,fixed_v8_composite_5,33,7,middle,0.1766862170087976,0.2910557184750733,32,available
Qwen,Residual integration,fixed_v8_composite_5,33,8,late,0.2708944281524926,0.4116568914956011,32,available
Qwen,Residual integration,fixed_v8_composite_5,33,9,late,0.0370234604105571,0.1385630498533724,32,available
Qwen,Residual integration,fixed_v8_composite_5,33,10,late,0.2085777126099706,0.314149560117302,32,available
Qwen,Residual integration,fixed_v8_composite_5,33,11,late,0.1620234604105571,0.2672287390029325,32,available
Qwen,Residual integration,fixed_v8_composite_5,34,0,early,0.1535923753665689,0.0439882697947214,32,available
Qwen,Residual integration,fixed_v8_composite_5,34,1,early,0.2492668621700879,0.0516862170087976,32,available
Qwen,Residual integration,fixed_v8_composite_5,34,2,early,0.314149560117302,0.1869501466275659,32,available
Qwen,Residual integration,fixed_v8_composite_5,34,3,early,0.3581378299120234,0.2129765395894428,32,available
Qwen,Residual integration,fixed_v8_composite_5,34,4,middle,0.3599706744868035,0.2543988269794721,32,available
Qwen,Residual integration,fixed_v8_composite_5,34,5,middle,0.3596041055718474,0.2287390029325513,32,available
Qwen,Residual integration,fixed_v8_composite_5,34,6,middle,0.2287390029325513,0.1649560117302052,32,available
Qwen,Residual integration,fixed_v8_composite_5,34,7,middle,0.2749266862170087,0.2467008797653959,32,available
Qwen,Residual integration,fixed_v8_composite_5,34,8,late,0.1755865102639296,0.0905425219941348,32,available
Qwen,Residual integration,fixed_v8_composite_5,34,9,late,0.2485337243401759,0.1154692082111436,32,available
Qwen,Residual integration,fixed_v8_composite_5,34,10,late,0.3420087976539589,0.189149560117302,32,available
Qwen,Residual integration,fixed_v8_composite_5,34,11,late,0.2991202346041055,0.220307917888563,32,available
Qwen,Residual integration,fixed_v8_composite_5,35,0,early,0.2653958944281525,0.0571847507331378,32,available
Qwen,Residual integration,fixed_v8_composite_5,35,1,early,0.3247800586510263,0.1055718475073313,32,available
Qwen,Residual integration,fixed_v8_composite_5,35,2,early,0.3288123167155425,0.0993401759530791,32,available
Qwen,Residual integration,fixed_v8_composite_5,35,3,early,0.3577712609970674,0.0832111436950146,32,available
Qwen,Residual integration,fixed_v8_composite_5,35,4,middle,0.345674486803519,0.159090909090909,32,available
Qwen,Residual integration,fixed_v8_composite_5,35,5,middle,0.4208211143695014,0.2265395894428152,32,available
Qwen,Residual integration,fixed_v8_composite_5,35,6,middle,0.3782991202346041,0.2067448680351906,32,available
Qwen,Residual integration,fixed_v8_composite_5,35,7,middle,0.3739002932551319,0.2708944281524926,32,available
Qwen,Residual integration,fixed_v8_composite_5,35,8,late,0.2877565982404692,0.1370967741935483,32,available
Qwen,Residual integration,fixed_v8_composite_5,35,9,late,0.3848973607038122,0.1458944281524926,32,available
Qwen,Residual integration,fixed_v8_composite_5,35,10,late,0.3625366568914955,0.1220674486803519,32,available
Qwen,Residual integration,fixed_v8_composite_5,35,11,late,0.3596041055718474,0.1330645161290322,32,available
Qwen,Residual integration,fixed_v8_composite_5,36,0,early,0.0799120234604105,-0.0461876832844574,32,available
Qwen,Residual integration,fixed_v8_composite_5,36,1,early,0.3269794721407624,0.1990469208211143,32,available
Qwen,Residual integration,fixed_v8_composite_5,36,2,early,0.3848973607038122,0.3313782991202346,32,available
Qwen,Residual integration,fixed_v8_composite_5,36,3,early,0.3313782991202346,0.2331378299120234,32,available
Qwen,Residual integration,fixed_v8_composite_5,36,4,middle,0.4259530791788856,0.3357771260997067,32,available
Qwen,Residual integration,fixed_v8_composite_5,36,5,middle,0.4002932551319648,0.2390029325513196,32,available
Qwen,Residual integration,fixed_v8_composite_5,36,6,middle,0.282258064516129,0.1755865102639296,32,available
Qwen,Residual integration,fixed_v8_composite_5,36,7,middle,0.3940615835777126,0.3687683284457478,32,available
Qwen,Residual integration,fixed_v8_composite_5,36,8,late,0.3874633431085043,0.3493401759530791,32,available
Qwen,Residual integration,fixed_v8_composite_5,36,9,late,0.2936217008797654,0.2159090909090908,32,available
Qwen,Residual integration,fixed_v8_composite_5,36,10,late,0.3845307917888562,0.2393695014662756,32,available
Qwen,Residual integration,fixed_v8_composite_5,36,11,late,0.405425219941349,0.3735337243401759,32,available
Qwen,Residual integration,fixed_v8_composite_5,37,0,early,0.0436217008797653,0.1370967741935483,32,available
Qwen,Residual integration,fixed_v8_composite_5,37,1,early,0.188782991202346,0.3684017595307918,32,available
Qwen,Residual integration,fixed_v8_composite_5,37,2,early,0.1304985337243401,0.1946480938416422,32,available
Qwen,Residual integration,fixed_v8_composite_5,37,3,early,0.2170087976539589,0.3651026392961876,32,available
Qwen,Residual integration,fixed_v8_composite_5,37,4,middle,0.1381964809384163,0.2456011730205278,32,available
Qwen,Residual integration,fixed_v8_composite_5,37,5,middle,0.1700879765395894,0.2228739002932551,32,available
Qwen,Residual integration,fixed_v8_composite_5,37,6,middle,0.1700879765395894,0.2111436950146627,32,available
Qwen,Residual integration,fixed_v8_composite_5,37,7,middle,0.2082111436950146,0.2983870967741935,32,available
Qwen,Residual integration,fixed_v8_composite_5,37,8,late,0.2540322580645161,0.3383431085043988,32,available
Qwen,Residual integration,fixed_v8_composite_5,37,9,late,0.1477272727272727,0.2305718475073313,32,available
Qwen,Residual integration,fixed_v8_composite_5,37,10,late,0.2565982404692081,0.2998533724340176,32,available
Qwen,Residual integration,fixed_v8_composite_5,37,11,late,0.2393695014662756,0.3731671554252199,32,available
Qwen,Residual integration,fixed_v8_composite_5,38,0,early,0.0557184750733137,-0.1396627565982404,32,available
Qwen,Residual integration,fixed_v8_composite_5,38,1,early,0.187316715542522,-0.0623167155425219,32,available
Qwen,Residual integration,fixed_v8_composite_5,38,2,early,0.2873900293255131,0.1154692082111436,32,available
Qwen,Residual integration,fixed_v8_composite_5,38,3,early,0.2181085043988269,0.0421554252199413,32,available
Qwen,Residual integration,fixed_v8_composite_5,38,4,middle,0.2925219941348973,0.1480938416422287,32,available
Qwen,Residual integration,fixed_v8_composite_5,38,5,middle,0.25183284457478,0.0480205278592375,32,available
Qwen,Residual integration,fixed_v8_composite_5,38,6,middle,0.1726539589442815,0.0073313782991202,32,available
Qwen,Residual integration,fixed_v8_composite_5,38,7,middle,0.2342375366568914,0.1708211143695014,32,available
Qwen,Residual integration,fixed_v8_composite_5,38,8,late,0.1334310850439882,0.0443548387096774,32,available
Qwen,Residual integration,fixed_v8_composite_5,38,9,late,0.159457478005865,-0.000366568914956,32,available
Qwen,Residual integration,fixed_v8_composite_5,38,10,late,0.1444281524926686,-0.0091642228739002,32,available
Qwen,Residual integration,fixed_v8_composite_5,38,11,late,0.2324046920821113,0.093841642228739,32,available
Qwen,Residual integration,fixed_v8_composite_5,39,0,early,0.1315982404692082,-0.0538856304985337,32,available
Qwen,Residual integration,fixed_v8_composite_5,39,1,early,0.3387096774193548,0.0575513196480938,32,available
Qwen,Residual integration,fixed_v8_composite_5,39,2,early,0.3951612903225806,0.2430351906158357,32,available
Qwen,Residual integration,fixed_v8_composite_5,39,3,early,0.2961876832844574,0.0568181818181818,32,available
Qwen,Residual integration,fixed_v8_composite_5,39,4,middle,0.4021260997067448,0.2683284457478005,32,available
Qwen,Residual integration,fixed_v8_composite_5,39,5,middle,0.4032258064516129,0.2287390029325513,32,available
Qwen,Residual integration,fixed_v8_composite_5,39,6,middle,0.1627565982404692,0.0274926686217008,32,available
Qwen,Residual integration,fixed_v8_composite_5,39,7,middle,0.2525659824046921,0.1777859237536656,32,available
Qwen,Residual integration,fixed_v8_composite_5,39,8,late,0.2928885630498533,0.1601906158357771,32,available
Qwen,Residual integration,fixed_v8_composite_5,39,9,late,0.158357771260997,-0.0256598240469208,32,available
Qwen,Residual integration,fixed_v8_composite_5,39,10,late,0.3178152492668621,0.094208211143695,32,available
Qwen,Residual integration,fixed_v8_composite_5,39,11,late,0.2760263929618767,0.1440615835777126,32,available
Qwen,Residual integration,fixed_v8_composite_5,40,0,early,0.281891495601173,0.1825513196480938,32,available
Qwen,Residual integration,fixed_v8_composite_5,40,1,early,0.3739002932551319,0.2804252199413489,32,available
Qwen,Residual integration,fixed_v8_composite_5,40,2,early,0.4211876832844574,0.3544721407624633,32,available
Qwen,Residual integration,fixed_v8_composite_5,40,3,early,0.3167155425219941,0.2507331378299119,32,available
Qwen,Residual integration,fixed_v8_composite_5,40,4,middle,0.4604105571847507,0.3368768328445747,32,available
Qwen,Residual integration,fixed_v8_composite_5,40,5,middle,0.2943548387096774,0.2540322580645161,32,available
Qwen,Residual integration,fixed_v8_composite_5,40,6,middle,0.31341642228739,0.2368035190615835,32,available
Qwen,Residual integration,fixed_v8_composite_5,40,7,middle,0.4101906158357771,0.3885630498533724,32,available
Qwen,Residual integration,fixed_v8_composite_5,40,8,late,0.377199413489736,0.3398093841642228,32,available
Qwen,Residual integration,fixed_v8_composite_5,40,9,late,0.3097507331378298,0.2258064516129032,32,available
Qwen,Residual integration,fixed_v8_composite_5,40,10,late,0.2683284457478005,0.2173753665689149,32,available
Qwen,Residual integration,fixed_v8_composite_5,40,11,late,0.4303519061583577,0.3526392961876832,32,available
Qwen,Residual integration,fixed_v8_composite_5,41,0,early,0.1389296187683284,0.0491202346041055,32,available
Qwen,Residual integration,fixed_v8_composite_5,41,1,early,0.1700879765395894,0.0879765395894428,32,available
Qwen,Residual integration,fixed_v8_composite_5,41,2,early,0.3412756598240469,0.222140762463343,32,available
Qwen,Residual integration,fixed_v8_composite_5,41,3,early,0.2452346041055718,0.1557917888563049,32,available
Qwen,Residual integration,fixed_v8_composite_5,41,4,middle,0.3797653958944281,0.3401759530791788,32,available
Qwen,Residual integration,fixed_v8_composite_5,41,5,middle,0.3178152492668621,0.2690615835777126,32,available
Qwen,Residual integration,fixed_v8_composite_5,41,6,middle,0.2030791788856304,0.1400293255131964,32,available
Qwen,Residual integration,fixed_v8_composite_5,41,7,middle,0.3401759530791788,0.2987536656891495,32,available
Qwen,Residual integration,fixed_v8_composite_5,41,8,late,0.2694281524926686,0.2738269794721407,32,available
Qwen,Residual integration,fixed_v8_composite_5,41,9,late,0.2415689149560117,0.1308651026392961,32,available
Qwen,Residual integration,fixed_v8_composite_5,41,10,late,0.2434017595307917,0.220674486803519,32,available
Qwen,Residual integration,fixed_v8_composite_5,41,11,late,0.2939882697947213,0.2291055718475072,32,available
Qwen,Residual integration,fixed_v8_composite_5,42,0,early,0.1818181818181818,0.0062316715542521,32,available
Qwen,Residual integration,fixed_v8_composite_5,42,1,early,0.3068181818181817,0.0516862170087976,32,available
Qwen,Residual integration,fixed_v8_composite_5,42,2,early,0.1447947214076246,-0.0267595307917888,32,available
Qwen,Residual integration,fixed_v8_composite_5,42,3,early,0.2089442815249266,-0.0307917888563049,32,available
Qwen,Residual integration,fixed_v8_composite_5,42,4,middle,0.281524926686217,0.1983137829912023,32,available
Qwen,Residual integration,fixed_v8_composite_5,42,5,middle,0.2320381231671554,0.0040322580645161,32,available
Qwen,Residual integration,fixed_v8_composite_5,42,6,middle,0.0483870967741935,-0.1345307917888563,32,available
Qwen,Residual integration,fixed_v8_composite_5,42,7,middle,0.1964809384164222,0.0612170087976539,32,available
Qwen,Residual integration,fixed_v8_composite_5,42,8,late,0.2602639296187683,0.1220674486803519,32,available
Qwen,Residual integration,fixed_v8_composite_5,42,9,late,0.0593841642228738,-0.1286656891495601,32,available
Qwen,Residual integration,fixed_v8_composite_5,42,10,late,0.3240469208211143,0.128299120234604,32,available
Qwen,Residual integration,fixed_v8_composite_5,42,11,late,0.1019061583577712,-0.0370234604105571,32,available
Qwen,Residual integration,fixed_v8_composite_5,43,0,early,-0.0505865102639296,-0.157258064516129,32,available
Qwen,Residual integration,fixed_v8_composite_5,43,1,early,-0.0366568914956011,-0.1730205278592375,32,available
Qwen,Residual integration,fixed_v8_composite_5,43,2,early,0.1352639296187683,0.0839442815249266,32,available
Qwen,Residual integration,fixed_v8_composite_5,43,3,early,0.0436217008797653,-0.0520527859237536,32,available
Qwen,Residual integration,fixed_v8_composite_5,43,4,middle,0.032258064516129,-0.064882697947214,32,available
Qwen,Residual integration,fixed_v8_composite_5,43,5,middle,0.1022727272727272,0.0179618768328445,32,available
Qwen,Residual integration,fixed_v8_composite_5,43,6,middle,0.0113636363636363,-0.0186950146627565,32,available
Qwen,Residual integration,fixed_v8_composite_5,43,7,middle,0.1074046920821114,0.0538856304985337,32,available
Qwen,Residual integration,fixed_v8_composite_5,43,8,late,0.0901759530791788,0.1180351906158357,32,available
Qwen,Residual integration,fixed_v8_composite_5,43,9,late,-0.0051319648093841,-0.0810117302052785,32,available
Qwen,Residual integration,fixed_v8_composite_5,43,10,late,0.0450879765395894,-0.0098973607038123,32,available
Qwen,Residual integration,fixed_v8_composite_5,43,11,late,0.0388563049853372,-0.0901759530791788,32,available
Qwen,Residual integration,fixed_v8_composite_5,44,0,early,-0.1708211143695014,-0.1125366568914955,32,available
Qwen,Residual integration,fixed_v8_composite_5,44,1,early,-0.0696480938416422,0.0245601173020527,32,available
Qwen,Residual integration,fixed_v8_composite_5,44,2,early,-0.094574780058651,-0.0659824046920821,32,available
Qwen,Residual integration,fixed_v8_composite_5,44,3,early,-0.032258064516129,0.0311583577712609,32,available
Qwen,Residual integration,fixed_v8_composite_5,44,4,middle,-0.0571847507331378,0.0381231671554252,32,available
Qwen,Residual integration,fixed_v8_composite_5,44,5,middle,-0.0978739002932551,-0.0208944281524926,32,available
Qwen,Residual integration,fixed_v8_composite_5,44,6,middle,-0.0773460410557184,-0.0619501466275659,32,available
Qwen,Residual integration,fixed_v8_composite_5,44,7,middle,-0.0087976539589442,0.0788123167155425,32,available
Qwen,Residual integration,fixed_v8_composite_5,44,8,late,-0.1620234604105571,-0.1781524926686216,32,available
Qwen,Residual integration,fixed_v8_composite_5,44,9,late,-0.0751466275659824,-0.0846774193548387,32,available
Qwen,Residual integration,fixed_v8_composite_5,44,10,late,-0.0934750733137829,-0.0348240469208211,32,available
Qwen,Residual integration,fixed_v8_composite_5,44,11,late,0.0080645161290322,0.0777126099706744,32,available
Qwen,Residual integration,fixed_v8_composite_5,45,0,early,0.1224340175953079,0.0381231671554252,32,available
Qwen,Residual integration,fixed_v8_composite_5,45,1,early,0.2723607038123167,0.1697214076246334,32,available
Qwen,Residual integration,fixed_v8_composite_5,45,2,early,0.2734604105571847,0.2104105571847507,32,available
Qwen,Residual integration,fixed_v8_composite_5,45,3,early,0.2573313782991202,0.1847507331378299,32,available
Qwen,Residual integration,fixed_v8_composite_5,45,4,middle,0.283724340175953,0.1019061583577712,32,available
Qwen,Residual integration,fixed_v8_composite_5,45,5,middle,0.1913489736070381,0.1455278592375366,32,available
Qwen,Residual integration,fixed_v8_composite_5,45,6,middle,0.2646627565982404,0.2258064516129032,32,available
Qwen,Residual integration,fixed_v8_composite_5,45,7,middle,0.2969208211143695,0.219208211143695,32,available
Qwen,Residual integration,fixed_v8_composite_5,45,8,late,0.3126832844574779,0.3313782991202346,32,available
Qwen,Residual integration,fixed_v8_composite_5,45,9,late,0.1920821114369501,0.128299120234604,32,available
Qwen,Residual integration,fixed_v8_composite_5,45,10,late,0.2023460410557184,0.1785190615835777,32,available
Qwen,Residual integration,fixed_v8_composite_5,45,11,late,0.3071847507331378,0.1997800586510264,32,available
Qwen,Residual integration,fixed_v8_composite_5,46,0,early,0.2093108504398826,0.1675219941348973,32,available
Qwen,Residual integration,fixed_v8_composite_5,46,1,early,0.2331378299120234,0.096041055718475,32,available
Qwen,Residual integration,fixed_v8_composite_5,46,2,early,0.2796920821114369,0.2360703812316715,32,available
Qwen,Residual integration,fixed_v8_composite_5,46,3,early,0.1620234604105571,0.0692815249266862,32,available
Qwen,Residual integration,fixed_v8_composite_5,46,4,middle,0.2001466275659824,0.1088709677419354,32,available
Qwen,Residual integration,fixed_v8_composite_5,46,5,middle,0.2646627565982404,0.2452346041055718,32,available
Qwen,Residual integration,fixed_v8_composite_5,46,6,middle,0.343841642228739,0.2859237536656891,32,available
Qwen,Residual integration,fixed_v8_composite_5,46,7,middle,0.2030791788856304,0.1231671554252199,32,available
Qwen,Residual integration,fixed_v8_composite_5,46,8,late,0.2452346041055718,0.1425953079178885,32,available
Qwen,Residual integration,fixed_v8_composite_5,46,9,late,0.2078445747800586,0.1293988269794721,32,available
Qwen,Residual integration,fixed_v8_composite_5,46,10,late,0.1770527859237536,0.0414222873900293,32,available
Qwen,Residual integration,fixed_v8_composite_5,46,11,late,0.1737536656891495,0.0608504398826979,32,available
Qwen,Residual integration,fixed_v8_composite_5,47,0,early,-0.0366568914956011,0.1074046920821114,32,available
Qwen,Residual integration,fixed_v8_composite_5,47,1,early,-0.4101906158357771,-0.251099706744868,32,available
Qwen,Residual integration,fixed_v8_composite_5,47,2,early,-0.4516129032258064,-0.3266129032258064,32,available
Qwen,Residual integration,fixed_v8_composite_5,47,3,early,-0.3478739002932551,-0.2155425219941348,32,available
Qwen,Residual integration,fixed_v8_composite_5,47,4,middle,-0.3167155425219941,-0.1774193548387096,32,available
Qwen,Residual integration,fixed_v8_composite_5,47,5,middle,-0.3328445747800586,-0.1015395894428152,32,available
Qwen,Residual integration,fixed_v8_composite_5,47,6,middle,-0.3130498533724339,-0.2096774193548386,32,available
Qwen,Residual integration,fixed_v8_composite_5,47,7,middle,-0.2456011730205278,-0.2060117302052785,32,available
Qwen,Residual integration,fixed_v8_composite_5,47,8,late,-0.2078445747800586,-0.1539589442815249,32,available
Qwen,Residual integration,fixed_v8_composite_5,47,9,late,-0.3035190615835776,-0.1832844574780058,32,available
Qwen,Residual integration,fixed_v8_composite_5,47,10,late,-0.2811583577712609,-0.0586510263929618,32,available
Qwen,Residual integration,fixed_v8_composite_5,47,11,late,-0.3581378299120234,-0.219574780058651,32,available
GLM-4.7-Flash,Expert-choice confidence,expert_choice_confidence,0,0,early,,,0,not_applicable_dense_block_no_router
GLM-4.7-Flash,Expert-choice confidence,expert_choice_confidence,0,1,early,,,0,not_applicable_dense_block_no_router
GLM-4.7-Flash,Expert-choice confidence,expert_choice_confidence,0,2,early,,,0,not_applicable_dense_block_no_router
GLM-4.7-Flash,Expert-choice confidence,expert_choice_confidence,0,3,early,,,0,not_applicable_dense_block_no_router
GLM-4.7-Flash,Expert-choice confidence,expert_choice_confidence,0,4,middle,,,0,not_applicable_dense_block_no_router
GLM-4.7-Flash,Expert-choice confidence,expert_choice_confidence,0,5,middle,,,0,not_applicable_dense_block_no_router
GLM-4.7-Flash,Expert-choice confidence,expert_choice_confidence,0,6,middle,,,0,not_applicable_dense_block_no_router
GLM-4.7-Flash,Expert-choice confidence,expert_choice_confidence,0,7,middle,,,0,not_applicable_dense_block_no_router
GLM-4.7-Flash,Expert-choice confidence,expert_choice_confidence,0,8,late,,,0,not_applicable_dense_block_no_router
GLM-4.7-Flash,Expert-choice confidence,expert_choice_confidence,0,9,late,,,0,not_applicable_dense_block_no_router
GLM-4.7-Flash,Expert-choice confidence,expert_choice_confidence,0,10,late,,,0,not_applicable_dense_block_no_router
GLM-4.7-Flash,Expert-choice confidence,expert_choice_confidence,0,11,late,,,0,not_applicable_dense_block_no_router
GLM-4.7-Flash,Expert-choice confidence,expert_choice_confidence,1,0,early,0.1187683284457477,-0.0032991202346041,32,available
GLM-4.7-Flash,Expert-choice confidence,expert_choice_confidence,1,1,early,0.2346041055718475,0.2001466275659824,32,available
GLM-4.7-Flash,Expert-choice confidence,expert_choice_confidence,1,2,early,0.2653958944281525,0.190615835777126,32,available
GLM-4.7-Flash,Expert-choice confidence,expert_choice_confidence,1,3,early,0.1755865102639296,0.127199413489736,32,available
GLM-4.7-Flash,Expert-choice confidence,expert_choice_confidence,1,4,middle,0.0887096774193548,-0.0131964809384164,32,available
GLM-4.7-Flash,Expert-choice confidence,expert_choice_confidence,1,5,middle,0.0879765395894428,0.096041055718475,32,available
GLM-4.7-Flash,Expert-choice confidence,expert_choice_confidence,1,6,middle,0.1374633431085043,0.0355571847507331,32,available
GLM-4.7-Flash,Expert-choice confidence,expert_choice_confidence,1,7,middle,0.2441348973607038,0.1444281524926686,32,available
GLM-4.7-Flash,Expert-choice confidence,expert_choice_confidence,1,8,late,0.3596041055718474,0.3236803519061583,32,available
GLM-4.7-Flash,Expert-choice confidence,expert_choice_confidence,1,9,late,0.1385630498533724,0.0850439882697947,32,available
GLM-4.7-Flash,Expert-choice confidence,expert_choice_confidence,1,10,late,0.2793255131964808,0.2642961876832844,32,available
GLM-4.7-Flash,Expert-choice confidence,expert_choice_confidence,1,11,late,0.1935483870967741,0.0879765395894428,32,available
GLM-4.7-Flash,Expert-choice confidence,expert_choice_confidence,2,0,early,0.0934750733137829,0.1682551319648093,32,available
GLM-4.7-Flash,Expert-choice confidence,expert_choice_confidence,2,1,early,0.0054985337243401,0.1173020527859237,32,available
GLM-4.7-Flash,Expert-choice confidence,expert_choice_confidence,2,2,early,-0.0586510263929618,-0.031891495601173,32,available
GLM-4.7-Flash,Expert-choice confidence,expert_choice_confidence,2,3,early,-0.0142961876832844,0.096407624633431,32,available
GLM-4.7-Flash,Expert-choice confidence,expert_choice_confidence,2,4,middle,-0.0579178885630498,-0.0986070381231671,32,available
GLM-4.7-Flash,Expert-choice confidence,expert_choice_confidence,2,5,middle,-0.0909090909090909,-0.0436217008797653,32,available
GLM-4.7-Flash,Expert-choice confidence,expert_choice_confidence,2,6,middle,0.0344574780058651,0.0997067448680351,32,available
GLM-4.7-Flash,Expert-choice confidence,expert_choice_confidence,2,7,middle,0.0417888563049853,0.063782991202346,32,available
GLM-4.7-Flash,Expert-choice confidence,expert_choice_confidence,2,8,late,0.1458944281524926,0.220307917888563,32,available
GLM-4.7-Flash,Expert-choice confidence,expert_choice_confidence,2,9,late,-0.0183284457478005,0.1752199413489735,32,available
GLM-4.7-Flash,Expert-choice confidence,expert_choice_confidence,2,10,late,-0.0674486803519061,0.1114369501466275,32,available
GLM-4.7-Flash,Expert-choice confidence,expert_choice_confidence,2,11,late,-0.064516129032258,-0.0520527859237536,32,available
GLM-4.7-Flash,Expert-choice confidence,expert_choice_confidence,3,0,early,-0.0146627565982404,0.0883431085043988,32,available
GLM-4.7-Flash,Expert-choice confidence,expert_choice_confidence,3,1,early,-0.0414222873900293,0.1195014662756598,32,available
GLM-4.7-Flash,Expert-choice confidence,expert_choice_confidence,3,2,early,-0.0520527859237536,0.0175953079178885,32,available
GLM-4.7-Flash,Expert-choice confidence,expert_choice_confidence,3,3,early,-0.0777126099706744,0.0036656891495601,32,available
GLM-4.7-Flash,Expert-choice confidence,expert_choice_confidence,3,4,middle,-0.2261730205278592,-0.2393695014662756,32,available
GLM-4.7-Flash,Expert-choice confidence,expert_choice_confidence,3,5,middle,-0.1935483870967741,-0.0403225806451612,32,available
GLM-4.7-Flash,Expert-choice confidence,expert_choice_confidence,3,6,middle,-0.0245601173020527,0.0828445747800586,32,available
GLM-4.7-Flash,Expert-choice confidence,expert_choice_confidence,3,7,middle,-0.0428885630498533,0.0186950146627565,32,available
GLM-4.7-Flash,Expert-choice confidence,expert_choice_confidence,3,8,late,0.0219941348973607,0.1114369501466275,32,available
GLM-4.7-Flash,Expert-choice confidence,expert_choice_confidence,3,9,late,-0.0509530791788856,0.1033724340175953,32,available
GLM-4.7-Flash,Expert-choice confidence,expert_choice_confidence,3,10,late,-0.0491202346041055,0.0769794721407624,32,available
GLM-4.7-Flash,Expert-choice confidence,expert_choice_confidence,3,11,late,-0.0513196480938416,-0.0106304985337243,32,available
GLM-4.7-Flash,Expert-choice confidence,expert_choice_confidence,4,0,early,-0.1125366568914955,-0.0373900293255131,32,available
GLM-4.7-Flash,Expert-choice confidence,expert_choice_confidence,4,1,early,-0.3178152492668621,-0.1488269794721407,32,available
GLM-4.7-Flash,Expert-choice confidence,expert_choice_confidence,4,2,early,-0.2177419354838709,-0.0736803519061583,32,available
GLM-4.7-Flash,Expert-choice confidence,expert_choice_confidence,4,3,early,-0.3284457478005865,-0.3097507331378298,32,available
GLM-4.7-Flash,Expert-choice confidence,expert_choice_confidence,4,4,middle,-0.2712609970674486,-0.2617302052785923,32,available
GLM-4.7-Flash,Expert-choice confidence,expert_choice_confidence,4,5,middle,-0.2023460410557184,-0.0351906158357771,32,available
GLM-4.7-Flash,Expert-choice confidence,expert_choice_confidence,4,6,middle,-0.2258064516129032,-0.1151026392961876,32,available
GLM-4.7-Flash,Expert-choice confidence,expert_choice_confidence,4,7,middle,-0.2324046920821113,-0.2664956011730205,32,available
GLM-4.7-Flash,Expert-choice confidence,expert_choice_confidence,4,8,late,-0.1711876832844574,-0.1491935483870967,32,available
GLM-4.7-Flash,Expert-choice confidence,expert_choice_confidence,4,9,late,-0.2184750733137829,-0.1363636363636363,32,available
GLM-4.7-Flash,Expert-choice confidence,expert_choice_confidence,4,10,late,-0.2646627565982404,-0.125,32,available
GLM-4.7-Flash,Expert-choice confidence,expert_choice_confidence,4,11,late,-0.2547653958944281,-0.1513929618768328,32,available
GLM-4.7-Flash,Expert-choice confidence,expert_choice_confidence,5,0,early,-0.1030058651026392,0.2060117302052785,32,available
GLM-4.7-Flash,Expert-choice confidence,expert_choice_confidence,5,1,early,-0.4035923753665689,-0.0194281524926686,32,available
GLM-4.7-Flash,Expert-choice confidence,expert_choice_confidence,5,2,early,-0.3211143695014662,0.0458211143695014,32,available
GLM-4.7-Flash,Expert-choice confidence,expert_choice_confidence,5,3,early,-0.284457478005865,-0.0414222873900293,32,available
GLM-4.7-Flash,Expert-choice confidence,expert_choice_confidence,5,4,middle,-0.3405425219941349,-0.1675219941348973,32,available
GLM-4.7-Flash,Expert-choice confidence,expert_choice_confidence,5,5,middle,-0.2848240469208211,0.0839442815249266,32,available
GLM-4.7-Flash,Expert-choice confidence,expert_choice_confidence,5,6,middle,-0.2489002932551319,0.0736803519061583,32,available
GLM-4.7-Flash,Expert-choice confidence,expert_choice_confidence,5,7,middle,-0.1451612903225806,0.0791788856304985,32,available
GLM-4.7-Flash,Expert-choice confidence,expert_choice_confidence,5,8,late,-0.2100439882697947,0.1213343108504398,32,available
GLM-4.7-Flash,Expert-choice confidence,expert_choice_confidence,5,9,late,-0.1495601173020527,0.188049853372434,32,available
GLM-4.7-Flash,Expert-choice confidence,expert_choice_confidence,5,10,late,-0.3603372434017595,0.0190615835777126,32,available
GLM-4.7-Flash,Expert-choice confidence,expert_choice_confidence,5,11,late,-0.2159090909090908,0.0934750733137829,32,available
GLM-4.7-Flash,Expert-choice confidence,expert_choice_confidence,6,0,early,0.1334310850439882,0.1968475073313782,32,available
GLM-4.7-Flash,Expert-choice confidence,expert_choice_confidence,6,1,early,0.0494868035190615,0.125733137829912,32,available
GLM-4.7-Flash,Expert-choice confidence,expert_choice_confidence,6,2,early,0.0689149560117302,0.2052785923753665,32,available
GLM-4.7-Flash,Expert-choice confidence,expert_choice_confidence,6,3,early,0.0769794721407624,0.1605571847507331,32,available
GLM-4.7-Flash,Expert-choice confidence,expert_choice_confidence,6,4,middle,0.1510263929618768,0.219208211143695,32,available
GLM-4.7-Flash,Expert-choice confidence,expert_choice_confidence,6,5,middle,0.0883431085043988,0.3016862170087976,32,available
GLM-4.7-Flash,Expert-choice confidence,expert_choice_confidence,6,6,middle,0.0821114369501466,0.1851173020527859,32,available
GLM-4.7-Flash,Expert-choice confidence,expert_choice_confidence,6,7,middle,0.187316715542522,0.283357771260997,32,available
GLM-4.7-Flash,Expert-choice confidence,expert_choice_confidence,6,8,late,0.093841642228739,0.187683284457478,32,available
GLM-4.7-Flash,Expert-choice confidence,expert_choice_confidence,6,9,late,0.033357771260997,0.0920087976539589,32,available
GLM-4.7-Flash,Expert-choice confidence,expert_choice_confidence,6,10,late,0.0857771260997067,0.2305718475073313,32,available
GLM-4.7-Flash,Expert-choice confidence,expert_choice_confidence,6,11,late,0.0887096774193548,0.159090909090909,32,available
GLM-4.7-Flash,Expert-choice confidence,expert_choice_confidence,7,0,early,-0.0381231671554252,0.1370967741935483,32,available
GLM-4.7-Flash,Expert-choice confidence,expert_choice_confidence,7,1,early,-0.0934750733137829,0.2408357771260997,32,available
GLM-4.7-Flash,Expert-choice confidence,expert_choice_confidence,7,2,early,0.0472873900293255,0.3042521994134897,32,available
GLM-4.7-Flash,Expert-choice confidence,expert_choice_confidence,7,3,early,-0.0058651026392961,0.1726539589442815,32,available
GLM-4.7-Flash,Expert-choice confidence,expert_choice_confidence,7,4,middle,-0.031524926686217,0.1653225806451612,32,available
GLM-4.7-Flash,Expert-choice confidence,expert_choice_confidence,7,5,middle,0.1187683284457477,0.4519794721407624,32,available
GLM-4.7-Flash,Expert-choice confidence,expert_choice_confidence,7,6,middle,0.0183284457478005,0.2602639296187683,32,available
GLM-4.7-Flash,Expert-choice confidence,expert_choice_confidence,7,7,middle,0.0986070381231671,0.2404692082111436,32,available
GLM-4.7-Flash,Expert-choice confidence,expert_choice_confidence,7,8,late,0.0604838709677419,0.2445014662756598,32,available
GLM-4.7-Flash,Expert-choice confidence,expert_choice_confidence,7,9,late,0.064882697947214,0.2085777126099706,32,available
GLM-4.7-Flash,Expert-choice confidence,expert_choice_confidence,7,10,late,0.064149560117302,0.3324780058651026,32,available
GLM-4.7-Flash,Expert-choice confidence,expert_choice_confidence,7,11,late,0.1315982404692082,0.3519061583577712,32,available
GLM-4.7-Flash,Expert-choice confidence,expert_choice_confidence,8,0,early,-0.032258064516129,0.1231671554252199,32,available
GLM-4.7-Flash,Expert-choice confidence,expert_choice_confidence,8,1,early,-0.1033724340175953,0.1019061583577712,32,available
GLM-4.7-Flash,Expert-choice confidence,expert_choice_confidence,8,2,early,-0.0773460410557184,0.1169354838709677,32,available
GLM-4.7-Flash,Expert-choice confidence,expert_choice_confidence,8,3,early,-0.0355571847507331,0.0993401759530791,32,available
GLM-4.7-Flash,Expert-choice confidence,expert_choice_confidence,8,4,middle,-0.1063049853372434,0.0348240469208211,32,available
GLM-4.7-Flash,Expert-choice confidence,expert_choice_confidence,8,5,middle,0.0604838709677419,0.3416422287390029,32,available
GLM-4.7-Flash,Expert-choice confidence,expert_choice_confidence,8,6,middle,-0.0546187683284457,0.1858504398826979,32,available
GLM-4.7-Flash,Expert-choice confidence,expert_choice_confidence,8,7,middle,-0.0190615835777126,0.1114369501466275,32,available
GLM-4.7-Flash,Expert-choice confidence,expert_choice_confidence,8,8,late,-0.0604838709677419,0.0615835777126099,32,available
GLM-4.7-Flash,Expert-choice confidence,expert_choice_confidence,8,9,late,0.0271260997067448,0.1554252199413489,32,available
GLM-4.7-Flash,Expert-choice confidence,expert_choice_confidence,8,10,late,0.0531524926686217,0.2573313782991202,32,available
GLM-4.7-Flash,Expert-choice confidence,expert_choice_confidence,8,11,late,-0.0080645161290322,0.1715542521994134,32,available
GLM-4.7-Flash,Expert-choice confidence,expert_choice_confidence,9,0,early,0.1513929618768328,0.2848240469208211,32,available
GLM-4.7-Flash,Expert-choice confidence,expert_choice_confidence,9,1,early,0.1030058651026392,0.4175219941348973,32,available
GLM-4.7-Flash,Expert-choice confidence,expert_choice_confidence,9,2,early,0.2650293255131964,0.4945014662756597,32,available
GLM-4.7-Flash,Expert-choice confidence,expert_choice_confidence,9,3,early,0.2661290322580645,0.4373167155425219,32,available
GLM-4.7-Flash,Expert-choice confidence,expert_choice_confidence,9,4,middle,0.1836510263929618,0.3482404692082111,32,available
GLM-4.7-Flash,Expert-choice confidence,expert_choice_confidence,9,5,middle,0.2602639296187683,0.562683284457478,32,available
GLM-4.7-Flash,Expert-choice confidence,expert_choice_confidence,9,6,middle,0.2580645161290322,0.4805718475073313,32,available
GLM-4.7-Flash,Expert-choice confidence,expert_choice_confidence,9,7,middle,0.313782991202346,0.5014662756598239,32,available
GLM-4.7-Flash,Expert-choice confidence,expert_choice_confidence,9,8,late,0.31524926686217,0.5084310850439883,32,available
GLM-4.7-Flash,Expert-choice confidence,expert_choice_confidence,9,9,late,0.3614369501466275,0.5212609970674487,32,available
GLM-4.7-Flash,Expert-choice confidence,expert_choice_confidence,9,10,late,0.1220674486803519,0.4167888563049853,32,available
GLM-4.7-Flash,Expert-choice confidence,expert_choice_confidence,9,11,late,0.3317448680351906,0.4864369501466275,32,available
GLM-4.7-Flash,Expert-choice confidence,expert_choice_confidence,10,0,early,0.2320381231671554,0.2734604105571847,32,available
GLM-4.7-Flash,Expert-choice confidence,expert_choice_confidence,10,1,early,0.1693548387096774,0.4131231671554252,32,available
GLM-4.7-Flash,Expert-choice confidence,expert_choice_confidence,10,2,early,0.2056451612903225,0.4252199413489736,32,available
GLM-4.7-Flash,Expert-choice confidence,expert_choice_confidence,10,3,early,0.1634897360703812,0.3398093841642228,32,available
GLM-4.7-Flash,Expert-choice confidence,expert_choice_confidence,10,4,middle,0.1704545454545454,0.2247067448680351,32,available
GLM-4.7-Flash,Expert-choice confidence,expert_choice_confidence,10,5,middle,0.190615835777126,0.4607771260997067,32,available
GLM-4.7-Flash,Expert-choice confidence,expert_choice_confidence,10,6,middle,0.2313049853372434,0.4039589442815249,32,available
GLM-4.7-Flash,Expert-choice confidence,expert_choice_confidence,10,7,middle,0.3229472140762462,0.4945014662756597,32,available
GLM-4.7-Flash,Expert-choice confidence,expert_choice_confidence,10,8,late,0.2364369501466275,0.4285190615835776,32,available
GLM-4.7-Flash,Expert-choice confidence,expert_choice_confidence,10,9,late,0.2774926686217008,0.3885630498533724,32,available
GLM-4.7-Flash,Expert-choice confidence,expert_choice_confidence,10,10,late,0.0421554252199413,0.284457478005865,32,available
GLM-4.7-Flash,Expert-choice confidence,expert_choice_confidence,10,11,late,0.2430351906158357,0.3302785923753665,32,available
GLM-4.7-Flash,Expert-choice confidence,expert_choice_confidence,11,0,early,0.1550586510263929,0.2045454545454545,32,available
GLM-4.7-Flash,Expert-choice confidence,expert_choice_confidence,11,1,early,0.1370967741935483,0.2976539589442815,32,available
GLM-4.7-Flash,Expert-choice confidence,expert_choice_confidence,11,2,early,0.1671554252199413,0.249633431085044,32,available
GLM-4.7-Flash,Expert-choice confidence,expert_choice_confidence,11,3,early,0.1099706744868035,0.2034457478005865,32,available
GLM-4.7-Flash,Expert-choice confidence,expert_choice_confidence,11,4,middle,0.096041055718475,0.1979472140762463,32,available
GLM-4.7-Flash,Expert-choice confidence,expert_choice_confidence,11,5,middle,0.1785190615835777,0.3706011730205278,32,available
GLM-4.7-Flash,Expert-choice confidence,expert_choice_confidence,11,6,middle,0.1491935483870967,0.2445014662756598,32,available
GLM-4.7-Flash,Expert-choice confidence,expert_choice_confidence,11,7,middle,0.2426686217008797,0.3731671554252199,32,available
GLM-4.7-Flash,Expert-choice confidence,expert_choice_confidence,11,8,late,0.2719941348973607,0.3651026392961876,32,available
GLM-4.7-Flash,Expert-choice confidence,expert_choice_confidence,11,9,late,0.220307917888563,0.2675953079178885,32,available
GLM-4.7-Flash,Expert-choice confidence,expert_choice_confidence,11,10,late,0.1502932551319648,0.3075513196480938,32,available
GLM-4.7-Flash,Expert-choice confidence,expert_choice_confidence,11,11,late,0.1290322580645161,0.1667888563049853,32,available
GLM-4.7-Flash,Expert-choice confidence,expert_choice_confidence,12,0,early,0.1352639296187683,0.3398093841642228,32,available
GLM-4.7-Flash,Expert-choice confidence,expert_choice_confidence,12,1,early,0.0036656891495601,0.2800586510263929,32,available
GLM-4.7-Flash,Expert-choice confidence,expert_choice_confidence,12,2,early,-0.1286656891495601,0.0542521994134897,32,available
GLM-4.7-Flash,Expert-choice confidence,expert_choice_confidence,12,3,early,-0.0681818181818181,0.1191348973607038,32,available
GLM-4.7-Flash,Expert-choice confidence,expert_choice_confidence,12,4,middle,-0.0975073313782991,0.0461876832844574,32,available
GLM-4.7-Flash,Expert-choice confidence,expert_choice_confidence,12,5,middle,-0.0227272727272727,0.2423020527859237,32,available
GLM-4.7-Flash,Expert-choice confidence,expert_choice_confidence,12,6,middle,0.0432551319648093,0.2276392961876832,32,available
GLM-4.7-Flash,Expert-choice confidence,expert_choice_confidence,12,7,middle,0.12683284457478,0.3306451612903225,32,available
GLM-4.7-Flash,Expert-choice confidence,expert_choice_confidence,12,8,late,0.0480205278592375,0.2580645161290322,32,available
GLM-4.7-Flash,Expert-choice confidence,expert_choice_confidence,12,9,late,0.0813782991202346,0.2752932551319648,32,available
GLM-4.7-Flash,Expert-choice confidence,expert_choice_confidence,12,10,late,-0.031524926686217,0.1821847507331378,32,available
GLM-4.7-Flash,Expert-choice confidence,expert_choice_confidence,12,11,late,-0.0164956011730205,0.1304985337243401,32,available
GLM-4.7-Flash,Expert-choice confidence,expert_choice_confidence,13,0,early,0.1499266862170088,0.1939149560117301,32,available
GLM-4.7-Flash,Expert-choice confidence,expert_choice_confidence,13,1,early,0.0678152492668621,0.1840175953079178,32,available
GLM-4.7-Flash,Expert-choice confidence,expert_choice_confidence,13,2,early,0.1037390029325513,0.2232404692082111,32,available
GLM-4.7-Flash,Expert-choice confidence,expert_choice_confidence,13,3,early,0.033724340175953,0.0813782991202346,32,available
GLM-4.7-Flash,Expert-choice confidence,expert_choice_confidence,13,4,middle,0.0821114369501466,0.1180351906158357,32,available
GLM-4.7-Flash,Expert-choice confidence,expert_choice_confidence,13,5,middle,0.1228005865102639,0.2851906158357771,32,available
GLM-4.7-Flash,Expert-choice confidence,expert_choice_confidence,13,6,middle,0.0799120234604105,0.1411290322580645,32,available
GLM-4.7-Flash,Expert-choice confidence,expert_choice_confidence,13,7,middle,0.2100439882697947,0.2723607038123167,32,available
GLM-4.7-Flash,Expert-choice confidence,expert_choice_confidence,13,8,late,0.1389296187683284,0.2173753665689149,32,available
GLM-4.7-Flash,Expert-choice confidence,expert_choice_confidence,13,9,late,0.1323313782991202,0.2001466275659824,32,available
GLM-4.7-Flash,Expert-choice confidence,expert_choice_confidence,13,10,late,0.1107038123167155,0.2327712609970674,32,available
GLM-4.7-Flash,Expert-choice confidence,expert_choice_confidence,13,11,late,0.0711143695014662,0.1411290322580645,32,available
GLM-4.7-Flash,Expert-choice confidence,expert_choice_confidence,14,0,early,0.0194281524926686,0.1557917888563049,32,available
GLM-4.7-Flash,Expert-choice confidence,expert_choice_confidence,14,1,early,-0.0546187683284457,0.3273460410557184,32,available
GLM-4.7-Flash,Expert-choice confidence,expert_choice_confidence,14,2,early,0.06524926686217,0.2910557184750733,32,available
GLM-4.7-Flash,Expert-choice confidence,expert_choice_confidence,14,3,early,0.0414222873900293,0.2763929618768327,32,available
GLM-4.7-Flash,Expert-choice confidence,expert_choice_confidence,14,4,middle,-0.0392228739002932,0.1121700879765395,32,available
GLM-4.7-Flash,Expert-choice confidence,expert_choice_confidence,14,5,middle,0.0106304985337243,0.2884897360703812,32,available
GLM-4.7-Flash,Expert-choice confidence,expert_choice_confidence,14,6,middle,0.1217008797653958,0.3273460410557184,32,available
GLM-4.7-Flash,Expert-choice confidence,expert_choice_confidence,14,7,middle,0.1323313782991202,0.3515395894428151,32,available
GLM-4.7-Flash,Expert-choice confidence,expert_choice_confidence,14,8,late,0.0663489736070381,0.3196480938416422,32,available
GLM-4.7-Flash,Expert-choice confidence,expert_choice_confidence,14,9,late,0.094574780058651,0.3027859237536657,32,available
GLM-4.7-Flash,Expert-choice confidence,expert_choice_confidence,14,10,late,-0.1217008797653958,0.1821847507331378,32,available
GLM-4.7-Flash,Expert-choice confidence,expert_choice_confidence,14,11,late,0.0751466275659824,0.2294721407624632,32,available
GLM-4.7-Flash,Expert-choice confidence,expert_choice_confidence,15,0,early,-0.0700146627565982,0.128299120234604,32,available
GLM-4.7-Flash,Expert-choice confidence,expert_choice_confidence,15,1,early,-0.158357771260997,0.0890762463343108,32,available
GLM-4.7-Flash,Expert-choice confidence,expert_choice_confidence,15,2,early,-0.0219941348973607,0.281891495601173,32,available
GLM-4.7-Flash,Expert-choice confidence,expert_choice_confidence,15,3,early,-0.1074046920821114,0.1363636363636363,32,available
GLM-4.7-Flash,Expert-choice confidence,expert_choice_confidence,15,4,middle,-0.1777859237536656,-0.0073313782991202,32,available
GLM-4.7-Flash,Expert-choice confidence,expert_choice_confidence,15,5,middle,-0.0703812316715542,0.2353372434017595,32,available
GLM-4.7-Flash,Expert-choice confidence,expert_choice_confidence,15,6,middle,-0.0421554252199413,0.1700879765395894,32,available
GLM-4.7-Flash,Expert-choice confidence,expert_choice_confidence,15,7,middle,0.0373900293255131,0.2716275659824047,32,available
GLM-4.7-Flash,Expert-choice confidence,expert_choice_confidence,15,8,late,0.0425219941348973,0.25183284457478,32,available
GLM-4.7-Flash,Expert-choice confidence,expert_choice_confidence,15,9,late,0.0300586510263929,0.251466275659824,32,available
GLM-4.7-Flash,Expert-choice confidence,expert_choice_confidence,15,10,late,-0.1565249266862169,0.1392961876832844,32,available
GLM-4.7-Flash,Expert-choice confidence,expert_choice_confidence,15,11,late,0.0392228739002932,0.2386363636363636,32,available
GLM-4.7-Flash,Expert-choice confidence,expert_choice_confidence,16,0,early,-0.1466275659824046,-0.0395894428152492,32,available
GLM-4.7-Flash,Expert-choice confidence,expert_choice_confidence,16,1,early,-0.1715542521994134,0.0982404692082111,32,available
GLM-4.7-Flash,Expert-choice confidence,expert_choice_confidence,16,2,early,-0.0909090909090909,0.1011730205278592,32,available
GLM-4.7-Flash,Expert-choice confidence,expert_choice_confidence,16,3,early,-0.2122434017595307,-0.0212609970674486,32,available
GLM-4.7-Flash,Expert-choice confidence,expert_choice_confidence,16,4,middle,-0.1605571847507331,-0.031891495601173,32,available
GLM-4.7-Flash,Expert-choice confidence,expert_choice_confidence,16,5,middle,-0.1015395894428152,0.0568181818181818,32,available
GLM-4.7-Flash,Expert-choice confidence,expert_choice_confidence,16,6,middle,-0.0828445747800586,0.0674486803519061,32,available
GLM-4.7-Flash,Expert-choice confidence,expert_choice_confidence,16,7,middle,-0.0788123167155425,0.1169354838709677,32,available
GLM-4.7-Flash,Expert-choice confidence,expert_choice_confidence,16,8,late,-0.0289589442815249,0.1433284457478005,32,available
GLM-4.7-Flash,Expert-choice confidence,expert_choice_confidence,16,9,late,-0.0700146627565982,0.1092375366568914,32,available
GLM-4.7-Flash,Expert-choice confidence,expert_choice_confidence,16,10,late,-0.251466275659824,-0.0069648093841642,32,available
GLM-4.7-Flash,Expert-choice confidence,expert_choice_confidence,16,11,late,-0.1499266862170088,-0.0065982404692082,32,available
GLM-4.7-Flash,Expert-choice confidence,expert_choice_confidence,17,0,early,-0.1081378299120234,-0.1477272727272727,32,available
GLM-4.7-Flash,Expert-choice confidence,expert_choice_confidence,17,1,early,-0.0179618768328445,0.1374633431085043,32,available
GLM-4.7-Flash,Expert-choice confidence,expert_choice_confidence,17,2,early,0.0256598240469208,0.1920821114369501,32,available
GLM-4.7-Flash,Expert-choice confidence,expert_choice_confidence,17,3,early,-0.0707478005865102,0.0219941348973607,32,available
GLM-4.7-Flash,Expert-choice confidence,expert_choice_confidence,17,4,middle,-0.0157624633431085,0.0432551319648093,32,available
GLM-4.7-Flash,Expert-choice confidence,expert_choice_confidence,17,5,middle,-0.0443548387096774,0.0718475073313782,32,available
GLM-4.7-Flash,Expert-choice confidence,expert_choice_confidence,17,6,middle,-0.0194281524926686,0.0366568914956011,32,available
GLM-4.7-Flash,Expert-choice confidence,expert_choice_confidence,17,7,middle,0.0612170087976539,0.1385630498533724,32,available
GLM-4.7-Flash,Expert-choice confidence,expert_choice_confidence,17,8,late,0.1162023460410556,0.1832844574780058,32,available
GLM-4.7-Flash,Expert-choice confidence,expert_choice_confidence,17,9,late,-0.0069648093841642,0.1033724340175953,32,available
GLM-4.7-Flash,Expert-choice confidence,expert_choice_confidence,17,10,late,-0.0890762463343108,0.1052052785923753,32,available
GLM-4.7-Flash,Expert-choice confidence,expert_choice_confidence,17,11,late,0.0575513196480938,0.12683284457478,32,available
GLM-4.7-Flash,Expert-choice confidence,expert_choice_confidence,18,0,early,-0.0692815249266862,-0.0612170087976539,32,available
GLM-4.7-Flash,Expert-choice confidence,expert_choice_confidence,18,1,early,0.0835777126099706,0.2639296187683284,32,available
GLM-4.7-Flash,Expert-choice confidence,expert_choice_confidence,18,2,early,0.0381231671554252,0.1510263929618768,32,available
GLM-4.7-Flash,Expert-choice confidence,expert_choice_confidence,18,3,early,0.0043988269794721,0.0733137829912023,32,available
GLM-4.7-Flash,Expert-choice confidence,expert_choice_confidence,18,4,middle,0.1081378299120234,0.1649560117302052,32,available
GLM-4.7-Flash,Expert-choice confidence,expert_choice_confidence,18,5,middle,-0.0186950146627565,0.1088709677419354,32,available
GLM-4.7-Flash,Expert-choice confidence,expert_choice_confidence,18,6,middle,0.0839442815249266,0.1491935483870967,32,available
GLM-4.7-Flash,Expert-choice confidence,expert_choice_confidence,18,7,middle,0.1535923753665689,0.3123167155425219,32,available
GLM-4.7-Flash,Expert-choice confidence,expert_choice_confidence,18,8,late,0.1235337243401759,0.2294721407624632,32,available
GLM-4.7-Flash,Expert-choice confidence,expert_choice_confidence,18,9,late,0.1052052785923753,0.2096774193548386,32,available
GLM-4.7-Flash,Expert-choice confidence,expert_choice_confidence,18,10,late,-0.0909090909090909,0.0784457478005865,32,available
GLM-4.7-Flash,Expert-choice confidence,expert_choice_confidence,18,11,late,0.0729472140762463,0.1396627565982404,32,available
GLM-4.7-Flash,Expert-choice confidence,expert_choice_confidence,19,0,early,-0.0557184750733137,-0.0879765395894428,32,available
GLM-4.7-Flash,Expert-choice confidence,expert_choice_confidence,19,1,early,0.1334310850439882,0.2705278592375366,32,available
GLM-4.7-Flash,Expert-choice confidence,expert_choice_confidence,19,2,early,0.2459677419354838,0.347507331378299,32,available
GLM-4.7-Flash,Expert-choice confidence,expert_choice_confidence,19,3,early,0.1220674486803519,0.1854838709677419,32,available
GLM-4.7-Flash,Expert-choice confidence,expert_choice_confidence,19,4,middle,0.1700879765395894,0.2386363636363636,32,available
GLM-4.7-Flash,Expert-choice confidence,expert_choice_confidence,19,5,middle,0.1125366568914955,0.2397360703812316,32,available
GLM-4.7-Flash,Expert-choice confidence,expert_choice_confidence,19,6,middle,0.1184017595307917,0.1653225806451612,32,available
GLM-4.7-Flash,Expert-choice confidence,expert_choice_confidence,19,7,middle,0.2170087976539589,0.3376099706744868,32,available
GLM-4.7-Flash,Expert-choice confidence,expert_choice_confidence,19,8,late,0.2507331378299119,0.3339442815249266,32,available
GLM-4.7-Flash,Expert-choice confidence,expert_choice_confidence,19,9,late,0.1748533724340175,0.2573313782991202,32,available
GLM-4.7-Flash,Expert-choice confidence,expert_choice_confidence,19,10,late,0.064516129032258,0.2052785923753665,32,available
GLM-4.7-Flash,Expert-choice confidence,expert_choice_confidence,19,11,late,0.1990469208211143,0.2133431085043988,32,available
GLM-4.7-Flash,Expert-choice confidence,expert_choice_confidence,20,0,early,-0.06341642228739,-0.0780791788856304,32,available
GLM-4.7-Flash,Expert-choice confidence,expert_choice_confidence,20,1,early,0.1059384164222873,0.282258064516129,32,available
GLM-4.7-Flash,Expert-choice confidence,expert_choice_confidence,20,2,early,0.19024926686217,0.3079178885630498,32,available
GLM-4.7-Flash,Expert-choice confidence,expert_choice_confidence,20,3,early,0.1132697947214076,0.221041055718475,32,available
GLM-4.7-Flash,Expert-choice confidence,expert_choice_confidence,20,4,middle,0.1359970674486803,0.222140762463343,32,available
GLM-4.7-Flash,Expert-choice confidence,expert_choice_confidence,20,5,middle,0.0729472140762463,0.219208211143695,32,available
GLM-4.7-Flash,Expert-choice confidence,expert_choice_confidence,20,6,middle,0.1326979472140762,0.2012463343108504,32,available
GLM-4.7-Flash,Expert-choice confidence,expert_choice_confidence,20,7,middle,0.2269061583577712,0.3394428152492668,32,available
GLM-4.7-Flash,Expert-choice confidence,expert_choice_confidence,20,8,late,0.189149560117302,0.3262463343108503,32,available
GLM-4.7-Flash,Expert-choice confidence,expert_choice_confidence,20,9,late,0.125,0.2507331378299119,32,available
GLM-4.7-Flash,Expert-choice confidence,expert_choice_confidence,20,10,late,-0.0036656891495601,0.2052785923753665,32,available
GLM-4.7-Flash,Expert-choice confidence,expert_choice_confidence,20,11,late,0.2089442815249266,0.3031524926686216,32,available
GLM-4.7-Flash,Expert-choice confidence,expert_choice_confidence,21,0,early,-0.128299120234604,-0.1484604105571847,32,available
GLM-4.7-Flash,Expert-choice confidence,expert_choice_confidence,21,1,early,0.0384897360703812,0.3009530791788856,32,available
GLM-4.7-Flash,Expert-choice confidence,expert_choice_confidence,21,2,early,0.2118768328445747,0.37866568914956,32,available
GLM-4.7-Flash,Expert-choice confidence,expert_choice_confidence,21,3,early,0.0131964809384164,0.1422287390029325,32,available
GLM-4.7-Flash,Expert-choice confidence,expert_choice_confidence,21,4,middle,0.1081378299120234,0.2144428152492668,32,available
GLM-4.7-Flash,Expert-choice confidence,expert_choice_confidence,21,5,middle,0.0465542521994134,0.2401026392961876,32,available
GLM-4.7-Flash,Expert-choice confidence,expert_choice_confidence,21,6,middle,0.094208211143695,0.1983137829912023,32,available
GLM-4.7-Flash,Expert-choice confidence,expert_choice_confidence,21,7,middle,0.1458944281524926,0.2554985337243401,32,available
GLM-4.7-Flash,Expert-choice confidence,expert_choice_confidence,21,8,late,0.1821847507331378,0.31341642228739,32,available
GLM-4.7-Flash,Expert-choice confidence,expert_choice_confidence,21,9,late,0.1154692082111436,0.2661290322580645,32,available
GLM-4.7-Flash,Expert-choice confidence,expert_choice_confidence,21,10,late,-0.0069648093841642,0.2478005865102638,32,available
GLM-4.7-Flash,Expert-choice confidence,expert_choice_confidence,21,11,late,0.1975806451612903,0.3247800586510263,32,available
GLM-4.7-Flash,Expert-choice confidence,expert_choice_confidence,22,0,early,0.0835777126099706,0.0120967741935483,32,available
GLM-4.7-Flash,Expert-choice confidence,expert_choice_confidence,22,1,early,0.2998533724340176,0.3112170087976539,32,available
GLM-4.7-Flash,Expert-choice confidence,expert_choice_confidence,22,2,early,0.4318181818181817,0.4395161290322581,32,available
GLM-4.7-Flash,Expert-choice confidence,expert_choice_confidence,22,3,early,0.3049853372434017,0.2778592375366568,32,available
GLM-4.7-Flash,Expert-choice confidence,expert_choice_confidence,22,4,middle,0.374633431085044,0.3229472140762462,32,available
GLM-4.7-Flash,Expert-choice confidence,expert_choice_confidence,22,5,middle,0.3636363636363636,0.3423753665689149,32,available
GLM-4.7-Flash,Expert-choice confidence,expert_choice_confidence,22,6,middle,0.2903225806451612,0.2565982404692081,32,available
GLM-4.7-Flash,Expert-choice confidence,expert_choice_confidence,22,7,middle,0.3618035190615835,0.4178885630498533,32,available
GLM-4.7-Flash,Expert-choice confidence,expert_choice_confidence,22,8,late,0.3321114369501466,0.3889296187683284,32,available
GLM-4.7-Flash,Expert-choice confidence,expert_choice_confidence,22,9,late,0.2683284457478005,0.2884897360703812,32,available
GLM-4.7-Flash,Expert-choice confidence,expert_choice_confidence,22,10,late,0.2049120234604105,0.2467008797653959,32,available
GLM-4.7-Flash,Expert-choice confidence,expert_choice_confidence,22,11,late,0.3607038123167155,0.315982404692082,32,available
GLM-4.7-Flash,Expert-choice confidence,expert_choice_confidence,23,0,early,-0.0293255131964809,-0.0685483870967741,32,available
GLM-4.7-Flash,Expert-choice confidence,expert_choice_confidence,23,1,early,0.1473607038123167,0.2756598240469208,32,available
GLM-4.7-Flash,Expert-choice confidence,expert_choice_confidence,23,2,early,0.2804252199413489,0.3680351906158357,32,available
GLM-4.7-Flash,Expert-choice confidence,expert_choice_confidence,23,3,early,0.1433284457478005,0.251099706744868,32,available
GLM-4.7-Flash,Expert-choice confidence,expert_choice_confidence,23,4,middle,0.2063782991202346,0.2661290322580645,32,available
GLM-4.7-Flash,Expert-choice confidence,expert_choice_confidence,23,5,middle,0.1722873900293255,0.2386363636363636,32,available
GLM-4.7-Flash,Expert-choice confidence,expert_choice_confidence,23,6,middle,0.1858504398826979,0.2005131964809384,32,available
GLM-4.7-Flash,Expert-choice confidence,expert_choice_confidence,23,7,middle,0.2573313782991202,0.3709677419354838,32,available
GLM-4.7-Flash,Expert-choice confidence,expert_choice_confidence,23,8,late,0.2664956011730205,0.4046920821114368,32,available
GLM-4.7-Flash,Expert-choice confidence,expert_choice_confidence,23,9,late,0.1986803519061583,0.2752932551319648,32,available
GLM-4.7-Flash,Expert-choice confidence,expert_choice_confidence,23,10,late,0.0538856304985337,0.2371700879765395,32,available
GLM-4.7-Flash,Expert-choice confidence,expert_choice_confidence,23,11,late,0.2917888563049853,0.3101173020527858,32,available
GLM-4.7-Flash,Expert-choice confidence,expert_choice_confidence,24,0,early,0.0263929618768328,-0.0047653958944281,32,available
GLM-4.7-Flash,Expert-choice confidence,expert_choice_confidence,24,1,early,0.2584310850439882,0.4340175953079178,32,available
GLM-4.7-Flash,Expert-choice confidence,expert_choice_confidence,24,2,early,0.2111436950146627,0.3266129032258064,32,available
GLM-4.7-Flash,Expert-choice confidence,expert_choice_confidence,24,3,early,0.2107771260997067,0.3174486803519061,32,available
GLM-4.7-Flash,Expert-choice confidence,expert_choice_confidence,24,4,middle,0.187683284457478,0.2646627565982404,32,available
GLM-4.7-Flash,Expert-choice confidence,expert_choice_confidence,24,5,middle,0.125,0.2151759530791788,32,available
GLM-4.7-Flash,Expert-choice confidence,expert_choice_confidence,24,6,middle,0.1836510263929618,0.2613636363636363,32,available
GLM-4.7-Flash,Expert-choice confidence,expert_choice_confidence,24,7,middle,0.2540322580645161,0.3640029325513196,32,available
GLM-4.7-Flash,Expert-choice confidence,expert_choice_confidence,24,8,late,0.2866568914956011,0.4428152492668622,32,available
GLM-4.7-Flash,Expert-choice confidence,expert_choice_confidence,24,9,late,0.2071114369501466,0.3024193548387097,32,available
GLM-4.7-Flash,Expert-choice confidence,expert_choice_confidence,24,10,late,0.1235337243401759,0.3324780058651026,32,available
GLM-4.7-Flash,Expert-choice confidence,expert_choice_confidence,24,11,late,0.2683284457478005,0.3174486803519061,32,available
GLM-4.7-Flash,Expert-choice confidence,expert_choice_confidence,25,0,early,-0.0388563049853372,-0.0898093841642228,32,available
GLM-4.7-Flash,Expert-choice confidence,expert_choice_confidence,25,1,early,0.1074046920821114,0.2932551319648093,32,available
GLM-4.7-Flash,Expert-choice confidence,expert_choice_confidence,25,2,early,0.2272727272727272,0.3544721407624633,32,available
GLM-4.7-Flash,Expert-choice confidence,expert_choice_confidence,25,3,early,0.0733137829912023,0.1979472140762463,32,available
GLM-4.7-Flash,Expert-choice confidence,expert_choice_confidence,25,4,middle,0.1748533724340175,0.2613636363636363,32,available
GLM-4.7-Flash,Expert-choice confidence,expert_choice_confidence,25,5,middle,0.1180351906158357,0.2708944281524926,32,available
GLM-4.7-Flash,Expert-choice confidence,expert_choice_confidence,25,6,middle,0.1983137829912023,0.2437683284457477,32,available
GLM-4.7-Flash,Expert-choice confidence,expert_choice_confidence,25,7,middle,0.2459677419354838,0.3376099706744868,32,available
GLM-4.7-Flash,Expert-choice confidence,expert_choice_confidence,25,8,late,0.3247800586510263,0.4761730205278592,32,available
GLM-4.7-Flash,Expert-choice confidence,expert_choice_confidence,25,9,late,0.1616568914956011,0.2741935483870967,32,available
GLM-4.7-Flash,Expert-choice confidence,expert_choice_confidence,25,10,late,0.0535190615835777,0.2921554252199413,32,available
GLM-4.7-Flash,Expert-choice confidence,expert_choice_confidence,25,11,late,0.2360703812316715,0.2807917888563049,32,available
GLM-4.7-Flash,Expert-choice confidence,expert_choice_confidence,26,0,early,0.0623167155425219,0.0659824046920821,32,available
GLM-4.7-Flash,Expert-choice confidence,expert_choice_confidence,26,1,early,0.2166422287390029,0.4189882697947213,32,available
GLM-4.7-Flash,Expert-choice confidence,expert_choice_confidence,26,2,early,0.2851906158357771,0.4589442815249265,32,available
GLM-4.7-Flash,Expert-choice confidence,expert_choice_confidence,26,3,early,0.2023460410557184,0.3863636363636363,32,available
GLM-4.7-Flash,Expert-choice confidence,expert_choice_confidence,26,4,middle,0.2873900293255131,0.3684017595307918,32,available
GLM-4.7-Flash,Expert-choice confidence,expert_choice_confidence,26,5,middle,0.1990469208211143,0.3284457478005865,32,available
GLM-4.7-Flash,Expert-choice confidence,expert_choice_confidence,26,6,middle,0.3046187683284457,0.377199413489736,32,available
GLM-4.7-Flash,Expert-choice confidence,expert_choice_confidence,26,7,middle,0.3269794721407624,0.4820381231671554,32,available
GLM-4.7-Flash,Expert-choice confidence,expert_choice_confidence,26,8,late,0.3236803519061583,0.5161290322580645,32,available
GLM-4.7-Flash,Expert-choice confidence,expert_choice_confidence,26,9,late,0.2415689149560117,0.3709677419354838,32,available
GLM-4.7-Flash,Expert-choice confidence,expert_choice_confidence,26,10,late,0.1107038123167155,0.345674486803519,32,available
GLM-4.7-Flash,Expert-choice confidence,expert_choice_confidence,26,11,late,0.3024193548387097,0.37866568914956,32,available
GLM-4.7-Flash,Expert-choice confidence,expert_choice_confidence,27,0,early,0.1704545454545454,0.0883431085043988,32,available
GLM-4.7-Flash,Expert-choice confidence,expert_choice_confidence,27,1,early,0.3673020527859237,0.4446480938416421,32,available
GLM-4.7-Flash,Expert-choice confidence,expert_choice_confidence,27,2,early,0.4362170087976539,0.4860703812316715,32,available
GLM-4.7-Flash,Expert-choice confidence,expert_choice_confidence,27,3,early,0.2906891495601172,0.344941348973607,32,available
GLM-4.7-Flash,Expert-choice confidence,expert_choice_confidence,27,4,middle,0.3504398826979471,0.3401759530791788,32,available
GLM-4.7-Flash,Expert-choice confidence,expert_choice_confidence,27,5,middle,0.2771260997067448,0.3178152492668621,32,available
GLM-4.7-Flash,Expert-choice confidence,expert_choice_confidence,27,6,middle,0.3724340175953079,0.3588709677419354,32,available
GLM-4.7-Flash,Expert-choice confidence,expert_choice_confidence,27,7,middle,0.4138563049853372,0.4879032258064516,32,available
GLM-4.7-Flash,Expert-choice confidence,expert_choice_confidence,27,8,late,0.4175219941348973,0.4739736070381231,32,available
GLM-4.7-Flash,Expert-choice confidence,expert_choice_confidence,27,9,late,0.3592375366568914,0.3900293255131964,32,available
GLM-4.7-Flash,Expert-choice confidence,expert_choice_confidence,27,10,late,0.2148093841642228,0.315615835777126,32,available
GLM-4.7-Flash,Expert-choice confidence,expert_choice_confidence,27,11,late,0.4347507331378298,0.3874633431085043,32,available
GLM-4.7-Flash,Expert-choice confidence,expert_choice_confidence,28,0,early,0.2041788856304985,0.1367302052785923,32,available
GLM-4.7-Flash,Expert-choice confidence,expert_choice_confidence,28,1,early,0.3687683284457478,0.4732404692082111,32,available
GLM-4.7-Flash,Expert-choice confidence,expert_choice_confidence,28,2,early,0.4266862170087976,0.5025659824046921,32,available
GLM-4.7-Flash,Expert-choice confidence,expert_choice_confidence,28,3,early,0.316348973607038,0.4013929618768328,32,available
GLM-4.7-Flash,Expert-choice confidence,expert_choice_confidence,28,4,middle,0.3815982404692081,0.3885630498533724,32,available
GLM-4.7-Flash,Expert-choice confidence,expert_choice_confidence,28,5,middle,0.3354105571847507,0.3889296187683284,32,available
GLM-4.7-Flash,Expert-choice confidence,expert_choice_confidence,28,6,middle,0.4288856304985337,0.4281524926686216,32,available
GLM-4.7-Flash,Expert-choice confidence,expert_choice_confidence,28,7,middle,0.4200879765395894,0.4732404692082111,32,available
GLM-4.7-Flash,Expert-choice confidence,expert_choice_confidence,28,8,late,0.4585777126099705,0.5384897360703812,32,available
GLM-4.7-Flash,Expert-choice confidence,expert_choice_confidence,28,9,late,0.406891495601173,0.4728739002932551,32,available
GLM-4.7-Flash,Expert-choice confidence,expert_choice_confidence,28,10,late,0.2415689149560117,0.3936950146627565,32,available
GLM-4.7-Flash,Expert-choice confidence,expert_choice_confidence,28,11,late,0.4149560117302052,0.440615835777126,32,available
GLM-4.7-Flash,Expert-choice confidence,expert_choice_confidence,29,0,early,0.127565982404692,0.0428885630498533,32,available
GLM-4.7-Flash,Expert-choice confidence,expert_choice_confidence,29,1,early,0.2283724340175953,0.2906891495601172,32,available
GLM-4.7-Flash,Expert-choice confidence,expert_choice_confidence,29,2,early,0.31341642228739,0.3416422287390029,32,available
GLM-4.7-Flash,Expert-choice confidence,expert_choice_confidence,29,3,early,0.2738269794721407,0.3020527859237536,32,available
GLM-4.7-Flash,Expert-choice confidence,expert_choice_confidence,29,4,middle,0.2719941348973607,0.1763196480938416,32,available
GLM-4.7-Flash,Expert-choice confidence,expert_choice_confidence,29,5,middle,0.219941348973607,0.2423020527859237,32,available
GLM-4.7-Flash,Expert-choice confidence,expert_choice_confidence,29,6,middle,0.3214809384164222,0.2899560117302052,32,available
GLM-4.7-Flash,Expert-choice confidence,expert_choice_confidence,29,7,middle,0.3889296187683284,0.4101906158357771,32,available
GLM-4.7-Flash,Expert-choice confidence,expert_choice_confidence,29,8,late,0.3511730205278592,0.4182551319648093,32,available
GLM-4.7-Flash,Expert-choice confidence,expert_choice_confidence,29,9,late,0.3119501466275659,0.3284457478005865,32,available
GLM-4.7-Flash,Expert-choice confidence,expert_choice_confidence,29,10,late,0.1620234604105571,0.2628299120234604,32,available
GLM-4.7-Flash,Expert-choice confidence,expert_choice_confidence,29,11,late,0.3621700879765395,0.3071847507331378,32,available
GLM-4.7-Flash,Expert-choice confidence,expert_choice_confidence,30,0,early,0.0828445747800586,-0.0971407624633431,32,available
GLM-4.7-Flash,Expert-choice confidence,expert_choice_confidence,30,1,early,0.2664956011730205,0.2071114369501466,32,available
GLM-4.7-Flash,Expert-choice confidence,expert_choice_confidence,30,2,early,0.3354105571847507,0.3123167155425219,32,available
GLM-4.7-Flash,Expert-choice confidence,expert_choice_confidence,30,3,early,0.25183284457478,0.2129765395894428,32,available
GLM-4.7-Flash,Expert-choice confidence,expert_choice_confidence,30,4,middle,0.2459677419354838,0.1143695014662756,32,available
GLM-4.7-Flash,Expert-choice confidence,expert_choice_confidence,30,5,middle,0.2364369501466275,0.1407624633431085,32,available
GLM-4.7-Flash,Expert-choice confidence,expert_choice_confidence,30,6,middle,0.3031524926686216,0.1869501466275659,32,available
GLM-4.7-Flash,Expert-choice confidence,expert_choice_confidence,30,7,middle,0.3731671554252199,0.3427419354838709,32,available
GLM-4.7-Flash,Expert-choice confidence,expert_choice_confidence,30,8,late,0.3401759530791788,0.3376099706744868,32,available
GLM-4.7-Flash,Expert-choice confidence,expert_choice_confidence,30,9,late,0.3126832844574779,0.25183284457478,32,available
GLM-4.7-Flash,Expert-choice confidence,expert_choice_confidence,30,10,late,0.1488269794721407,0.1689882697947214,32,available
GLM-4.7-Flash,Expert-choice confidence,expert_choice_confidence,30,11,late,0.3317448680351906,0.2291055718475072,32,available
GLM-4.7-Flash,Expert-choice confidence,expert_choice_confidence,31,0,early,0.18841642228739,0.1693548387096774,32,available
GLM-4.7-Flash,Expert-choice confidence,expert_choice_confidence,31,1,early,0.2987536656891495,0.3724340175953079,32,available
GLM-4.7-Flash,Expert-choice confidence,expert_choice_confidence,31,2,early,0.43841642228739,0.4369501466275659,32,available
GLM-4.7-Flash,Expert-choice confidence,expert_choice_confidence,31,3,early,0.406524926686217,0.4417155425219941,32,available
GLM-4.7-Flash,Expert-choice confidence,expert_choice_confidence,31,4,middle,0.3724340175953079,0.3068181818181817,32,available
GLM-4.7-Flash,Expert-choice confidence,expert_choice_confidence,31,5,middle,0.3189149560117301,0.3947947214076246,32,available
GLM-4.7-Flash,Expert-choice confidence,expert_choice_confidence,31,6,middle,0.3629032258064515,0.3478739002932551,32,available
GLM-4.7-Flash,Expert-choice confidence,expert_choice_confidence,31,7,middle,0.5087976539589443,0.5417888563049853,32,available
GLM-4.7-Flash,Expert-choice confidence,expert_choice_confidence,31,8,late,0.4050586510263929,0.4816715542521994,32,available
GLM-4.7-Flash,Expert-choice confidence,expert_choice_confidence,31,9,late,0.3739002932551319,0.406524926686217,32,available
GLM-4.7-Flash,Expert-choice confidence,expert_choice_confidence,31,10,late,0.2415689149560117,0.3412756598240469,32,available
GLM-4.7-Flash,Expert-choice confidence,expert_choice_confidence,31,11,late,0.4527126099706744,0.4105571847507331,32,available
GLM-4.7-Flash,Expert-choice confidence,expert_choice_confidence,32,0,early,0.187316715542522,0.126466275659824,32,available
GLM-4.7-Flash,Expert-choice confidence,expert_choice_confidence,32,1,early,0.3350439882697947,0.4186217008797653,32,available
GLM-4.7-Flash,Expert-choice confidence,expert_choice_confidence,32,2,early,0.4831378299120234,0.5087976539589443,32,available
GLM-4.7-Flash,Expert-choice confidence,expert_choice_confidence,32,3,early,0.3914956011730205,0.4582111436950145,32,available
GLM-4.7-Flash,Expert-choice confidence,expert_choice_confidence,32,4,middle,0.4945014662756597,0.4864369501466275,32,available
GLM-4.7-Flash,Expert-choice confidence,expert_choice_confidence,32,5,middle,0.3537390029325513,0.3519061583577712,32,available
GLM-4.7-Flash,Expert-choice confidence,expert_choice_confidence,32,6,middle,0.4200879765395894,0.4167888563049853,32,available
GLM-4.7-Flash,Expert-choice confidence,expert_choice_confidence,32,7,middle,0.4772727272727272,0.5098973607038122,32,available
GLM-4.7-Flash,Expert-choice confidence,expert_choice_confidence,32,8,late,0.5091642228739003,0.5689149560117301,32,available
GLM-4.7-Flash,Expert-choice confidence,expert_choice_confidence,32,9,late,0.409457478005865,0.43658357771261,32,available
GLM-4.7-Flash,Expert-choice confidence,expert_choice_confidence,32,10,late,0.2932551319648093,0.3830645161290322,32,available
GLM-4.7-Flash,Expert-choice confidence,expert_choice_confidence,32,11,late,0.4611436950146627,0.4131231671554252,32,available
GLM-4.7-Flash,Expert-choice confidence,expert_choice_confidence,33,0,early,0.0931085043988269,0.0483870967741935,32,available
GLM-4.7-Flash,Expert-choice confidence,expert_choice_confidence,33,1,early,0.1678885630498533,0.2474340175953078,32,available
GLM-4.7-Flash,Expert-choice confidence,expert_choice_confidence,33,2,early,0.2159090909090908,0.188049853372434,32,available
GLM-4.7-Flash,Expert-choice confidence,expert_choice_confidence,33,3,early,0.2672287390029325,0.2796920821114369,32,available
GLM-4.7-Flash,Expert-choice confidence,expert_choice_confidence,33,4,middle,0.2708944281524926,0.1840175953079178,32,available
GLM-4.7-Flash,Expert-choice confidence,expert_choice_confidence,33,5,middle,0.1667888563049853,0.095307917888563,32,available
GLM-4.7-Flash,Expert-choice confidence,expert_choice_confidence,33,6,middle,0.221774193548387,0.1719208211143695,32,available
GLM-4.7-Flash,Expert-choice confidence,expert_choice_confidence,33,7,middle,0.3412756598240469,0.3420087976539589,32,available
GLM-4.7-Flash,Expert-choice confidence,expert_choice_confidence,33,8,late,0.313782991202346,0.3537390029325513,32,available
GLM-4.7-Flash,Expert-choice confidence,expert_choice_confidence,33,9,late,0.2489002932551319,0.2741935483870967,32,available
GLM-4.7-Flash,Expert-choice confidence,expert_choice_confidence,33,10,late,0.1367302052785923,0.2228739002932551,32,available
GLM-4.7-Flash,Expert-choice confidence,expert_choice_confidence,33,11,late,0.2778592375366568,0.2470674486803519,32,available
GLM-4.7-Flash,Expert-choice confidence,expert_choice_confidence,34,0,early,-0.0054985337243401,-0.0575513196480938,32,available
GLM-4.7-Flash,Expert-choice confidence,expert_choice_confidence,34,1,early,0.1004398826979472,0.2030791788856304,32,available
GLM-4.7-Flash,Expert-choice confidence,expert_choice_confidence,34,2,early,0.1297653958944281,0.2118768328445747,32,available
GLM-4.7-Flash,Expert-choice confidence,expert_choice_confidence,34,3,early,0.1609237536656891,0.2250733137829911,32,available
GLM-4.7-Flash,Expert-choice confidence,expert_choice_confidence,34,4,middle,0.1403958944281524,0.1392961876832844,32,available
GLM-4.7-Flash,Expert-choice confidence,expert_choice_confidence,34,5,middle,0.1059384164222873,0.1125366568914955,32,available
GLM-4.7-Flash,Expert-choice confidence,expert_choice_confidence,34,6,middle,0.1645894428152492,0.1550586510263929,32,available
GLM-4.7-Flash,Expert-choice confidence,expert_choice_confidence,34,7,middle,0.2005131964809384,0.2620967741935484,32,available
GLM-4.7-Flash,Expert-choice confidence,expert_choice_confidence,34,8,late,0.2371700879765395,0.3211143695014662,32,available
GLM-4.7-Flash,Expert-choice confidence,expert_choice_confidence,34,9,late,0.1356304985337243,0.1869501466275659,32,available
GLM-4.7-Flash,Expert-choice confidence,expert_choice_confidence,34,10,late,0.0201612903225806,0.156891495601173,32,available
GLM-4.7-Flash,Expert-choice confidence,expert_choice_confidence,34,11,late,0.1836510263929618,0.2082111436950146,32,available
GLM-4.7-Flash,Expert-choice confidence,expert_choice_confidence,35,0,early,0.0667155425219941,0.0293255131964809,32,available
GLM-4.7-Flash,Expert-choice confidence,expert_choice_confidence,35,1,early,0.1217008797653958,0.2071114369501466,32,available
GLM-4.7-Flash,Expert-choice confidence,expert_choice_confidence,35,2,early,0.1722873900293255,0.1836510263929618,32,available
GLM-4.7-Flash,Expert-choice confidence,expert_choice_confidence,35,3,early,0.1774193548387096,0.2034457478005865,32,available
GLM-4.7-Flash,Expert-choice confidence,expert_choice_confidence,35,4,middle,0.2137096774193548,0.2071114369501466,32,available
GLM-4.7-Flash,Expert-choice confidence,expert_choice_confidence,35,5,middle,0.127565982404692,0.1217008797653958,32,available
GLM-4.7-Flash,Expert-choice confidence,expert_choice_confidence,35,6,middle,0.1832844574780058,0.1733870967741935,32,available
GLM-4.7-Flash,Expert-choice confidence,expert_choice_confidence,35,7,middle,0.2609970674486803,0.3013196480938416,32,available
GLM-4.7-Flash,Expert-choice confidence,expert_choice_confidence,35,8,late,0.2474340175953078,0.3258797653958943,32,available
GLM-4.7-Flash,Expert-choice confidence,expert_choice_confidence,35,9,late,0.1642228739002932,0.2393695014662756,32,available
GLM-4.7-Flash,Expert-choice confidence,expert_choice_confidence,35,10,late,0.0395894428152492,0.1766862170087976,32,available
GLM-4.7-Flash,Expert-choice confidence,expert_choice_confidence,35,11,late,0.2111436950146627,0.219941348973607,32,available
GLM-4.7-Flash,Expert-choice confidence,expert_choice_confidence,36,0,early,0.032624633431085,0.0795454545454545,32,available
GLM-4.7-Flash,Expert-choice confidence,expert_choice_confidence,36,1,early,0.0348240469208211,0.2096774193548386,32,available
GLM-4.7-Flash,Expert-choice confidence,expert_choice_confidence,36,2,early,0.1367302052785923,0.1847507331378299,32,available
GLM-4.7-Flash,Expert-choice confidence,expert_choice_confidence,36,3,early,0.1151026392961876,0.2382697947214076,32,available
GLM-4.7-Flash,Expert-choice confidence,expert_choice_confidence,36,4,middle,0.1429618768328445,0.2287390029325513,32,available
GLM-4.7-Flash,Expert-choice confidence,expert_choice_confidence,36,5,middle,0.0839442815249266,0.1228005865102639,32,available
GLM-4.7-Flash,Expert-choice confidence,expert_choice_confidence,36,6,middle,0.0912756598240469,0.1440615835777126,32,available
GLM-4.7-Flash,Expert-choice confidence,expert_choice_confidence,36,7,middle,0.2287390029325513,0.3229472140762462,32,available
GLM-4.7-Flash,Expert-choice confidence,expert_choice_confidence,36,8,late,0.2041788856304985,0.3420087976539589,32,available
GLM-4.7-Flash,Expert-choice confidence,expert_choice_confidence,36,9,late,0.1411290322580645,0.2503665689149559,32,available
GLM-4.7-Flash,Expert-choice confidence,expert_choice_confidence,36,10,late,-0.0223607038123167,0.1972140762463343,32,available
GLM-4.7-Flash,Expert-choice confidence,expert_choice_confidence,36,11,late,0.1785190615835777,0.2456011730205278,32,available
GLM-4.7-Flash,Expert-choice confidence,expert_choice_confidence,37,0,early,0.1803519061583577,0.190982404692082,32,available
GLM-4.7-Flash,Expert-choice confidence,expert_choice_confidence,37,1,early,0.2074780058651026,0.3526392961876832,32,available
GLM-4.7-Flash,Expert-choice confidence,expert_choice_confidence,37,2,early,0.3244134897360703,0.3856304985337243,32,available
GLM-4.7-Flash,Expert-choice confidence,expert_choice_confidence,37,3,early,0.2584310850439882,0.374266862170088,32,available
GLM-4.7-Flash,Expert-choice confidence,expert_choice_confidence,37,4,middle,0.2441348973607038,0.2782258064516129,32,available
GLM-4.7-Flash,Expert-choice confidence,expert_choice_confidence,37,5,middle,0.1939149560117301,0.2012463343108504,32,available
GLM-4.7-Flash,Expert-choice confidence,expert_choice_confidence,37,6,middle,0.2983870967741935,0.314882697947214,32,available
GLM-4.7-Flash,Expert-choice confidence,expert_choice_confidence,37,7,middle,0.3585043988269794,0.405425219941349,32,available
GLM-4.7-Flash,Expert-choice confidence,expert_choice_confidence,37,8,late,0.3914956011730205,0.499633431085044,32,available
GLM-4.7-Flash,Expert-choice confidence,expert_choice_confidence,37,9,late,0.3126832844574779,0.4156891495601172,32,available
GLM-4.7-Flash,Expert-choice confidence,expert_choice_confidence,37,10,late,0.1506598240469208,0.3412756598240469,32,available
GLM-4.7-Flash,Expert-choice confidence,expert_choice_confidence,37,11,late,0.3346774193548387,0.3519061583577712,32,available
GLM-4.7-Flash,Expert-choice confidence,expert_choice_confidence,38,0,early,-0.0736803519061583,0.031891495601173,32,available
GLM-4.7-Flash,Expert-choice confidence,expert_choice_confidence,38,1,early,-0.0865102639296187,0.0740469208211143,32,available
GLM-4.7-Flash,Expert-choice confidence,expert_choice_confidence,38,2,early,0.0681818181818181,0.1418621700879765,32,available
GLM-4.7-Flash,Expert-choice confidence,expert_choice_confidence,38,3,early,0.0260263929618768,0.2041788856304985,32,available
GLM-4.7-Flash,Expert-choice confidence,expert_choice_confidence,38,4,middle,0.0447214076246334,0.1986803519061583,32,available
GLM-4.7-Flash,Expert-choice confidence,expert_choice_confidence,38,5,middle,-0.0399560117302052,0.0571847507331378,32,available
GLM-4.7-Flash,Expert-choice confidence,expert_choice_confidence,38,6,middle,0.000366568914956,0.0586510263929618,32,available
GLM-4.7-Flash,Expert-choice confidence,expert_choice_confidence,38,7,middle,0.1228005865102639,0.2261730205278592,32,available
GLM-4.7-Flash,Expert-choice confidence,expert_choice_confidence,38,8,late,0.0546187683284457,0.1737536656891495,32,available
GLM-4.7-Flash,Expert-choice confidence,expert_choice_confidence,38,9,late,0.000366568914956,0.1649560117302052,32,available
GLM-4.7-Flash,Expert-choice confidence,expert_choice_confidence,38,10,late,-0.0311583577712609,0.1946480938416422,32,available
GLM-4.7-Flash,Expert-choice confidence,expert_choice_confidence,38,11,late,0.0744134897360703,0.2137096774193548,32,available
GLM-4.7-Flash,Expert-choice confidence,expert_choice_confidence,39,0,early,-0.0685483870967741,0.0201612903225806,32,available
GLM-4.7-Flash,Expert-choice confidence,expert_choice_confidence,39,1,early,0.033724340175953,0.1319648093841642,32,available
GLM-4.7-Flash,Expert-choice confidence,expert_choice_confidence,39,2,early,0.0927419354838709,0.0802785923753665,32,available
GLM-4.7-Flash,Expert-choice confidence,expert_choice_confidence,39,3,early,0.1766862170087976,0.2151759530791788,32,available
GLM-4.7-Flash,Expert-choice confidence,expert_choice_confidence,39,4,middle,0.0612170087976539,0.1110703812316715,32,available
GLM-4.7-Flash,Expert-choice confidence,expert_choice_confidence,39,5,middle,0.0285923753665689,0.0271260997067448,32,available
GLM-4.7-Flash,Expert-choice confidence,expert_choice_confidence,39,6,middle,0.0120967741935483,0.0604838709677419,32,available
GLM-4.7-Flash,Expert-choice confidence,expert_choice_confidence,39,7,middle,0.1737536656891495,0.1825513196480938,32,available
GLM-4.7-Flash,Expert-choice confidence,expert_choice_confidence,39,8,late,0.1367302052785923,0.1968475073313782,32,available
GLM-4.7-Flash,Expert-choice confidence,expert_choice_confidence,39,9,late,0.1096041055718475,0.1744868035190615,32,available
GLM-4.7-Flash,Expert-choice confidence,expert_choice_confidence,39,10,late,0.0905425219941348,0.2148093841642228,32,available
GLM-4.7-Flash,Expert-choice confidence,expert_choice_confidence,39,11,late,0.1675219941348973,0.2049120234604105,32,available
GLM-4.7-Flash,Expert-choice confidence,expert_choice_confidence,40,0,early,-0.1162023460410556,-0.0388563049853372,32,available
GLM-4.7-Flash,Expert-choice confidence,expert_choice_confidence,40,1,early,-0.1092375366568914,0.0623167155425219,32,available
GLM-4.7-Flash,Expert-choice confidence,expert_choice_confidence,40,2,early,-0.0069648093841642,0.0476539589442815,32,available
GLM-4.7-Flash,Expert-choice confidence,expert_choice_confidence,40,3,early,-0.0362903225806451,0.0887096774193548,32,available
GLM-4.7-Flash,Expert-choice confidence,expert_choice_confidence,40,4,middle,-0.0113636363636363,0.1315982404692082,32,available
GLM-4.7-Flash,Expert-choice confidence,expert_choice_confidence,40,5,middle,-0.0458211143695014,0.0109970674486803,32,available
GLM-4.7-Flash,Expert-choice confidence,expert_choice_confidence,40,6,middle,-0.0740469208211143,0.0069648093841642,32,available
GLM-4.7-Flash,Expert-choice confidence,expert_choice_confidence,40,7,middle,0.0447214076246334,0.1495601173020527,32,available
GLM-4.7-Flash,Expert-choice confidence,expert_choice_confidence,40,8,late,0.0685483870967741,0.2074780058651026,32,available
GLM-4.7-Flash,Expert-choice confidence,expert_choice_confidence,40,9,late,-0.0513196480938416,0.0751466275659824,32,available
GLM-4.7-Flash,Expert-choice confidence,expert_choice_confidence,40,10,late,-0.1088709677419354,0.1253665689149559,32,available
GLM-4.7-Flash,Expert-choice confidence,expert_choice_confidence,40,11,late,0.0388563049853372,0.1777859237536656,32,available
GLM-4.7-Flash,Expert-choice confidence,expert_choice_confidence,41,0,early,-0.0505865102639296,-0.0392228739002932,32,available
GLM-4.7-Flash,Expert-choice confidence,expert_choice_confidence,41,1,early,0.0370234604105571,0.1403958944281524,32,available
GLM-4.7-Flash,Expert-choice confidence,expert_choice_confidence,41,2,early,0.1293988269794721,0.1231671554252199,32,available
GLM-4.7-Flash,Expert-choice confidence,expert_choice_confidence,41,3,early,0.0832111436950146,0.1378299120234604,32,available
GLM-4.7-Flash,Expert-choice confidence,expert_choice_confidence,41,4,middle,0.0575513196480938,0.0916422287390029,32,available
GLM-4.7-Flash,Expert-choice confidence,expert_choice_confidence,41,5,middle,0.0696480938416422,0.0293255131964809,32,available
GLM-4.7-Flash,Expert-choice confidence,expert_choice_confidence,41,6,middle,0.0909090909090909,0.0810117302052785,32,available
GLM-4.7-Flash,Expert-choice confidence,expert_choice_confidence,41,7,middle,0.1352639296187683,0.159457478005865,32,available
GLM-4.7-Flash,Expert-choice confidence,expert_choice_confidence,41,8,late,0.125733137829912,0.1814516129032257,32,available
GLM-4.7-Flash,Expert-choice confidence,expert_choice_confidence,41,9,late,0.1085043988269794,0.1466275659824046,32,available
GLM-4.7-Flash,Expert-choice confidence,expert_choice_confidence,41,10,late,-0.0483870967741935,0.0729472140762463,32,available
GLM-4.7-Flash,Expert-choice confidence,expert_choice_confidence,41,11,late,0.1704545454545454,0.2056451612903225,32,available
GLM-4.7-Flash,Expert-choice confidence,expert_choice_confidence,42,0,early,-0.188782991202346,-0.1004398826979472,32,available
GLM-4.7-Flash,Expert-choice confidence,expert_choice_confidence,42,1,early,-0.0454545454545454,0.1066715542521994,32,available
GLM-4.7-Flash,Expert-choice confidence,expert_choice_confidence,42,2,early,0.0414222873900293,0.1173020527859237,32,available
GLM-4.7-Flash,Expert-choice confidence,expert_choice_confidence,42,3,early,0.0080645161290322,0.1004398826979472,32,available
GLM-4.7-Flash,Expert-choice confidence,expert_choice_confidence,42,4,middle,0.0161290322580645,0.0989736070381231,32,available
GLM-4.7-Flash,Expert-choice confidence,expert_choice_confidence,42,5,middle,-0.0443548387096774,-0.0036656891495601,32,available
GLM-4.7-Flash,Expert-choice confidence,expert_choice_confidence,42,6,middle,0.0150293255131964,0.0861436950146627,32,available
GLM-4.7-Flash,Expert-choice confidence,expert_choice_confidence,42,7,middle,0.033357771260997,0.0861436950146627,32,available
GLM-4.7-Flash,Expert-choice confidence,expert_choice_confidence,42,8,late,0.0978739002932551,0.2082111436950146,32,available
GLM-4.7-Flash,Expert-choice confidence,expert_choice_confidence,42,9,late,0.000733137829912,0.127199413489736,32,available
GLM-4.7-Flash,Expert-choice confidence,expert_choice_confidence,42,10,late,-0.0520527859237536,0.1447947214076246,32,available
GLM-4.7-Flash,Expert-choice confidence,expert_choice_confidence,42,11,late,0.096774193548387,0.1975806451612903,32,available
GLM-4.7-Flash,Expert-choice confidence,expert_choice_confidence,43,0,early,-0.0571847507331378,0.0527859237536656,32,available
GLM-4.7-Flash,Expert-choice confidence,expert_choice_confidence,43,1,early,-0.0164956011730205,0.1990469208211143,32,available
GLM-4.7-Flash,Expert-choice confidence,expert_choice_confidence,43,2,early,0.0975073313782991,0.2056451612903225,32,available
GLM-4.7-Flash,Expert-choice confidence,expert_choice_confidence,43,3,early,0.0348240469208211,0.221041055718475,32,available
GLM-4.7-Flash,Expert-choice confidence,expert_choice_confidence,43,4,middle,0.0296920821114369,0.1711876832844574,32,available
GLM-4.7-Flash,Expert-choice confidence,expert_choice_confidence,43,5,middle,-0.002565982404692,0.1356304985337243,32,available
GLM-4.7-Flash,Expert-choice confidence,expert_choice_confidence,43,6,middle,0.0597507331378299,0.1521260997067448,32,available
GLM-4.7-Flash,Expert-choice confidence,expert_choice_confidence,43,7,middle,0.1348973607038123,0.2445014662756598,32,available
GLM-4.7-Flash,Expert-choice confidence,expert_choice_confidence,43,8,late,0.1286656891495601,0.2598973607038123,32,available
GLM-4.7-Flash,Expert-choice confidence,expert_choice_confidence,43,9,late,0.0520527859237536,0.2089442815249266,32,available
GLM-4.7-Flash,Expert-choice confidence,expert_choice_confidence,43,10,late,0.0128299120234604,0.2939882697947213,32,available
GLM-4.7-Flash,Expert-choice confidence,expert_choice_confidence,43,11,late,0.1528592375366569,0.3119501466275659,32,available
GLM-4.7-Flash,Expert-choice confidence,expert_choice_confidence,44,0,early,-0.0879765395894428,-0.0271260997067448,32,available
GLM-4.7-Flash,Expert-choice confidence,expert_choice_confidence,44,1,early,0.0494868035190615,0.157624633431085,32,available
GLM-4.7-Flash,Expert-choice confidence,expert_choice_confidence,44,2,early,0.094208211143695,0.1484604105571847,32,available
GLM-4.7-Flash,Expert-choice confidence,expert_choice_confidence,44,3,early,0.0670821114369501,0.1660557184750733,32,available
GLM-4.7-Flash,Expert-choice confidence,expert_choice_confidence,44,4,middle,0.0762463343108504,0.1235337243401759,32,available
GLM-4.7-Flash,Expert-choice confidence,expert_choice_confidence,44,5,middle,0.0293255131964809,0.0117302052785923,32,available
GLM-4.7-Flash,Expert-choice confidence,expert_choice_confidence,44,6,middle,0.0117302052785923,0.0494868035190615,32,available
GLM-4.7-Flash,Expert-choice confidence,expert_choice_confidence,44,7,middle,0.06341642228739,0.126099706744868,32,available
GLM-4.7-Flash,Expert-choice confidence,expert_choice_confidence,44,8,late,0.1400293255131964,0.1972140762463343,32,available
GLM-4.7-Flash,Expert-choice confidence,expert_choice_confidence,44,9,late,0.0175953079178885,0.1052052785923753,32,available
GLM-4.7-Flash,Expert-choice confidence,expert_choice_confidence,44,10,late,-0.0439882697947214,0.0857771260997067,32,available
GLM-4.7-Flash,Expert-choice confidence,expert_choice_confidence,44,11,late,0.1345307917888563,0.1807184750733137,32,available
GLM-4.7-Flash,Expert-choice confidence,expert_choice_confidence,45,0,early,-0.1048387096774193,0.126099706744868,32,available
GLM-4.7-Flash,Expert-choice confidence,expert_choice_confidence,45,1,early,-0.2166422287390029,0.0535190615835777,32,available
GLM-4.7-Flash,Expert-choice confidence,expert_choice_confidence,45,2,early,-0.221774193548387,-0.0285923753665689,32,available
GLM-4.7-Flash,Expert-choice confidence,expert_choice_confidence,45,3,early,-0.0997067448680351,0.128299120234604,32,available
GLM-4.7-Flash,Expert-choice confidence,expert_choice_confidence,45,4,middle,-0.1682551319648093,0.0414222873900293,32,available
GLM-4.7-Flash,Expert-choice confidence,expert_choice_confidence,45,5,middle,-0.1246334310850439,0.1158357771260997,32,available
GLM-4.7-Flash,Expert-choice confidence,expert_choice_confidence,45,6,middle,-0.1499266862170088,0.0696480938416422,32,available
GLM-4.7-Flash,Expert-choice confidence,expert_choice_confidence,45,7,middle,-0.063049853372434,0.0846774193548387,32,available
GLM-4.7-Flash,Expert-choice confidence,expert_choice_confidence,45,8,late,-0.1810850439882697,0.031891495601173,32,available
GLM-4.7-Flash,Expert-choice confidence,expert_choice_confidence,45,9,late,-0.1077712609970674,0.0923753665689149,32,available
GLM-4.7-Flash,Expert-choice confidence,expert_choice_confidence,45,10,late,-0.0923753665689149,0.1997800586510264,32,available
GLM-4.7-Flash,Expert-choice confidence,expert_choice_confidence,45,11,late,-0.1037390029325513,0.1396627565982404,32,available
GLM-4.7-Flash,Expert-choice confidence,expert_choice_confidence,46,0,early,0.0784457478005865,0.2133431085043988,32,available
GLM-4.7-Flash,Expert-choice confidence,expert_choice_confidence,46,1,early,-0.2151759530791788,-0.1433284457478005,32,available
GLM-4.7-Flash,Expert-choice confidence,expert_choice_confidence,46,2,early,-0.1796187683284457,-0.2309384164222873,32,available
GLM-4.7-Flash,Expert-choice confidence,expert_choice_confidence,46,3,early,-0.0458211143695014,-0.0700146627565982,32,available
GLM-4.7-Flash,Expert-choice confidence,expert_choice_confidence,46,4,middle,-0.2331378299120234,-0.2565982404692081,32,available
GLM-4.7-Flash,Expert-choice confidence,expert_choice_confidence,46,5,middle,0.0186950146627565,-0.001099706744868,32,available
GLM-4.7-Flash,Expert-choice confidence,expert_choice_confidence,46,6,middle,-0.1524926686217008,-0.0458211143695014,32,available
GLM-4.7-Flash,Expert-choice confidence,expert_choice_confidence,46,7,middle,-0.1213343108504398,-0.1675219941348973,32,available
GLM-4.7-Flash,Expert-choice confidence,expert_choice_confidence,46,8,late,-0.1715542521994134,-0.1730205278592375,32,available
GLM-4.7-Flash,Expert-choice confidence,expert_choice_confidence,46,9,late,-0.1623900293255131,-0.1224340175953079,32,available
GLM-4.7-Flash,Expert-choice confidence,expert_choice_confidence,46,10,late,-0.1103372434017595,-0.0993401759530791,32,available
GLM-4.7-Flash,Expert-choice confidence,expert_choice_confidence,46,11,late,-0.1917155425219941,-0.1440615835777126,32,available
GLM-4.7-Flash,Expert-choice change,expert_choice_change,0,0,early,,,0,not_applicable_dense_block_no_router
GLM-4.7-Flash,Expert-choice change,expert_choice_change,0,1,early,,,0,not_applicable_dense_block_no_router
GLM-4.7-Flash,Expert-choice change,expert_choice_change,0,2,early,,,0,not_applicable_dense_block_no_router
GLM-4.7-Flash,Expert-choice change,expert_choice_change,0,3,early,,,0,not_applicable_dense_block_no_router
GLM-4.7-Flash,Expert-choice change,expert_choice_change,0,4,middle,,,0,not_applicable_dense_block_no_router
GLM-4.7-Flash,Expert-choice change,expert_choice_change,0,5,middle,,,0,not_applicable_dense_block_no_router
GLM-4.7-Flash,Expert-choice change,expert_choice_change,0,6,middle,,,0,not_applicable_dense_block_no_router
GLM-4.7-Flash,Expert-choice change,expert_choice_change,0,7,middle,,,0,not_applicable_dense_block_no_router
GLM-4.7-Flash,Expert-choice change,expert_choice_change,0,8,late,,,0,not_applicable_dense_block_no_router
GLM-4.7-Flash,Expert-choice change,expert_choice_change,0,9,late,,,0,not_applicable_dense_block_no_router
GLM-4.7-Flash,Expert-choice change,expert_choice_change,0,10,late,,,0,not_applicable_dense_block_no_router
GLM-4.7-Flash,Expert-choice change,expert_choice_change,0,11,late,,,0,not_applicable_dense_block_no_router
GLM-4.7-Flash,Expert-choice change,expert_choice_change,1,0,early,0.162321243165765,0.126099706744868,32,available
GLM-4.7-Flash,Expert-choice change,expert_choice_change,1,1,early,-0.0426001452652234,-0.1121700879765395,32,available
GLM-4.7-Flash,Expert-choice change,expert_choice_change,1,2,early,0.0807933789512857,0.0142961876832844,32,available
GLM-4.7-Flash,Expert-choice change,expert_choice_change,1,3,early,0.0431510092126185,-0.0102639296187683,32,available
GLM-4.7-Flash,Expert-choice change,expert_choice_change,1,4,middle,0.1153141863213805,0.1165689149560117,32,available
GLM-4.7-Flash,Expert-choice change,expert_choice_change,1,5,middle,0.1281676784272669,0.0821114369501466,32,available
GLM-4.7-Flash,Expert-choice change,expert_choice_change,1,6,middle,0.0479251634233763,-0.0054985337243401,32,available
GLM-4.7-Flash,Expert-choice change,expert_choice_change,1,7,middle,0.1290857850062588,0.0579178885630498,32,available
GLM-4.7-Flash,Expert-choice change,expert_choice_change,1,8,late,0.0776718165827133,0.0370234604105571,32,available
GLM-4.7-Flash,Expert-choice change,expert_choice_change,1,9,late,0.114579701058187,0.0502199413489736,32,available
GLM-4.7-Flash,Expert-choice change,expert_choice_change,1,10,late,0.0778554378985117,0.0362903225806451,32,available
GLM-4.7-Flash,Expert-choice change,expert_choice_change,1,11,late,0.1094383042158325,0.1140029325513196,32,available
GLM-4.7-Flash,Expert-choice change,expert_choice_change,2,0,early,-0.2841395755876006,-0.3108504398826979,32,available
GLM-4.7-Flash,Expert-choice change,expert_choice_change,2,1,early,-0.222346114488938,-0.1994134897360703,32,available
GLM-4.7-Flash,Expert-choice change,expert_choice_change,2,2,early,-0.160736562500688,-0.0909090909090909,32,available
GLM-4.7-Flash,Expert-choice change,expert_choice_change,2,3,early,-0.1460238336676731,-0.0777126099706744,32,available
GLM-4.7-Flash,Expert-choice change,expert_choice_change,2,4,middle,-0.0516784600259649,-0.0172287390029325,32,available
GLM-4.7-Flash,Expert-choice change,expert_choice_change,2,5,middle,-0.2232656600410014,-0.2390029325513196,32,available
GLM-4.7-Flash,Expert-choice change,expert_choice_change,2,6,middle,-0.1199087399890716,-0.1491935483870967,32,available
GLM-4.7-Flash,Expert-choice change,expert_choice_change,2,7,middle,-0.1850125650751626,-0.1704545454545454,32,available
GLM-4.7-Flash,Expert-choice change,expert_choice_change,2,8,late,-0.1322306503867216,-0.1202346041055718,32,available
GLM-4.7-Flash,Expert-choice change,expert_choice_change,2,9,late,-0.2195874778327477,-0.222140762463343,32,available
GLM-4.7-Flash,Expert-choice change,expert_choice_change,2,10,late,-0.1651503811505925,-0.1638563049853372,32,available
GLM-4.7-Flash,Expert-choice change,expert_choice_change,2,11,late,-0.1771044733274171,-0.18841642228739,32,available
GLM-4.7-Flash,Expert-choice change,expert_choice_change,3,0,early,-0.1724045585966246,-0.3482404692082111,32,available
GLM-4.7-Flash,Expert-choice change,expert_choice_change,3,1,early,0.0291931041713134,-0.1946480938416422,32,available
GLM-4.7-Flash,Expert-choice change,expert_choice_change,3,2,early,-0.0029376708600063,-0.2782258064516129,32,available
GLM-4.7-Flash,Expert-choice change,expert_choice_change,3,3,early,-0.1301755399840328,-0.3489736070381231,32,available
GLM-4.7-Flash,Expert-choice change,expert_choice_change,3,4,middle,0.1432114544253111,0.001466275659824,32,available
GLM-4.7-Flash,Expert-choice change,expert_choice_change,3,5,middle,-0.033599610461323,-0.282624633431085,32,available
GLM-4.7-Flash,Expert-choice change,expert_choice_change,3,6,middle,-0.0475535470463533,-0.1935483870967741,32,available
GLM-4.7-Flash,Expert-choice change,expert_choice_change,3,7,middle,-0.1052053376739785,-0.2870234604105571,32,available
GLM-4.7-Flash,Expert-choice change,expert_choice_change,3,8,late,0.1178740432577561,-0.0245601173020527,32,available
GLM-4.7-Flash,Expert-choice change,expert_choice_change,3,9,late,-0.1562473688665895,-0.2848240469208211,32,available
GLM-4.7-Flash,Expert-choice change,expert_choice_change,3,10,late,0.0185440473037902,-0.0890762463343108,32,available
GLM-4.7-Flash,Expert-choice change,expert_choice_change,3,11,late,-0.0908841922314474,-0.2943548387096774,32,available
GLM-4.7-Flash,Expert-choice change,expert_choice_change,4,0,early,0.001099908359453,-0.2096774193548386,32,available
GLM-4.7-Flash,Expert-choice change,expert_choice_change,4,1,early,0.2850595831582557,0.1015395894428152,32,available
GLM-4.7-Flash,Expert-choice change,expert_choice_change,4,2,early,0.1721356582544064,0.0993401759530791,32,available
GLM-4.7-Flash,Expert-choice change,expert_choice_change,4,3,early,0.1418881783694468,-0.00183284457478,32,available
GLM-4.7-Flash,Expert-choice change,expert_choice_change,4,4,middle,0.0962419814521441,-0.0425219941348973,32,available
GLM-4.7-Flash,Expert-choice change,expert_choice_change,4,5,middle,0.1618698468995111,0.094574780058651,32,available
GLM-4.7-Flash,Expert-choice change,expert_choice_change,4,6,middle,0.0958753453323265,-0.0505865102639296,32,available
GLM-4.7-Flash,Expert-choice change,expert_choice_change,4,7,middle,0.1219065098393826,0.0260263929618768,32,available
GLM-4.7-Flash,Expert-choice change,expert_choice_change,4,8,late,0.1675527067566853,0.0656158357771261,32,available
GLM-4.7-Flash,Expert-choice change,expert_choice_change,4,9,late,0.0483959678159353,-0.0843108504398826,32,available
GLM-4.7-Flash,Expert-choice change,expert_choice_change,4,10,late,0.2241979872685188,0.0476539589442815,32,available
GLM-4.7-Flash,Expert-choice change,expert_choice_change,4,11,late,0.1800183348304868,0.1063049853372434,32,available
GLM-4.7-Flash,Expert-choice change,expert_choice_change,5,0,early,-0.1026675261115325,-0.2170087976539589,32,available
GLM-4.7-Flash,Expert-choice change,expert_choice_change,5,1,early,0.0522504373960478,-0.1528592375366569,32,available
GLM-4.7-Flash,Expert-choice change,expert_choice_change,5,2,early,0.0465670564863022,-0.0377565982404692,32,available
GLM-4.7-Flash,Expert-choice change,expert_choice_change,5,3,early,-0.0905674248198161,-0.2371700879765395,32,available
GLM-4.7-Flash,Expert-choice change,expert_choice_change,5,4,middle,0.081584016285057,0.0590175953079178,32,available
GLM-4.7-Flash,Expert-choice change,expert_choice_change,5,5,middle,-0.0082500690625338,-0.0865102639296187,32,available
GLM-4.7-Flash,Expert-choice change,expert_choice_change,5,6,middle,-0.016683472993124,-0.1030058651026392,32,available
GLM-4.7-Flash,Expert-choice change,expert_choice_change,5,7,middle,-0.0643505386877641,-0.1187683284457477,32,available
GLM-4.7-Flash,Expert-choice change,expert_choice_change,5,8,late,-0.0632505294794262,-0.1810850439882697,32,available
GLM-4.7-Flash,Expert-choice change,expert_choice_change,5,9,late,-0.130351091188035,-0.2173753665689149,32,available
GLM-4.7-Flash,Expert-choice change,expert_choice_change,5,10,late,0.0502337538474284,-0.0780791788856304,32,available
GLM-4.7-Flash,Expert-choice change,expert_choice_change,5,11,late,-0.0724172728822416,-0.1741202346041055,32,available
GLM-4.7-Flash,Expert-choice change,expert_choice_change,6,0,early,-0.3222731493197514,-0.2668621700879765,32,available
GLM-4.7-Flash,Expert-choice change,expert_choice_change,6,1,early,-0.2350137528031406,-0.2269061583577712,32,available
GLM-4.7-Flash,Expert-choice change,expert_choice_change,6,2,early,-0.1114573804245784,-0.1334310850439882,32,available
GLM-4.7-Flash,Expert-choice change,expert_choice_change,6,3,early,-0.1134738790835757,-0.0788123167155425,32,available
GLM-4.7-Flash,Expert-choice change,expert_choice_change,6,4,middle,-0.0597616875302838,0.0296920821114369,32,available
GLM-4.7-Flash,Expert-choice change,expert_choice_change,6,5,middle,-0.1897341920056557,-0.1099706744868035,32,available
GLM-4.7-Flash,Expert-choice change,expert_choice_change,6,6,middle,-0.3770852492324964,-0.4127565982404692,32,available
GLM-4.7-Flash,Expert-choice change,expert_choice_change,6,7,middle,-0.1402383158302672,-0.0557184750733137,32,available
GLM-4.7-Flash,Expert-choice change,expert_choice_change,6,8,late,-0.2683776397065506,-0.2459677419354838,32,available
GLM-4.7-Flash,Expert-choice change,expert_choice_change,6,9,late,-0.3217231951400248,-0.3013196480938416,32,available
GLM-4.7-Flash,Expert-choice change,expert_choice_change,6,10,late,-0.0674610460464553,-0.0685483870967741,32,available
GLM-4.7-Flash,Expert-choice change,expert_choice_change,6,11,late,-0.1451879034478061,-0.0227272727272727,32,available
GLM-4.7-Flash,Expert-choice change,expert_choice_change,7,0,early,-0.1980561458724814,-0.2991202346041055,32,available
GLM-4.7-Flash,Expert-choice change,expert_choice_change,7,1,early,-0.1573446047764713,-0.4255865102639296,32,available
GLM-4.7-Flash,Expert-choice change,expert_choice_change,7,2,early,-0.184852402814316,-0.3295454545454545,32,available
GLM-4.7-Flash,Expert-choice change,expert_choice_change,7,3,early,-0.0045846330063074,-0.189882697947214,32,available
GLM-4.7-Flash,Expert-choice change,expert_choice_change,7,4,middle,-0.1865028706965867,-0.3684017595307918,32,available
GLM-4.7-Flash,Expert-choice change,expert_choice_change,7,5,middle,-0.1446910176790628,-0.3552052785923753,32,available
GLM-4.7-Flash,Expert-choice change,expert_choice_change,7,6,middle,-0.287731567475855,-0.4215542521994134,32,available
GLM-4.7-Flash,Expert-choice change,expert_choice_change,7,7,middle,-0.1037960912628004,-0.2115102639296187,32,available
GLM-4.7-Flash,Expert-choice change,expert_choice_change,7,8,late,-0.1380891461499801,-0.2602639296187683,32,available
GLM-4.7-Flash,Expert-choice change,expert_choice_change,7,9,late,-0.1606455405410127,-0.2609970674486803,32,available
GLM-4.7-Flash,Expert-choice change,expert_choice_change,7,10,late,-0.0632679354870427,-0.2324046920821113,32,available
GLM-4.7-Flash,Expert-choice change,expert_choice_change,7,11,late,-0.0619842382452765,-0.1495601173020527,32,available
GLM-4.7-Flash,Expert-choice change,expert_choice_change,8,0,early,-0.1604033024202403,-0.1510263929618768,32,available
GLM-4.7-Flash,Expert-choice change,expert_choice_change,8,1,early,-0.1974335505218272,-0.2412023460410557,32,available
GLM-4.7-Flash,Expert-choice change,expert_choice_change,8,2,early,-0.2177818551717091,-0.2602639296187683,32,available
GLM-4.7-Flash,Expert-choice change,expert_choice_change,8,3,early,-0.177451881991763,-0.1488269794721407,32,available
GLM-4.7-Flash,Expert-choice change,expert_choice_change,8,4,middle,-0.1681026609364118,-0.0876099706744867,32,available
GLM-4.7-Flash,Expert-choice change,expert_choice_change,8,5,middle,-0.1461044937473503,-0.1821847507331378,32,available
GLM-4.7-Flash,Expert-choice change,expert_choice_change,8,6,middle,-0.2351970708630495,-0.2661290322580645,32,available
GLM-4.7-Flash,Expert-choice change,expert_choice_change,8,7,middle,-0.1747021110931303,-0.1037390029325513,32,available
GLM-4.7-Flash,Expert-choice change,expert_choice_change,8,8,late,-0.1915673726047441,-0.1829178885630498,32,available
GLM-4.7-Flash,Expert-choice change,expert_choice_change,8,9,late,-0.2852429012181645,-0.2723607038123167,32,available
GLM-4.7-Flash,Expert-choice change,expert_choice_change,8,10,late,-0.1770852458719453,-0.2071114369501466,32,available
GLM-4.7-Flash,Expert-choice change,expert_choice_change,8,11,late,-0.2900091707757945,-0.2551319648093841,32,available
GLM-4.7-Flash,Expert-choice change,expert_choice_change,9,0,early,-0.0944088008530557,-0.1055718475073313,32,available
GLM-4.7-Flash,Expert-choice change,expert_choice_change,9,1,early,-0.0315307063043215,0.0241935483870967,32,available
GLM-4.7-Flash,Expert-choice change,expert_choice_change,9,2,early,-0.1450045853878972,-0.0986070381231671,32,available
GLM-4.7-Flash,Expert-choice change,expert_choice_change,9,3,early,-0.0399633370601284,0.0065982404692082,32,available
GLM-4.7-Flash,Expert-choice change,expert_choice_change,9,4,middle,0.0269477548066003,0.1546920821114369,32,available
GLM-4.7-Flash,Expert-choice change,expert_choice_change,9,5,middle,-0.0956920272724176,-0.0612170087976539,32,available
GLM-4.7-Flash,Expert-choice change,expert_choice_change,9,6,middle,-0.0104491294148042,0.0095307917888563,32,available
GLM-4.7-Flash,Expert-choice change,expert_choice_change,9,7,middle,-0.0687442724658172,-0.0575513196480938,32,available
GLM-4.7-Flash,Expert-choice change,expert_choice_change,9,8,late,-0.0384967925808576,-0.0271260997067448,32,available
GLM-4.7-Flash,Expert-choice change,expert_choice_change,9,9,late,-0.2647112785083737,-0.2239736070381231,32,available
GLM-4.7-Flash,Expert-choice change,expert_choice_change,9,10,late,0.0227314394286969,0.0377565982404692,32,available
GLM-4.7-Flash,Expert-choice change,expert_choice_change,9,11,late,-0.1468377659869857,-0.0403225806451612,32,available
GLM-4.7-Flash,Expert-choice change,expert_choice_change,10,0,early,-0.2075350706397407,-0.1440615835777126,32,available
GLM-4.7-Flash,Expert-choice change,expert_choice_change,10,1,early,-0.2801356783900387,-0.1924486803519061,32,available
GLM-4.7-Flash,Expert-choice change,expert_choice_change,10,2,early,-0.1871849002854905,-0.0472873900293255,32,available
GLM-4.7-Flash,Expert-choice change,expert_choice_change,10,3,early,-0.0975341498059558,0.0692815249266862,32,available
GLM-4.7-Flash,Expert-choice change,expert_choice_change,10,4,middle,-0.0946007919170549,0.0780791788856304,32,available
GLM-4.7-Flash,Expert-choice change,expert_choice_change,10,5,middle,-0.1681180740076344,-0.1125366568914955,32,available
GLM-4.7-Flash,Expert-choice change,expert_choice_change,10,6,middle,-0.2315519383551171,-0.189149560117302,32,available
GLM-4.7-Flash,Expert-choice change,expert_choice_change,10,7,middle,-0.2080850752439096,-0.1253665689149559,32,available
GLM-4.7-Flash,Expert-choice change,expert_choice_change,10,8,late,-0.0953341313892802,-0.0887096774193548,32,available
GLM-4.7-Flash,Expert-choice change,expert_choice_change,10,9,late,-0.2680355770983224,-0.1664222873900293,32,available
GLM-4.7-Flash,Expert-choice change,expert_choice_change,10,10,late,-0.1508845964103415,-0.0744134897360703,32,available
GLM-4.7-Flash,Expert-choice change,expert_choice_change,10,11,late,-0.2117517726050358,-0.0612170087976539,32,available
GLM-4.7-Flash,Expert-choice change,expert_choice_change,11,0,early,-0.1323313782991202,-0.096041055718475,32,available
GLM-4.7-Flash,Expert-choice change,expert_choice_change,11,1,early,-0.2291055718475072,-0.1037390029325513,32,available
GLM-4.7-Flash,Expert-choice change,expert_choice_change,11,2,early,-0.1202346041055718,0.0531524926686217,32,available
GLM-4.7-Flash,Expert-choice change,expert_choice_change,11,3,early,-0.1429618768328445,0.0465542521994134,32,available
GLM-4.7-Flash,Expert-choice change,expert_choice_change,11,4,middle,-0.1385630498533724,-0.0373900293255131,32,available
GLM-4.7-Flash,Expert-choice change,expert_choice_change,11,5,middle,-0.159090909090909,-0.1041055718475073,32,available
GLM-4.7-Flash,Expert-choice change,expert_choice_change,11,6,middle,-0.2672287390029325,-0.188049853372434,32,available
GLM-4.7-Flash,Expert-choice change,expert_choice_change,11,7,middle,-0.2357038123167155,-0.157258064516129,32,available
GLM-4.7-Flash,Expert-choice change,expert_choice_change,11,8,late,-0.0810117302052785,0.000366568914956,32,available
GLM-4.7-Flash,Expert-choice change,expert_choice_change,11,9,late,-0.2074780058651026,-0.128299120234604,32,available
GLM-4.7-Flash,Expert-choice change,expert_choice_change,11,10,late,-0.2214076246334311,-0.0366568914956011,32,available
GLM-4.7-Flash,Expert-choice change,expert_choice_change,11,11,late,-0.1488269794721407,0.0359237536656891,32,available
GLM-4.7-Flash,Expert-choice change,expert_choice_change,12,0,early,-0.1227072964150313,-0.0194281524926686,32,available
GLM-4.7-Flash,Expert-choice change,expert_choice_change,12,1,early,-0.0752017810615289,0.0861436950146627,32,available
GLM-4.7-Flash,Expert-choice change,expert_choice_change,12,2,early,-0.2380778337021087,-0.1462609970674486,32,available
GLM-4.7-Flash,Expert-choice change,expert_choice_change,12,3,early,0.0289801985554184,0.1832844574780058,32,available
GLM-4.7-Flash,Expert-choice change,expert_choice_change,12,4,middle,0.0733675912795404,0.2419354838709677,32,available
GLM-4.7-Flash,Expert-choice change,expert_choice_change,12,5,middle,-0.1841526541116464,-0.1242668621700879,32,available
GLM-4.7-Flash,Expert-choice change,expert_choice_change,12,6,middle,-0.0720836584321484,0.002199413489736,32,available
GLM-4.7-Flash,Expert-choice change,expert_choice_change,12,7,middle,0.0075201781061528,0.1323313782991202,32,available
GLM-4.7-Flash,Expert-choice change,expert_choice_change,12,8,late,-0.1582905781856085,-0.0865102639296187,32,available
GLM-4.7-Flash,Expert-choice change,expert_choice_change,12,9,late,-0.2120323387978718,-0.1352639296187683,32,available
GLM-4.7-Flash,Expert-choice change,expert_choice_change,12,10,late,-0.0874908526008519,0.0234604105571847,32,available
GLM-4.7-Flash,Expert-choice change,expert_choice_change,12,11,late,-0.0992296672055784,0.0535190615835777,32,available
GLM-4.7-Flash,Expert-choice change,expert_choice_change,13,0,early,-0.0073333947222523,-0.1070381231671554,32,available
GLM-4.7-Flash,Expert-choice change,expert_choice_change,13,1,early,0.1166009760838119,-0.0388563049853372,32,available
GLM-4.7-Flash,Expert-choice change,expert_choice_change,13,2,early,0.0370336433473742,-0.0703812316715542,32,available
GLM-4.7-Flash,Expert-choice change,expert_choice_change,13,3,early,0.2786689994455882,0.1169354838709677,32,available
GLM-4.7-Flash,Expert-choice change,expert_choice_change,13,4,middle,0.2049683824869524,0.0447214076246334,32,available
GLM-4.7-Flash,Expert-choice change,expert_choice_change,13,5,middle,0.1615180187576073,0.0553519061583577,32,available
GLM-4.7-Flash,Expert-choice change,expert_choice_change,13,6,middle,0.0337336157223606,-0.0252932551319648,32,available
GLM-4.7-Flash,Expert-choice change,expert_choice_change,13,7,middle,0.1584013260006501,-0.0095307917888563,32,available
GLM-4.7-Flash,Expert-choice change,expert_choice_change,13,8,late,0.0647172084238767,-0.1334310850439882,32,available
GLM-4.7-Flash,Expert-choice change,expert_choice_change,13,9,late,0.0392336617640499,-0.1561583577712609,32,available
GLM-4.7-Flash,Expert-choice change,expert_choice_change,13,10,late,0.1985516621049816,-0.031891495601173,32,available
GLM-4.7-Flash,Expert-choice change,expert_choice_change,13,11,late,0.2156018048342182,0.1110703812316715,32,available
GLM-4.7-Flash,Expert-choice change,expert_choice_change,14,0,early,-0.4302080487319603,-0.4241202346041055,32,available
GLM-4.7-Flash,Expert-choice change,expert_choice_change,14,1,early,-0.3114288345954838,-0.2419354838709677,32,available
GLM-4.7-Flash,Expert-choice change,expert_choice_change,14,2,early,-0.5231417857183701,-0.4871700879765395,32,available
GLM-4.7-Flash,Expert-choice change,expert_choice_change,14,3,early,-0.380533408252045,-0.2903225806451612,32,available
GLM-4.7-Flash,Expert-choice change,expert_choice_change,14,4,middle,-0.3222436087221075,-0.2331378299120234,32,available
GLM-4.7-Flash,Expert-choice change,expert_choice_change,14,5,middle,-0.4930803796714841,-0.4659090909090909,32,available
GLM-4.7-Flash,Expert-choice change,expert_choice_change,14,6,middle,-0.3979470276084729,-0.4039589442815249,32,available
GLM-4.7-Flash,Expert-choice change,expert_choice_change,14,7,middle,-0.406928789171262,-0.3834310850439882,32,available
GLM-4.7-Flash,Expert-choice change,expert_choice_change,14,8,late,-0.4391898102947494,-0.4428152492668622,32,available
GLM-4.7-Flash,Expert-choice change,expert_choice_change,14,9,late,-0.5828979952993752,-0.5359237536656891,32,available
GLM-4.7-Flash,Expert-choice change,expert_choice_change,14,10,late,-0.3787003956882105,-0.3310117302052786,32,available
GLM-4.7-Flash,Expert-choice change,expert_choice_change,14,11,late,-0.4373567977309149,-0.3423753665689149,32,available
GLM-4.7-Flash,Expert-choice change,expert_choice_change,15,0,early,0.0346534676764838,-0.1239002932551319,32,available
GLM-4.7-Flash,Expert-choice change,expert_choice_change,15,1,early,0.1956362434434297,0.0095307917888563,32,available
GLM-4.7-Flash,Expert-choice change,expert_choice_change,15,2,early,-0.0033003302549032,-0.2118768328445747,32,available
GLM-4.7-Flash,Expert-choice change,expert_choice_change,15,3,early,0.092959302179774,-0.0868768328445747,32,available
GLM-4.7-Flash,Expert-choice change,expert_choice_change,15,4,middle,0.1697836564466878,0.0549853372434017,32,available
GLM-4.7-Flash,Expert-choice change,expert_choice_change,15,5,middle,0.0526219323976235,-0.1561583577712609,32,available
GLM-4.7-Flash,Expert-choice change,expert_choice_change,15,6,middle,0.0302530273366128,-0.1356304985337243,32,available
GLM-4.7-Flash,Expert-choice change,expert_choice_change,15,7,middle,0.1171617240490642,-0.0428885630498533,32,available
GLM-4.7-Flash,Expert-choice change,expert_choice_change,15,8,late,0.0689402319913116,-0.0887096774193548,32,available
GLM-4.7-Flash,Expert-choice change,expert_choice_change,15,9,late,-0.0495049538235482,-0.2598973607038123,32,available
GLM-4.7-Flash,Expert-choice change,expert_choice_change,15,10,late,0.1631829959368813,-0.0282258064516129,32,available
GLM-4.7-Flash,Expert-choice change,expert_choice_change,15,11,late,0.1510817850022362,0.0186950146627565,32,available
GLM-4.7-Flash,Expert-choice change,expert_choice_change,16,0,early,-0.0471127413965734,-0.1997800586510264,32,available
GLM-4.7-Flash,Expert-choice change,expert_choice_change,16,1,early,-0.0023831347788149,-0.3167155425219941,32,available
GLM-4.7-Flash,Expert-choice change,expert_choice_change,16,2,early,-0.1406049519500849,-0.3874633431085043,32,available
GLM-4.7-Flash,Expert-choice change,expert_choice_change,16,3,early,0.0887259409958815,-0.1422287390029325,32,available
GLM-4.7-Flash,Expert-choice change,expert_choice_change,16,4,middle,-0.0280476631660534,-0.2452346041055718,32,available
GLM-4.7-Flash,Expert-choice change,expert_choice_change,16,5,middle,-0.0405132912398549,-0.3071847507331378,32,available
GLM-4.7-Flash,Expert-choice change,expert_choice_change,16,6,middle,-0.134555455973093,-0.3057184750733138,32,available
GLM-4.7-Flash,Expert-choice change,expert_choice_change,16,7,middle,0.008249312695898,-0.1843841642228739,32,available
GLM-4.7-Flash,Expert-choice change,expert_choice_change,16,8,late,-0.1264894613371038,-0.2701612903225806,32,available
GLM-4.7-Flash,Expert-choice change,expert_choice_change,16,9,late,-0.1552703967427926,-0.3848973607038122,32,available
GLM-4.7-Flash,Expert-choice change,expert_choice_change,16,10,late,-0.0502291484150238,-0.2877565982404692,32,available
GLM-4.7-Flash,Expert-choice change,expert_choice_change,16,11,late,-0.0230980755485146,-0.2353372434017595,32,available
GLM-4.7-Flash,Expert-choice change,expert_choice_change,17,0,early,-0.2551319648093841,-0.3625366568914955,32,available
GLM-4.7-Flash,Expert-choice change,expert_choice_change,17,1,early,-0.0450879765395894,-0.1810850439882697,32,available
GLM-4.7-Flash,Expert-choice change,expert_choice_change,17,2,early,-0.0674486803519061,-0.2056451612903225,32,available
GLM-4.7-Flash,Expert-choice change,expert_choice_change,17,3,early,-0.1081378299120234,-0.220674486803519,32,available
GLM-4.7-Flash,Expert-choice change,expert_choice_change,17,4,middle,-0.1096041055718475,-0.1411290322580645,32,available
GLM-4.7-Flash,Expert-choice change,expert_choice_change,17,5,middle,-0.1829178885630498,-0.2980205278592375,32,available
GLM-4.7-Flash,Expert-choice change,expert_choice_change,17,6,middle,-0.2767595307917888,-0.4468475073313782,32,available
GLM-4.7-Flash,Expert-choice change,expert_choice_change,17,7,middle,-0.2159090909090908,-0.3064516129032257,32,available
GLM-4.7-Flash,Expert-choice change,expert_choice_change,17,8,late,-0.1370967741935483,-0.2855571847507331,32,available
GLM-4.7-Flash,Expert-choice change,expert_choice_change,17,9,late,-0.2936217008797654,-0.4138563049853372,32,available
GLM-4.7-Flash,Expert-choice change,expert_choice_change,17,10,late,-0.0751466275659824,-0.2401026392961876,32,available
GLM-4.7-Flash,Expert-choice change,expert_choice_change,17,11,late,-0.1422287390029325,-0.1645894428152492,32,available
GLM-4.7-Flash,Expert-choice change,expert_choice_change,18,0,early,-0.2659701230123879,-0.2492668621700879,32,available
GLM-4.7-Flash,Expert-choice change,expert_choice_change,18,1,early,-0.1915498129207067,-0.2675953079178885,32,available
GLM-4.7-Flash,Expert-choice change,expert_choice_change,18,2,early,-0.257904867731516,-0.3093841642228738,32,available
GLM-4.7-Flash,Expert-choice change,expert_choice_change,18,3,early,-0.0944001470374774,-0.1429618768328445,32,available
GLM-4.7-Flash,Expert-choice change,expert_choice_change,18,4,middle,-0.2282100641973969,-0.2309384164222873,32,available
GLM-4.7-Flash,Expert-choice change,expert_choice_change,18,5,middle,-0.2344423069144343,-0.2727272727272727,32,available
GLM-4.7-Flash,Expert-choice change,expert_choice_change,18,6,middle,-0.2016313820217964,-0.18841642228739,32,available
GLM-4.7-Flash,Expert-choice change,expert_choice_change,18,7,middle,-0.3160113660050701,-0.406891495601173,32,available
GLM-4.7-Flash,Expert-choice change,expert_choice_change,18,8,late,-0.3600036675370984,-0.4182551319648093,32,available
GLM-4.7-Flash,Expert-choice change,expert_choice_change,18,9,late,-0.3251764288242427,-0.3519061583577712,32,available
GLM-4.7-Flash,Expert-choice change,expert_choice_change,18,10,late,-0.1475575113886783,-0.2060117302052785,32,available
GLM-4.7-Flash,Expert-choice change,expert_choice_change,18,11,late,-0.1931995242281577,-0.188049853372434,32,available
GLM-4.7-Flash,Expert-choice change,expert_choice_change,19,0,early,-0.1603885993355199,-0.1675219941348973,32,available
GLM-4.7-Flash,Expert-choice change,expert_choice_change,19,1,early,-0.1376592435439719,-0.2375366568914955,32,available
GLM-4.7-Flash,Expert-choice change,expert_choice_change,19,2,early,-0.3733846592530904,-0.4626099706744868,32,available
GLM-4.7-Flash,Expert-choice change,expert_choice_change,19,3,early,-0.1953991393047591,-0.2668621700879765,32,available
GLM-4.7-Flash,Expert-choice change,expert_choice_change,19,4,middle,-0.2912656963933042,-0.37866568914956,32,available
GLM-4.7-Flash,Expert-choice change,expert_choice_change,19,5,middle,-0.354138027332828,-0.4274193548387096,32,available
GLM-4.7-Flash,Expert-choice change,expert_choice_change,19,6,middle,-0.3088626170061155,-0.3508064516129032,32,available
GLM-4.7-Flash,Expert-choice change,expert_choice_change,19,7,middle,-0.2687196418581397,-0.3570381231671554,32,available
GLM-4.7-Flash,Expert-choice change,expert_choice_change,19,8,late,-0.350105399692392,-0.4369501466275659,32,available
GLM-4.7-Flash,Expert-choice change,expert_choice_change,19,9,late,-0.2535056375783132,-0.3082844574780058,32,available
GLM-4.7-Flash,Expert-choice change,expert_choice_change,19,10,late,-0.1398588586205733,-0.2562316715542522,32,available
GLM-4.7-Flash,Expert-choice change,expert_choice_change,19,11,late,-0.2833837423688158,-0.3042521994134897,32,available
GLM-4.7-Flash,Expert-choice change,expert_choice_change,20,0,early,-0.1133113387516771,-0.2261730205278592,32,available
GLM-4.7-Flash,Expert-choice change,expert_choice_change,20,1,early,-0.0146681344662365,-0.2558651026392962,32,available
GLM-4.7-Flash,Expert-choice change,expert_choice_change,20,2,early,-0.189952341337763,-0.346774193548387,32,available
GLM-4.7-Flash,Expert-choice change,expert_choice_change,20,3,early,0.1136780421133331,-0.1151026392961876,32,available
GLM-4.7-Flash,Expert-choice change,expert_choice_change,20,4,middle,-0.025302531954258,-0.2093108504398826,32,available
GLM-4.7-Flash,Expert-choice change,expert_choice_change,20,5,middle,-0.0564723176950106,-0.158357771260997,32,available
GLM-4.7-Flash,Expert-choice change,expert_choice_change,20,6,middle,-0.1554822253421072,-0.2371700879765395,32,available
GLM-4.7-Flash,Expert-choice change,expert_choice_change,20,7,middle,-0.0484048437385805,-0.2719941348973607,32,available
GLM-4.7-Flash,Expert-choice change,expert_choice_change,20,8,late,-0.1118445253050535,-0.3200146627565982,32,available
GLM-4.7-Flash,Expert-choice change,expert_choice_change,20,9,late,-0.1147781521983008,-0.2529325513196481,32,available
GLM-4.7-Flash,Expert-choice change,expert_choice_change,20,10,late,0.1650165127451609,-0.0487536656891495,32,available
GLM-4.7-Flash,Expert-choice change,expert_choice_change,20,11,late,-0.0454712168453332,-0.1488269794721407,32,available
GLM-4.7-Flash,Expert-choice change,expert_choice_change,21,0,early,-0.2038123167155424,-0.2617302052785923,32,available
GLM-4.7-Flash,Expert-choice change,expert_choice_change,21,1,early,-0.1517595307917888,-0.2173753665689149,32,available
GLM-4.7-Flash,Expert-choice change,expert_choice_change,21,2,early,-0.3632697947214076,-0.4912023460410556,32,available
GLM-4.7-Flash,Expert-choice change,expert_choice_change,21,3,early,-0.2181085043988269,-0.283357771260997,32,available
GLM-4.7-Flash,Expert-choice change,expert_choice_change,21,4,middle,-0.3071847507331378,-0.314882697947214,32,available
GLM-4.7-Flash,Expert-choice change,expert_choice_change,21,5,middle,-0.4138563049853372,-0.4989002932551318,32,available
GLM-4.7-Flash,Expert-choice change,expert_choice_change,21,6,middle,-0.2404692082111436,-0.3302785923753665,32,available
GLM-4.7-Flash,Expert-choice change,expert_choice_change,21,7,middle,-0.2855571847507331,-0.3870967741935483,32,available
GLM-4.7-Flash,Expert-choice change,expert_choice_change,21,8,late,-0.4233870967741935,-0.469208211143695,32,available
GLM-4.7-Flash,Expert-choice change,expert_choice_change,21,9,late,-0.3834310850439882,-0.4549120234604105,32,available
GLM-4.7-Flash,Expert-choice change,expert_choice_change,21,10,late,-0.187683284457478,-0.2903225806451612,32,available
GLM-4.7-Flash,Expert-choice change,expert_choice_change,21,11,late,-0.2749266862170087,-0.3306451612903225,32,available
GLM-4.7-Flash,Expert-choice change,expert_choice_change,22,0,early,-0.3051965918784465,-0.2382697947214076,32,available
GLM-4.7-Flash,Expert-choice change,expert_choice_change,22,1,early,-0.1528732478237984,-0.0546187683284457,32,available
GLM-4.7-Flash,Expert-choice change,expert_choice_change,22,2,early,-0.4518375969852076,-0.4292521994134897,32,available
GLM-4.7-Flash,Expert-choice change,expert_choice_change,22,3,early,-0.2337091018889004,-0.1458944281524926,32,available
GLM-4.7-Flash,Expert-choice change,expert_choice_change,22,4,middle,-0.3009806629816271,-0.2129765395894428,32,available
GLM-4.7-Flash,Expert-choice change,expert_choice_change,22,5,middle,-0.4087618017350966,-0.3936950146627565,32,available
GLM-4.7-Flash,Expert-choice change,expert_choice_change,22,6,middle,-0.3171111735433708,-0.3002199413489735,32,available
GLM-4.7-Flash,Expert-choice change,expert_choice_change,22,7,middle,-0.305013290622063,-0.2796920821114369,32,available
GLM-4.7-Flash,Expert-choice change,expert_choice_change,22,8,late,-0.3205938974146564,-0.3229472140762462,32,available
GLM-4.7-Flash,Expert-choice change,expert_choice_change,22,9,late,-0.3847493371488644,-0.314516129032258,32,available
GLM-4.7-Flash,Expert-choice change,expert_choice_change,22,10,late,-0.252589131296396,-0.1972140762463343,32,available
GLM-4.7-Flash,Expert-choice change,expert_choice_change,22,11,late,-0.3191274873635887,-0.2144428152492668,32,available
GLM-4.7-Flash,Expert-choice change,expert_choice_change,23,0,early,-0.3009530791788856,-0.3665689149560117,32,available
GLM-4.7-Flash,Expert-choice change,expert_choice_change,23,1,early,-0.1195014662756598,-0.1627565982404692,32,available
GLM-4.7-Flash,Expert-choice change,expert_choice_change,23,2,early,-0.2774926686217008,-0.3284457478005865,32,available
GLM-4.7-Flash,Expert-choice change,expert_choice_change,23,3,early,-0.1414956011730205,-0.2368035190615835,32,available
GLM-4.7-Flash,Expert-choice change,expert_choice_change,23,4,middle,-0.2254398826979472,-0.2452346041055718,32,available
GLM-4.7-Flash,Expert-choice change,expert_choice_change,23,5,middle,-0.18841642228739,-0.2620967741935484,32,available
GLM-4.7-Flash,Expert-choice change,expert_choice_change,23,6,middle,-0.3405425219941349,-0.3867302052785923,32,available
GLM-4.7-Flash,Expert-choice change,expert_choice_change,23,7,middle,-0.2573313782991202,-0.3222140762463343,32,available
GLM-4.7-Flash,Expert-choice change,expert_choice_change,23,8,late,-0.3174486803519061,-0.3966275659824046,32,available
GLM-4.7-Flash,Expert-choice change,expert_choice_change,23,9,late,-0.3313782991202346,-0.3826979472140762,32,available
GLM-4.7-Flash,Expert-choice change,expert_choice_change,23,10,late,-0.1660557184750733,-0.2760263929618767,32,available
GLM-4.7-Flash,Expert-choice change,expert_choice_change,23,11,late,-0.1631231671554251,-0.1055718475073313,32,available
GLM-4.7-Flash,Expert-choice change,expert_choice_change,24,0,early,-0.3123052003896628,-0.4662756598240469,32,available
GLM-4.7-Flash,Expert-choice change,expert_choice_change,24,1,early,-0.1650467882270679,-0.4263196480938416,32,available
GLM-4.7-Flash,Expert-choice change,expert_choice_change,24,2,early,-0.1615624671422742,-0.31341642228739,32,available
GLM-4.7-Flash,Expert-choice change,expert_choice_change,24,3,early,-0.0821566234730293,-0.2661290322580645,32,available
GLM-4.7-Flash,Expert-choice change,expert_choice_change,24,4,middle,-0.0944434399299332,-0.2393695014662756,32,available
GLM-4.7-Flash,Expert-choice change,expert_choice_change,24,5,middle,-0.1441408617183059,-0.3302785923753665,32,available
GLM-4.7-Flash,Expert-choice change,expert_choice_change,24,6,middle,-0.2726939712151666,-0.4120234604105571,32,available
GLM-4.7-Flash,Expert-choice change,expert_choice_change,24,7,middle,-0.2536218979089276,-0.3823313782991202,32,available
GLM-4.7-Flash,Expert-choice change,expert_choice_change,24,8,late,-0.2776453748619786,-0.3819648093841641,32,available
GLM-4.7-Flash,Expert-choice change,expert_choice_change,24,9,late,-0.3115716591086537,-0.4739736070381231,32,available
GLM-4.7-Flash,Expert-choice change,expert_choice_change,24,10,late,-0.1766000634029626,-0.3819648093841641,32,available
GLM-4.7-Flash,Expert-choice change,expert_choice_change,24,11,late,-0.1529433570904162,-0.2932551319648093,32,available
GLM-4.7-Flash,Expert-choice change,expert_choice_change,25,0,early,-0.0814006814170007,-0.1231671554252199,32,available
GLM-4.7-Flash,Expert-choice change,expert_choice_change,25,1,early,-0.0517004327918788,-0.2470674486803519,32,available
GLM-4.7-Flash,Expert-choice change,expert_choice_change,25,2,early,-0.1177009852921497,-0.2291055718475072,32,available
GLM-4.7-Flash,Expert-choice change,expert_choice_change,25,3,early,0.02383353284732,-0.032258064516129,32,available
GLM-4.7-Flash,Expert-choice change,expert_choice_change,25,4,middle,0.0403336709723877,0.0,32,available
GLM-4.7-Flash,Expert-choice change,expert_choice_change,25,5,middle,-0.0465670564863022,-0.2155425219941348,32,available
GLM-4.7-Flash,Expert-choice change,expert_choice_change,25,6,middle,-0.1052342142643208,-0.2107771260997067,32,available
GLM-4.7-Flash,Expert-choice change,expert_choice_change,25,7,middle,-0.0361169690070926,-0.1092375366568914,32,available
GLM-4.7-Flash,Expert-choice change,expert_choice_change,25,8,late,0.0474837308265837,-0.0491202346041055,32,available
GLM-4.7-Flash,Expert-choice change,expert_choice_change,25,9,late,-0.1600513398131569,-0.2401026392961876,32,available
GLM-4.7-Flash,Expert-choice change,expert_choice_change,25,10,late,0.0152167940486735,-0.0751466275659824,32,available
GLM-4.7-Flash,Expert-choice change,expert_choice_change,25,11,late,-0.0685672406530592,-0.1535923753665689,32,available
GLM-4.7-Flash,Expert-choice change,expert_choice_change,26,0,early,-0.392153282772443,-0.4648093841642227,32,available
GLM-4.7-Flash,Expert-choice change,expert_choice_change,26,1,early,-0.2770189856330815,-0.3874633431085043,32,available
GLM-4.7-Flash,Expert-choice change,expert_choice_change,26,2,early,-0.2222018600842453,-0.316348973607038,32,available
GLM-4.7-Flash,Expert-choice change,expert_choice_change,26,3,early,-0.1288844122435845,-0.2155425219941348,32,available
GLM-4.7-Flash,Expert-choice change,expert_choice_change,26,4,middle,-0.3774864933279383,-0.5080645161290323,32,available
GLM-4.7-Flash,Expert-choice change,expert_choice_change,26,5,middle,-0.2907691007373046,-0.4208211143695014,32,available
GLM-4.7-Flash,Expert-choice change,expert_choice_change,26,6,middle,-0.4191035083767202,-0.5109970674486803,32,available
GLM-4.7-Flash,Expert-choice change,expert_choice_change,26,7,middle,-0.2262352271814841,-0.3673020527859237,32,available
GLM-4.7-Flash,Expert-choice change,expert_choice_change,26,8,late,-0.2399853422857072,-0.2917888563049853,32,available
GLM-4.7-Flash,Expert-choice change,expert_choice_change,26,9,late,-0.3329361203902554,-0.3863636363636363,32,available
GLM-4.7-Flash,Expert-choice change,expert_choice_change,26,10,late,-0.1804015101674071,-0.2796920821114369,32,available
GLM-4.7-Flash,Expert-choice change,expert_choice_change,26,11,late,-0.1138509530629672,-0.1777859237536656,32,available
GLM-4.7-Flash,Expert-choice change,expert_choice_change,27,0,early,-0.2720440009047276,-0.3071847507331378,32,available
GLM-4.7-Flash,Expert-choice change,expert_choice_change,27,1,early,-0.194133825443468,-0.3222140762463343,32,available
GLM-4.7-Flash,Expert-choice change,expert_choice_change,27,2,early,-0.2120989953145349,-0.2877565982404692,32,available
GLM-4.7-Flash,Expert-choice change,expert_choice_change,27,3,early,-0.0359303397421338,-0.0773460410557184,32,available
GLM-4.7-Flash,Expert-choice change,expert_choice_change,27,4,middle,0.0097158571751688,-0.000366568914956,32,available
GLM-4.7-Flash,Expert-choice change,expert_choice_change,27,5,middle,-0.247662698936851,-0.3335777126099706,32,available
GLM-4.7-Flash,Expert-choice change,expert_choice_change,27,6,middle,-0.3495875402461695,-0.4541788856304985,32,available
GLM-4.7-Flash,Expert-choice change,expert_choice_change,27,7,middle,-0.1233730543186534,-0.1348973607038123,32,available
GLM-4.7-Flash,Expert-choice change,expert_choice_change,27,8,late,-0.1052245663876776,-0.1326979472140762,32,available
GLM-4.7-Flash,Expert-choice change,expert_choice_change,27,9,late,-0.1921173267844707,-0.2305718475073313,32,available
GLM-4.7-Flash,Expert-choice change,expert_choice_change,27,10,late,-0.1296058683555541,-0.1502932551319648,32,available
GLM-4.7-Flash,Expert-choice change,expert_choice_change,27,11,late,-0.0991750704106857,-0.1484604105571847,32,available
GLM-4.7-Flash,Expert-choice change,expert_choice_change,28,0,early,-0.1107342603060101,-0.1337976539589442,32,available
GLM-4.7-Flash,Expert-choice change,expert_choice_change,28,1,early,0.0971674800698432,0.1242668621700879,32,available
GLM-4.7-Flash,Expert-choice change,expert_choice_change,28,2,early,-0.0397836663682188,-0.0575513196480938,32,available
GLM-4.7-Flash,Expert-choice change,expert_choice_change,28,3,early,0.1875515700216031,0.2056451612903225,32,available
GLM-4.7-Flash,Expert-choice change,expert_choice_change,28,4,middle,0.1870015654174342,0.2595307917888563,32,available
GLM-4.7-Flash,Expert-choice change,expert_choice_change,28,5,middle,-0.0082500690625338,0.06524926686217,32,available
GLM-4.7-Flash,Expert-choice change,expert_choice_change,28,6,middle,-0.0335502808543043,-0.0153958944281524,32,available
GLM-4.7-Flash,Expert-choice change,expert_choice_change,28,7,middle,0.1716014365007043,0.2173753665689149,32,available
GLM-4.7-Flash,Expert-choice change,expert_choice_change,28,8,late,0.0102667526111532,0.002199413489736,32,available
GLM-4.7-Flash,Expert-choice change,expert_choice_change,28,9,late,-0.0165001381250677,-0.0087976539589442,32,available
GLM-4.7-Flash,Expert-choice change,expert_choice_change,28,10,late,0.227335236389822,0.2613636363636363,32,available
GLM-4.7-Flash,Expert-choice change,expert_choice_change,28,11,late,0.117884320160206,0.1546920821114369,32,available
GLM-4.7-Flash,Expert-choice change,expert_choice_change,29,0,early,-0.3176610773125212,-0.3108504398826979,32,available
GLM-4.7-Flash,Expert-choice change,expert_choice_change,29,1,early,-0.252222528783629,-0.2005131964809384,32,available
GLM-4.7-Flash,Expert-choice change,expert_choice_change,29,2,early,-0.3332416841051145,-0.3797653958944281,32,available
GLM-4.7-Flash,Expert-choice change,expert_choice_change,29,3,early,-0.1592887917972192,-0.1096041055718475,32,available
GLM-4.7-Flash,Expert-choice change,expert_choice_change,29,4,middle,-0.1959490430739095,-0.1187683284457477,32,available
GLM-4.7-Flash,Expert-choice change,expert_choice_change,29,5,middle,-0.3688021278435041,-0.3797653958944281,32,available
GLM-4.7-Flash,Expert-choice change,expert_choice_change,29,6,middle,-0.4335074713468624,-0.4589442815249265,32,available
GLM-4.7-Flash,Expert-choice change,expert_choice_change,29,7,middle,-0.291998901418838,-0.2639296187683284,32,available
GLM-4.7-Flash,Expert-choice change,expert_choice_change,29,8,late,-0.3572541486913467,-0.3302785923753665,32,available
GLM-4.7-Flash,Expert-choice change,expert_choice_change,29,9,late,-0.2439739722463738,-0.2954545454545454,32,available
GLM-4.7-Flash,Expert-choice change,expert_choice_change,29,10,late,-0.1939327292536915,-0.1986803519061583,32,available
GLM-4.7-Flash,Expert-choice change,expert_choice_change,29,11,late,-0.1690037583855421,-0.1477272727272727,32,available
GLM-4.7-Flash,Expert-choice change,expert_choice_change,30,0,early,-0.4229535406059027,-0.3423753665689149,32,available
GLM-4.7-Flash,Expert-choice change,expert_choice_change,30,1,early,-0.2280685758620472,-0.0835777126099706,32,available
GLM-4.7-Flash,Expert-choice change,expert_choice_change,30,2,early,-0.4222202011336774,-0.3621700879765395,32,available
GLM-4.7-Flash,Expert-choice change,expert_choice_change,30,3,early,-0.2280685758620472,-0.126099706744868,32,available
GLM-4.7-Flash,Expert-choice change,expert_choice_change,30,4,middle,-0.2539187922579867,-0.1081378299120234,32,available
GLM-4.7-Flash,Expert-choice change,expert_choice_change,30,5,middle,-0.4383536695226326,-0.3405425219941349,32,available
GLM-4.7-Flash,Expert-choice change,expert_choice_change,30,6,middle,-0.3729031216265305,-0.3317448680351906,32,available
GLM-4.7-Flash,Expert-choice change,expert_choice_change,30,7,middle,-0.3206526842304827,-0.2525659824046921,32,available
GLM-4.7-Flash,Expert-choice change,expert_choice_change,30,8,late,-0.3289027532930166,-0.2998533724340176,32,available
GLM-4.7-Flash,Expert-choice change,expert_choice_change,30,9,late,-0.3762031492515441,-0.316348973607038,32,available
GLM-4.7-Flash,Expert-choice change,expert_choice_change,30,10,late,-0.1477679036533843,-0.0560850439882697,32,available
GLM-4.7-Flash,Expert-choice change,expert_choice_change,30,11,late,-0.2977358257234442,-0.1488269794721407,32,available
GLM-4.7-Flash,Expert-choice change,expert_choice_change,31,0,early,-0.4467870734532227,-0.6257331378299119,32,available
GLM-4.7-Flash,Expert-choice change,expert_choice_change,31,1,early,-0.1908515976466167,-0.4233870967741935,32,available
GLM-4.7-Flash,Expert-choice change,expert_choice_change,31,2,early,-0.3883032505432605,-0.5986070381231672,32,available
GLM-4.7-Flash,Expert-choice change,expert_choice_change,31,3,early,-0.1838848726604769,-0.4593108504398827,32,available
GLM-4.7-Flash,Expert-choice change,expert_choice_change,31,4,middle,-0.2289852502023288,-0.4226539589442815,32,available
GLM-4.7-Flash,Expert-choice change,expert_choice_change,31,5,middle,-0.3158859776610188,-0.5813782991202345,32,available
GLM-4.7-Flash,Expert-choice change,expert_choice_change,31,6,middle,-0.3520029466681115,-0.5084310850439883,32,available
GLM-4.7-Flash,Expert-choice change,expert_choice_change,31,7,middle,-0.3092859224109917,-0.5458211143695014,32,available
GLM-4.7-Flash,Expert-choice change,expert_choice_change,31,8,late,-0.3325694506541428,-0.5417888563049853,32,available
GLM-4.7-Flash,Expert-choice change,expert_choice_change,31,9,late,-0.3474195749667038,-0.5465542521994133,32,available
GLM-4.7-Flash,Expert-choice change,expert_choice_change,31,10,late,-0.2121184423411484,-0.4732404692082111,32,available
GLM-4.7-Flash,Expert-choice change,expert_choice_change,31,11,late,-0.2203685114036822,-0.4087243401759531,32,available
GLM-4.7-Flash,Expert-choice change,expert_choice_change,32,0,early,0.0430797440785788,-0.0362903225806451,32,available
GLM-4.7-Flash,Expert-choice change,expert_choice_change,32,1,early,0.2423464751994945,0.0546187683284457,32,available
GLM-4.7-Flash,Expert-choice change,expert_choice_change,32,2,early,0.0881759868161549,-0.0498533724340175,32,available
GLM-4.7-Flash,Expert-choice change,expert_choice_change,32,3,early,0.321539877080116,0.1700879765395894,32,available
GLM-4.7-Flash,Expert-choice change,expert_choice_change,32,4,middle,0.0813932185995276,-0.0450879765395894,32,available
GLM-4.7-Flash,Expert-choice change,expert_choice_change,32,5,middle,0.1714023860147711,0.064149560117302,32,available
GLM-4.7-Flash,Expert-choice change,expert_choice_change,32,6,middle,0.0691109085856349,-0.0175953079178885,32,available
GLM-4.7-Flash,Expert-choice change,expert_choice_change,32,7,middle,0.1352887282127284,-0.0062316715542521,32,available
GLM-4.7-Flash,Expert-choice change,expert_choice_change,32,8,late,0.0714940433644499,-0.0395894428152492,32,available
GLM-4.7-Flash,Expert-choice change,expert_choice_change,32,9,late,0.063061412608643,-0.0593841642228738,32,available
GLM-4.7-Flash,Expert-choice change,expert_choice_change,32,10,late,0.2782768149416283,0.159457478005865,32,available
GLM-4.7-Flash,Expert-choice change,expert_choice_change,32,11,late,0.2205316260703418,0.127199413489736,32,available
GLM-4.7-Flash,Expert-choice change,expert_choice_change,33,0,early,-0.1002841728268005,-0.1565249266862169,32,available
GLM-4.7-Flash,Expert-choice change,expert_choice_change,33,1,early,0.0359336341390363,-0.0395894428152492,32,available
GLM-4.7-Flash,Expert-choice change,expert_choice_change,33,2,early,0.0073333947222523,-0.0124633431085043,32,available
GLM-4.7-Flash,Expert-choice change,expert_choice_change,33,3,early,0.1868182305493779,0.1986803519061583,32,available
GLM-4.7-Flash,Expert-choice change,expert_choice_change,33,4,middle,-0.0179668170695181,-0.0296920821114369,32,available
GLM-4.7-Flash,Expert-choice change,expert_choice_change,33,5,middle,-0.0293335788890092,-0.0406891495601173,32,available
GLM-4.7-Flash,Expert-choice change,expert_choice_change,33,6,middle,-0.0707672590697349,-0.0780791788856304,32,available
GLM-4.7-Flash,Expert-choice change,expert_choice_change,33,7,middle,0.0146667894445046,0.0153958944281524,32,available
GLM-4.7-Flash,Expert-choice change,expert_choice_change,33,8,late,0.0049500414375203,0.0718475073313782,32,available
GLM-4.7-Flash,Expert-choice change,expert_choice_change,33,9,late,-0.0027500230208446,0.032258064516129,32,available
GLM-4.7-Flash,Expert-choice change,expert_choice_change,33,10,late,0.1510679312783978,0.1656891495601173,32,available
GLM-4.7-Flash,Expert-choice change,expert_choice_change,33,11,late,0.0330002762501354,0.0824780058651026,32,available
GLM-4.7-Flash,Expert-choice change,expert_choice_change,34,0,early,-0.3024193548387097,-0.2727272727272727,32,available
GLM-4.7-Flash,Expert-choice change,expert_choice_change,34,1,early,-0.1664222873900293,-0.0824780058651026,32,available
GLM-4.7-Flash,Expert-choice change,expert_choice_change,34,2,early,-0.3090175953079178,-0.3178152492668621,32,available
GLM-4.7-Flash,Expert-choice change,expert_choice_change,34,3,early,-0.2126099706744868,-0.1664222873900293,32,available
GLM-4.7-Flash,Expert-choice change,expert_choice_change,34,4,middle,-0.1986803519061583,-0.1059384164222873,32,available
GLM-4.7-Flash,Expert-choice change,expert_choice_change,34,5,middle,-0.3434750733137829,-0.3130498533724339,32,available
GLM-4.7-Flash,Expert-choice change,expert_choice_change,34,6,middle,-0.2976539589442815,-0.2771260997067448,32,available
GLM-4.7-Flash,Expert-choice change,expert_choice_change,34,7,middle,-0.2489002932551319,-0.2569648093841642,32,available
GLM-4.7-Flash,Expert-choice change,expert_choice_change,34,8,late,-0.2184750733137829,-0.2115102639296187,32,available
GLM-4.7-Flash,Expert-choice change,expert_choice_change,34,9,late,-0.2976539589442815,-0.2349706744868035,32,available
GLM-4.7-Flash,Expert-choice change,expert_choice_change,34,10,late,-0.0674486803519061,-0.0194281524926686,32,available
GLM-4.7-Flash,Expert-choice change,expert_choice_change,34,11,late,-0.1730205278592375,-0.0755131964809384,32,available
GLM-4.7-Flash,Expert-choice change,expert_choice_change,35,0,early,-0.4401063165766667,-0.5065982404692081,32,available
GLM-4.7-Flash,Expert-choice change,expert_choice_change,35,1,early,-0.1470076076195279,-0.2118768328445747,32,available
GLM-4.7-Flash,Expert-choice change,expert_choice_change,35,2,early,-0.2494730099378772,-0.3079178885630498,32,available
GLM-4.7-Flash,Expert-choice change,expert_choice_change,35,3,early,-0.1515901390291142,-0.1942815249266862,32,available
GLM-4.7-Flash,Expert-choice change,expert_choice_change,35,4,middle,-0.1255613606226641,-0.1136363636363636,32,available
GLM-4.7-Flash,Expert-choice change,expert_choice_change,35,5,middle,-0.194116030510075,-0.2236070381231671,32,available
GLM-4.7-Flash,Expert-choice change,expert_choice_change,35,6,middle,-0.2989643491614091,-0.3357771260997067,32,available
GLM-4.7-Flash,Expert-choice change,expert_choice_change,35,7,middle,-0.3024470730326947,-0.3555718475073313,32,available
GLM-4.7-Flash,Expert-choice change,expert_choice_change,35,8,late,-0.2439739722463738,-0.3420087976539589,32,available
GLM-4.7-Flash,Expert-choice change,expert_choice_change,35,9,late,-0.3743011655350077,-0.4303519061583577,32,available
GLM-4.7-Flash,Expert-choice change,expert_choice_change,35,10,late,-0.0421592889681938,-0.1059384164222873,32,available
GLM-4.7-Flash,Expert-choice change,expert_choice_change,35,11,late,-0.1909999091515563,-0.1755865102639296,32,available
GLM-4.7-Flash,Expert-choice change,expert_choice_change,36,0,early,-0.3063525645220907,-0.2961876832844574,32,available
GLM-4.7-Flash,Expert-choice change,expert_choice_change,36,1,early,-0.1620680233617763,-0.1825513196480938,32,available
GLM-4.7-Flash,Expert-choice change,expert_choice_change,36,2,early,-0.1635347023062268,-0.125,32,available
GLM-4.7-Flash,Expert-choice change,expert_choice_change,36,3,early,-0.2553854712024371,-0.2269061583577712,32,available
GLM-4.7-Flash,Expert-choice change,expert_choice_change,36,4,middle,-0.1651847161187335,-0.096774193548387,32,available
GLM-4.7-Flash,Expert-choice change,expert_choice_change,36,5,middle,-0.2258685574453715,-0.1524926686217008,32,available
GLM-4.7-Flash,Expert-choice change,expert_choice_change,36,6,middle,-0.2240352087648084,-0.220674486803519,32,available
GLM-4.7-Flash,Expert-choice change,expert_choice_change,36,7,middle,-0.346319565758366,-0.2760263929618767,32,available
GLM-4.7-Flash,Expert-choice change,expert_choice_change,36,8,late,-0.2561188106746623,-0.2807917888563049,32,available
GLM-4.7-Flash,Expert-choice change,expert_choice_change,36,9,late,-0.2240352087648084,-0.159457478005865,32,available
GLM-4.7-Flash,Expert-choice change,expert_choice_change,36,10,late,-0.1917682719868982,-0.1997800586510264,32,available
GLM-4.7-Flash,Expert-choice change,expert_choice_change,36,11,late,-0.24878541595241,-0.2096774193548386,32,available
GLM-4.7-Flash,Expert-choice change,expert_choice_change,37,0,early,-0.219574780058651,-0.282624633431085,32,available
GLM-4.7-Flash,Expert-choice change,expert_choice_change,37,1,early,-0.1671554252199413,-0.2448680351906158,32,available
GLM-4.7-Flash,Expert-choice change,expert_choice_change,37,2,early,-0.1627565982404692,-0.1957478005865102,32,available
GLM-4.7-Flash,Expert-choice change,expert_choice_change,37,3,early,-0.1396627565982404,-0.1946480938416422,32,available
GLM-4.7-Flash,Expert-choice change,expert_choice_change,37,4,middle,-0.1506598240469208,-0.1649560117302052,32,available
GLM-4.7-Flash,Expert-choice change,expert_choice_change,37,5,middle,-0.222140762463343,-0.1854838709677419,32,available
GLM-4.7-Flash,Expert-choice change,expert_choice_change,37,6,middle,-0.2441348973607038,-0.2939882697947213,32,available
GLM-4.7-Flash,Expert-choice change,expert_choice_change,37,7,middle,-0.1931818181818181,-0.2144428152492668,32,available
GLM-4.7-Flash,Expert-choice change,expert_choice_change,37,8,late,-0.3236803519061583,-0.3599706744868035,32,available
GLM-4.7-Flash,Expert-choice change,expert_choice_change,37,9,late,-0.2668621700879765,-0.3002199413489735,32,available
GLM-4.7-Flash,Expert-choice change,expert_choice_change,37,10,late,-0.0696480938416422,-0.1612903225806451,32,available
GLM-4.7-Flash,Expert-choice change,expert_choice_change,37,11,late,-0.1935483870967741,-0.2001466275659824,32,available
GLM-4.7-Flash,Expert-choice change,expert_choice_change,38,0,early,-0.2357470250427761,-0.2749266862170087,32,available
GLM-4.7-Flash,Expert-choice change,expert_choice_change,38,1,early,-0.1043079760881334,-0.1631231671554251,32,available
GLM-4.7-Flash,Expert-choice change,expert_choice_change,38,2,early,-0.1206232834200207,-0.1308651026392961,32,available
GLM-4.7-Flash,Expert-choice change,expert_choice_change,38,3,early,-0.0601283236501015,-0.0810117302052785,32,available
GLM-4.7-Flash,Expert-choice change,expert_choice_change,38,4,middle,-0.0953253911525999,-0.0696480938416422,32,available
GLM-4.7-Flash,Expert-choice change,expert_choice_change,38,5,middle,-0.0615948681293722,-0.0905425219941348,32,available
GLM-4.7-Flash,Expert-choice change,expert_choice_change,38,6,middle,-0.1385884532910876,-0.1235337243401759,32,available
GLM-4.7-Flash,Expert-choice change,expert_choice_change,38,7,middle,-0.2300641651856018,-0.2771260997067448,32,available
GLM-4.7-Flash,Expert-choice change,expert_choice_change,38,8,late,-0.0450962427375761,-0.0912756598240469,32,available
GLM-4.7-Flash,Expert-choice change,expert_choice_change,38,9,late,-0.2007332756001864,-0.2041788856304985,32,available
GLM-4.7-Flash,Expert-choice change,expert_choice_change,38,10,late,0.0500458303551149,0.0432551319648093,32,available
GLM-4.7-Flash,Expert-choice change,expert_choice_change,38,11,late,-0.0828597630787984,-0.0722140762463343,32,available
GLM-4.7-Flash,Expert-choice change,expert_choice_change,39,0,early,-0.2750275212419348,-0.3321114369501466,32,available
GLM-4.7-Flash,Expert-choice change,expert_choice_change,39,1,early,-0.1147781521983008,-0.1253665689149559,32,available
GLM-4.7-Flash,Expert-choice change,expert_choice_change,39,2,early,-0.2368903716297199,-0.3244134897360703,32,available
GLM-4.7-Flash,Expert-choice change,expert_choice_change,39,3,early,-0.1745508001482146,-0.2173753665689149,32,available
GLM-4.7-Flash,Expert-choice change,expert_choice_change,39,4,middle,-0.088742213520731,-0.1173020527859237,32,available
GLM-4.7-Flash,Expert-choice change,expert_choice_change,39,5,middle,-0.2625596069456338,-0.3379765395894428,32,available
GLM-4.7-Flash,Expert-choice change,expert_choice_change,39,6,middle,-0.1826182741046447,-0.2357038123167155,32,available
GLM-4.7-Flash,Expert-choice change,expert_choice_change,39,7,middle,-0.2229556438867952,-0.2547653958944281,32,available
GLM-4.7-Flash,Expert-choice change,expert_choice_change,39,8,late,-0.2801613683051177,-0.3291788856304985,32,available
GLM-4.7-Flash,Expert-choice change,expert_choice_change,39,9,late,-0.3080308237909671,-0.3878299120234603,32,available
GLM-4.7-Flash,Expert-choice change,expert_choice_change,39,10,late,-0.1085441950501503,-0.1799853372434017,32,available
GLM-4.7-Flash,Expert-choice change,expert_choice_change,39,11,late,-0.1848184942745802,-0.2170087976539589,32,available
GLM-4.7-Flash,Expert-choice change,expert_choice_change,40,0,early,-0.2412465668400414,-0.3222140762463343,32,available
GLM-4.7-Flash,Expert-choice change,expert_choice_change,40,1,early,-0.0967919356318707,-0.3423753665689149,32,available
GLM-4.7-Flash,Expert-choice change,expert_choice_change,40,2,early,-0.191750690664653,-0.3196480938416422,32,available
GLM-4.7-Flash,Expert-choice change,expert_choice_change,40,3,early,-0.0850595797977045,-0.2705278592375366,32,available
GLM-4.7-Flash,Expert-choice change,expert_choice_change,40,4,middle,-0.2315307096648726,-0.438782991202346,32,available
GLM-4.7-Flash,Expert-choice change,expert_choice_change,40,5,middle,-0.1231897362587445,-0.2320381231671554,32,available
GLM-4.7-Flash,Expert-choice change,expert_choice_change,40,6,middle,-0.1472044021068034,-0.2540322580645161,32,available
GLM-4.7-Flash,Expert-choice change,expert_choice_change,40,7,middle,-0.3070577503473172,-0.43658357771261,32,available
GLM-4.7-Flash,Expert-choice change,expert_choice_change,40,8,late,-0.2995417098910545,-0.4626099706744868,32,available
GLM-4.7-Flash,Expert-choice change,expert_choice_change,40,9,late,-0.1539871703234307,-0.2877565982404692,32,available
GLM-4.7-Flash,Expert-choice change,expert_choice_change,40,10,late,-0.0956920272724176,-0.316348973607038,32,available
GLM-4.7-Flash,Expert-choice change,expert_choice_change,40,11,late,-0.2141154939735322,-0.3394428152492668,32,available
GLM-4.7-Flash,Expert-choice change,expert_choice_change,41,0,early,-0.2574257598824511,-0.2452346041055718,32,available
GLM-4.7-Flash,Expert-choice change,expert_choice_change,41,1,early,-0.1364136505359997,-0.0780791788856304,32,available
GLM-4.7-Flash,Expert-choice change,expert_choice_change,41,2,early,-0.0575724277799783,-0.0414222873900293,32,available
GLM-4.7-Flash,Expert-choice change,expert_choice_change,41,3,early,-0.1199119992614836,-0.0857771260997067,32,available
GLM-4.7-Flash,Expert-choice change,expert_choice_change,41,4,middle,-0.1563989837462469,-0.126466275659824,32,available
GLM-4.7-Flash,Expert-choice change,expert_choice_change,41,5,middle,-0.1276127698562577,-0.0843108504398826,32,available
GLM-4.7-Flash,Expert-choice change,expert_choice_change,41,6,middle,-0.0304363790174407,-0.0175953079178885,32,available
GLM-4.7-Flash,Expert-choice change,expert_choice_change,41,7,middle,-0.1582325005545265,-0.1447947214076246,32,available
GLM-4.7-Flash,Expert-choice change,expert_choice_change,41,8,late,-0.1499816749172685,-0.1191348973607038,32,available
GLM-4.7-Flash,Expert-choice change,expert_choice_change,41,9,late,-0.2275394359074941,-0.156891495601173,32,available
GLM-4.7-Flash,Expert-choice change,expert_choice_change,41,10,late,-0.1419142009608384,-0.1026392961876832,32,available
GLM-4.7-Flash,Expert-choice change,expert_choice_change,41,11,late,-0.1664833261917846,-0.1059384164222873,32,available
GLM-4.7-Flash,Expert-choice change,expert_choice_change,42,0,early,-0.2192483996509799,-0.3431085043988269,32,available
GLM-4.7-Flash,Expert-choice change,expert_choice_change,42,1,early,-0.0175985337512492,-0.2232404692082111,32,available
GLM-4.7-Flash,Expert-choice change,expert_choice_change,42,2,early,-0.1435380409086264,-0.3335777126099706,32,available
GLM-4.7-Flash,Expert-choice change,expert_choice_change,42,3,early,-0.1706691137751357,-0.3735337243401759,32,available
GLM-4.7-Flash,Expert-choice change,expert_choice_change,42,4,middle,-0.1272227335767392,-0.2925219941348973,32,available
GLM-4.7-Flash,Expert-choice change,expert_choice_change,42,5,middle,0.0377635203412222,-0.1118035190615835,32,available
GLM-4.7-Flash,Expert-choice change,expert_choice_change,42,6,middle,-0.0997250245904122,-0.2181085043988269,32,available
GLM-4.7-Flash,Expert-choice change,expert_choice_change,42,7,middle,-0.2729605912042718,-0.4024926686217009,32,available
GLM-4.7-Flash,Expert-choice change,expert_choice_change,42,8,late,-0.2898258527158857,-0.5128299120234603,32,available
GLM-4.7-Flash,Expert-choice change,expert_choice_change,42,9,late,-0.2559120116327492,-0.4354838709677419,32,available
GLM-4.7-Flash,Expert-choice change,expert_choice_change,42,10,late,-0.2042163187384545,-0.407258064516129,32,available
GLM-4.7-Flash,Expert-choice change,expert_choice_change,42,11,late,-0.189367555885838,-0.3416422287390029,32,available
GLM-4.7-Flash,Expert-choice change,expert_choice_change,43,0,early,-0.2326519475634549,-0.377199413489736,32,available
GLM-4.7-Flash,Expert-choice change,expert_choice_change,43,1,early,0.0533504466043856,-0.0601173020527859,32,available
GLM-4.7-Flash,Expert-choice change,expert_choice_change,43,2,early,0.0583004880419059,0.0832111436950146,32,available
GLM-4.7-Flash,Expert-choice change,expert_choice_change,43,3,early,-0.0762673051114241,-0.0912756598240469,32,available
GLM-4.7-Flash,Expert-choice change,expert_choice_change,43,4,middle,0.0060500506458581,-0.0274926686217008,32,available
GLM-4.7-Flash,Expert-choice change,expert_choice_change,43,5,middle,-0.009533413138928,0.002199413489736,32,available
GLM-4.7-Flash,Expert-choice change,expert_choice_change,43,6,middle,-0.028600239416784,-0.0894428152492668,32,available
GLM-4.7-Flash,Expert-choice change,expert_choice_change,43,7,middle,-0.1527179450909046,-0.1726539589442815,32,available
GLM-4.7-Flash,Expert-choice change,expert_choice_change,43,8,late,0.0702172544655659,0.0117302052785923,32,available
GLM-4.7-Flash,Expert-choice change,expert_choice_change,43,9,late,-0.113667618194911,-0.1162023460410556,32,available
GLM-4.7-Flash,Expert-choice change,expert_choice_change,43,10,late,-0.0344669551945859,-0.0443548387096774,32,available
GLM-4.7-Flash,Expert-choice change,expert_choice_change,43,11,late,-0.0669172268405524,-0.1066715542521994,32,available
GLM-4.7-Flash,Expert-choice change,expert_choice_change,44,0,early,-0.4143747986711819,-0.4175219941348973,32,available
GLM-4.7-Flash,Expert-choice change,expert_choice_change,44,1,early,-0.3006967565578488,-0.284457478005865,32,available
GLM-4.7-Flash,Expert-choice change,expert_choice_change,44,2,early,-0.3142647809391176,-0.2565982404692081,32,available
GLM-4.7-Flash,Expert-choice change,expert_choice_change,44,3,early,-0.2266226775033543,-0.1752199413489735,32,available
GLM-4.7-Flash,Expert-choice change,expert_choice_change,44,4,middle,-0.28712873217658,-0.221041055718475,32,available
GLM-4.7-Flash,Expert-choice change,expert_choice_change,44,5,middle,-0.3032636800894402,-0.187316715542522,32,available
GLM-4.7-Flash,Expert-choice change,expert_choice_change,44,6,middle,-0.3414008297016552,-0.2866568914956011,32,available
GLM-4.7-Flash,Expert-choice change,expert_choice_change,44,7,middle,-0.299963349834537,-0.2331378299120234,32,available
GLM-4.7-Flash,Expert-choice change,expert_choice_change,44,8,late,-0.3934727070567948,-0.315615835777126,32,available
GLM-4.7-Flash,Expert-choice change,expert_choice_change,44,9,late,-0.44774480458187,-0.4156891495601172,32,available
GLM-4.7-Flash,Expert-choice change,expert_choice_change,44,10,late,-0.1928859682310103,-0.1792521994134897,32,available
GLM-4.7-Flash,Expert-choice change,expert_choice_change,44,11,late,-0.3964063339500421,-0.3504398826979471,32,available
GLM-4.7-Flash,Expert-choice change,expert_choice_change,45,0,early,-0.1681180740076344,-0.0421554252199413,32,available
GLM-4.7-Flash,Expert-choice change,expert_choice_change,45,1,early,-0.2046017127508398,0.0117302052785923,32,available
GLM-4.7-Flash,Expert-choice change,expert_choice_change,45,2,early,-0.1921349417230108,-0.0208944281524926,32,available
GLM-4.7-Flash,Expert-choice change,expert_choice_change,45,3,early,-0.1111009300421226,0.1972140762463343,32,available
GLM-4.7-Flash,Expert-choice change,expert_choice_change,45,4,middle,-0.0220001841667569,0.2635630498533724,32,available
GLM-4.7-Flash,Expert-choice change,expert_choice_change,45,5,middle,-0.219635171931457,-0.0531524926686217,32,available
GLM-4.7-Flash,Expert-choice change,expert_choice_change,45,6,middle,-0.0715005985419601,0.0601173020527859,32,available
GLM-4.7-Flash,Expert-choice change,expert_choice_change,45,7,middle,-0.1884682443618847,-0.0212609970674486,32,available
GLM-4.7-Flash,Expert-choice change,expert_choice_change,45,8,late,-0.1629846977020578,0.0164956011730205,32,available
GLM-4.7-Flash,Expert-choice change,expert_choice_change,45,9,late,-0.2625355310566331,-0.0597507331378299,32,available
GLM-4.7-Flash,Expert-choice change,expert_choice_change,45,10,late,-0.2000183410494321,0.0469208211143695,32,available
GLM-4.7-Flash,Expert-choice change,expert_choice_change,45,11,late,-0.1895682535702225,-0.0091642228739002,32,available
GLM-4.7-Flash,Expert-choice change,expert_choice_change,46,0,early,-0.0271534859829846,-0.1403958944281524,32,available
GLM-4.7-Flash,Expert-choice change,expert_choice_change,46,1,early,0.1084304744320535,0.06524926686217,32,available
GLM-4.7-Flash,Expert-choice change,expert_choice_change,46,2,early,0.2563068913393888,0.2452346041055718,32,available
GLM-4.7-Flash,Expert-choice change,expert_choice_change,46,3,early,0.0697184099563119,0.0245601173020527,32,available
GLM-4.7-Flash,Expert-choice change,expert_choice_change,46,4,middle,0.1997982853747991,0.1715542521994134,32,available
GLM-4.7-Flash,Expert-choice change,expert_choice_change,46,5,middle,0.1515458069050358,0.2085777126099706,32,available
GLM-4.7-Flash,Expert-choice change,expert_choice_change,46,6,middle,0.1335657959163028,0.0843108504398826,32,available
GLM-4.7-Flash,Expert-choice change,expert_choice_change,46,7,middle,0.1370517164141184,0.1044721407624633,32,available
GLM-4.7-Flash,Expert-choice change,expert_choice_change,46,8,late,0.0735712694538975,0.0069648093841642,32,available
GLM-4.7-Flash,Expert-choice change,expert_choice_change,46,9,late,-0.0188973584881582,-0.0714809384164222,32,available
GLM-4.7-Flash,Expert-choice change,expert_choice_change,46,10,late,0.1952115478776733,0.1176686217008797,32,available
GLM-4.7-Flash,Expert-choice change,expert_choice_change,46,11,late,0.1218237479236608,0.1301319648093841,32,available
GLM-4.7-Flash,Hidden-state shift,hidden_state_shift,0,0,early,0.0,-0.1070381231671554,32,available
GLM-4.7-Flash,Hidden-state shift,hidden_state_shift,0,1,early,-0.1715542521994134,-0.3955278592375366,32,available
GLM-4.7-Flash,Hidden-state shift,hidden_state_shift,0,2,early,-0.0351906158357771,-0.2148093841642228,32,available
GLM-4.7-Flash,Hidden-state shift,hidden_state_shift,0,3,early,0.1440615835777126,-0.0201612903225806,32,available
GLM-4.7-Flash,Hidden-state shift,hidden_state_shift,0,4,middle,0.0410557184750733,-0.1341642228739002,32,available
GLM-4.7-Flash,Hidden-state shift,hidden_state_shift,0,5,middle,0.1026392961876832,-0.157991202346041,32,available
GLM-4.7-Flash,Hidden-state shift,hidden_state_shift,0,6,middle,-0.1195014662756598,-0.2540322580645161,32,available
GLM-4.7-Flash,Hidden-state shift,hidden_state_shift,0,7,middle,0.0230938416422287,-0.2012463343108504,32,available
GLM-4.7-Flash,Hidden-state shift,hidden_state_shift,0,8,late,-0.0538856304985337,-0.1796187683284457,32,available
GLM-4.7-Flash,Hidden-state shift,hidden_state_shift,0,9,late,-0.001099706744868,-0.1763196480938416,32,available
GLM-4.7-Flash,Hidden-state shift,hidden_state_shift,0,10,late,0.0454545454545454,-0.1052052785923753,32,available
GLM-4.7-Flash,Hidden-state shift,hidden_state_shift,0,11,late,-0.0051319648093841,-0.1184017595307917,32,available
GLM-4.7-Flash,Hidden-state shift,hidden_state_shift,1,0,early,-0.0993401759530791,-0.0234604105571847,32,available
GLM-4.7-Flash,Hidden-state shift,hidden_state_shift,1,1,early,-0.3603372434017595,-0.3361436950146627,32,available
GLM-4.7-Flash,Hidden-state shift,hidden_state_shift,1,2,early,-0.1631231671554251,-0.1187683284457477,32,available
GLM-4.7-Flash,Hidden-state shift,hidden_state_shift,1,3,early,-0.0769794721407624,-0.0183284457478005,32,available
GLM-4.7-Flash,Hidden-state shift,hidden_state_shift,1,4,middle,-0.1535923753665689,-0.1323313782991202,32,available
GLM-4.7-Flash,Hidden-state shift,hidden_state_shift,1,5,middle,-0.1301319648093841,-0.1341642228739002,32,available
GLM-4.7-Flash,Hidden-state shift,hidden_state_shift,1,6,middle,-0.1697214076246334,-0.1162023460410556,32,available
GLM-4.7-Flash,Hidden-state shift,hidden_state_shift,1,7,middle,-0.1308651026392961,-0.158357771260997,32,available
GLM-4.7-Flash,Hidden-state shift,hidden_state_shift,1,8,late,-0.1653225806451612,-0.1286656891495601,32,available
GLM-4.7-Flash,Hidden-state shift,hidden_state_shift,1,9,late,-0.1510263929618768,-0.094208211143695,32,available
GLM-4.7-Flash,Hidden-state shift,hidden_state_shift,1,10,late,-0.1242668621700879,-0.0487536656891495,32,available
GLM-4.7-Flash,Hidden-state shift,hidden_state_shift,1,11,late,-0.1418621700879765,-0.0623167155425219,32,available
GLM-4.7-Flash,Hidden-state shift,hidden_state_shift,2,0,early,-0.1532258064516128,-0.0208944281524926,32,available
GLM-4.7-Flash,Hidden-state shift,hidden_state_shift,2,1,early,-0.4626099706744868,-0.3698680351906158,32,available
GLM-4.7-Flash,Hidden-state shift,hidden_state_shift,2,2,early,-0.2100439882697947,-0.1502932551319648,32,available
GLM-4.7-Flash,Hidden-state shift,hidden_state_shift,2,3,early,-0.1605571847507331,-0.0443548387096774,32,available
GLM-4.7-Flash,Hidden-state shift,hidden_state_shift,2,4,middle,-0.2078445747800586,-0.1807184750733137,32,available
GLM-4.7-Flash,Hidden-state shift,hidden_state_shift,2,5,middle,-0.2258064516129032,-0.2056451612903225,32,available
GLM-4.7-Flash,Hidden-state shift,hidden_state_shift,2,6,middle,-0.2280058651026392,-0.1022727272727272,32,available
GLM-4.7-Flash,Hidden-state shift,hidden_state_shift,2,7,middle,-0.2126099706744868,-0.1920821114369501,32,available
GLM-4.7-Flash,Hidden-state shift,hidden_state_shift,2,8,late,-0.2745601173020527,-0.1557917888563049,32,available
GLM-4.7-Flash,Hidden-state shift,hidden_state_shift,2,9,late,-0.220674486803519,-0.0461876832844574,32,available
GLM-4.7-Flash,Hidden-state shift,hidden_state_shift,2,10,late,-0.2309384164222873,-0.0571847507331378,32,available
GLM-4.7-Flash,Hidden-state shift,hidden_state_shift,2,11,late,-0.2401026392961876,-0.094208211143695,32,available
GLM-4.7-Flash,Hidden-state shift,hidden_state_shift,3,0,early,-0.251466275659824,-0.0252932551319648,32,available
GLM-4.7-Flash,Hidden-state shift,hidden_state_shift,3,1,early,-0.5010997067448679,-0.3064516129032257,32,available
GLM-4.7-Flash,Hidden-state shift,hidden_state_shift,3,2,early,-0.2771260997067448,-0.1994134897360703,32,available
GLM-4.7-Flash,Hidden-state shift,hidden_state_shift,3,3,early,-0.2173753665689149,-0.0667155425219941,32,available
GLM-4.7-Flash,Hidden-state shift,hidden_state_shift,3,4,middle,-0.2895894428152492,-0.189882697947214,32,available
GLM-4.7-Flash,Hidden-state shift,hidden_state_shift,3,5,middle,-0.2565982404692081,-0.1664222873900293,32,available
GLM-4.7-Flash,Hidden-state shift,hidden_state_shift,3,6,middle,-0.2346041055718475,-0.0769794721407624,32,available
GLM-4.7-Flash,Hidden-state shift,hidden_state_shift,3,7,middle,-0.2661290322580645,-0.1843841642228739,32,available
GLM-4.7-Flash,Hidden-state shift,hidden_state_shift,3,8,late,-0.3332111436950146,-0.1803519061583577,32,available
GLM-4.7-Flash,Hidden-state shift,hidden_state_shift,3,9,late,-0.2631964809384164,-0.0619501466275659,32,available
GLM-4.7-Flash,Hidden-state shift,hidden_state_shift,3,10,late,-0.2540322580645161,-0.0051319648093841,32,available
GLM-4.7-Flash,Hidden-state shift,hidden_state_shift,3,11,late,-0.2921554252199413,-0.0934750733137829,32,available
GLM-4.7-Flash,Hidden-state shift,hidden_state_shift,4,0,early,-0.31341642228739,-0.0971407624633431,32,available
GLM-4.7-Flash,Hidden-state shift,hidden_state_shift,4,1,early,-0.597873900293255,-0.3409090909090909,32,available
GLM-4.7-Flash,Hidden-state shift,hidden_state_shift,4,2,early,-0.504398826979472,-0.3332111436950146,32,available
GLM-4.7-Flash,Hidden-state shift,hidden_state_shift,4,3,early,-0.3431085043988269,-0.126099706744868,32,available
GLM-4.7-Flash,Hidden-state shift,hidden_state_shift,4,4,middle,-0.4380498533724339,-0.2888563049853372,32,available
GLM-4.7-Flash,Hidden-state shift,hidden_state_shift,4,5,middle,-0.4189882697947213,-0.2697947214076246,32,available
GLM-4.7-Flash,Hidden-state shift,hidden_state_shift,4,6,middle,-0.3423753665689149,-0.159090909090909,32,available
GLM-4.7-Flash,Hidden-state shift,hidden_state_shift,4,7,middle,-0.3900293255131964,-0.2452346041055718,32,available
GLM-4.7-Flash,Hidden-state shift,hidden_state_shift,4,8,late,-0.5010997067448679,-0.2851906158357771,32,available
GLM-4.7-Flash,Hidden-state shift,hidden_state_shift,4,9,late,-0.3420087976539589,-0.1374633431085043,32,available
GLM-4.7-Flash,Hidden-state shift,hidden_state_shift,4,10,late,-0.3969941348973607,-0.1136363636363636,32,available
GLM-4.7-Flash,Hidden-state shift,hidden_state_shift,4,11,late,-0.4303519061583577,-0.1770527859237536,32,available
GLM-4.7-Flash,Hidden-state shift,hidden_state_shift,5,0,early,-0.3947947214076246,-0.2045454545454545,32,available
GLM-4.7-Flash,Hidden-state shift,hidden_state_shift,5,1,early,-0.5751466275659823,-0.3541055718475073,32,available
GLM-4.7-Flash,Hidden-state shift,hidden_state_shift,5,2,early,-0.4604105571847507,-0.3086510263929618,32,available
GLM-4.7-Flash,Hidden-state shift,hidden_state_shift,5,3,early,-0.3728005865102639,-0.1733870967741935,32,available
GLM-4.7-Flash,Hidden-state shift,hidden_state_shift,5,4,middle,-0.3988269794721407,-0.2338709677419354,32,available
GLM-4.7-Flash,Hidden-state shift,hidden_state_shift,5,5,middle,-0.3958944281524926,-0.253299120234604,32,available
GLM-4.7-Flash,Hidden-state shift,hidden_state_shift,5,6,middle,-0.3823313782991202,-0.2093108504398826,32,available
GLM-4.7-Flash,Hidden-state shift,hidden_state_shift,5,7,middle,-0.4109237536656892,-0.2782258064516129,32,available
GLM-4.7-Flash,Hidden-state shift,hidden_state_shift,5,8,late,-0.4519794721407624,-0.2613636363636363,32,available
GLM-4.7-Flash,Hidden-state shift,hidden_state_shift,5,9,late,-0.3892961876832844,-0.222140762463343,32,available
GLM-4.7-Flash,Hidden-state shift,hidden_state_shift,5,10,late,-0.3515395894428151,-0.1228005865102639,32,available
GLM-4.7-Flash,Hidden-state shift,hidden_state_shift,5,11,late,-0.4314516129032257,-0.1825513196480938,32,available
GLM-4.7-Flash,Hidden-state shift,hidden_state_shift,6,0,early,-0.2972873900293254,-0.1363636363636363,32,available
GLM-4.7-Flash,Hidden-state shift,hidden_state_shift,6,1,early,-0.4776392961876832,-0.2554985337243401,32,available
GLM-4.7-Flash,Hidden-state shift,hidden_state_shift,6,2,early,-0.3808651026392961,-0.2419354838709677,32,available
GLM-4.7-Flash,Hidden-state shift,hidden_state_shift,6,3,early,-0.346041055718475,-0.156891495601173,32,available
GLM-4.7-Flash,Hidden-state shift,hidden_state_shift,6,4,middle,-0.3339442815249266,-0.1488269794721407,32,available
GLM-4.7-Flash,Hidden-state shift,hidden_state_shift,6,5,middle,-0.3280791788856305,-0.1348973607038123,32,available
GLM-4.7-Flash,Hidden-state shift,hidden_state_shift,6,6,middle,-0.281524926686217,-0.0791788856304985,32,available
GLM-4.7-Flash,Hidden-state shift,hidden_state_shift,6,7,middle,-0.3115835777126099,-0.1851173020527859,32,available
GLM-4.7-Flash,Hidden-state shift,hidden_state_shift,6,8,late,-0.3823313782991202,-0.1543255131964809,32,available
GLM-4.7-Flash,Hidden-state shift,hidden_state_shift,6,9,late,-0.3379765395894428,-0.1836510263929618,32,available
GLM-4.7-Flash,Hidden-state shift,hidden_state_shift,6,10,late,-0.314882697947214,-0.0219941348973607,32,available
GLM-4.7-Flash,Hidden-state shift,hidden_state_shift,6,11,late,-0.3852639296187682,-0.187683284457478,32,available
GLM-4.7-Flash,Hidden-state shift,hidden_state_shift,7,0,early,-0.2800586510263929,-0.0978739002932551,32,available
GLM-4.7-Flash,Hidden-state shift,hidden_state_shift,7,1,early,-0.406524926686217,-0.2030791788856304,32,available
GLM-4.7-Flash,Hidden-state shift,hidden_state_shift,7,2,early,-0.3258797653958943,-0.1484604105571847,32,available
GLM-4.7-Flash,Hidden-state shift,hidden_state_shift,7,3,early,-0.2708944281524926,-0.1143695014662756,32,available
GLM-4.7-Flash,Hidden-state shift,hidden_state_shift,7,4,middle,-0.3035190615835776,-0.1286656891495601,32,available
GLM-4.7-Flash,Hidden-state shift,hidden_state_shift,7,5,middle,-0.2547653958944281,-0.0527859237536656,32,available
GLM-4.7-Flash,Hidden-state shift,hidden_state_shift,7,6,middle,-0.2562316715542522,-0.031891495601173,32,available
GLM-4.7-Flash,Hidden-state shift,hidden_state_shift,7,7,middle,-0.2624633431085044,-0.1433284457478005,32,available
GLM-4.7-Flash,Hidden-state shift,hidden_state_shift,7,8,late,-0.2972873900293254,-0.0821114369501466,32,available
GLM-4.7-Flash,Hidden-state shift,hidden_state_shift,7,9,late,-0.2884897360703812,-0.1110703812316715,32,available
GLM-4.7-Flash,Hidden-state shift,hidden_state_shift,7,10,late,-0.2129765395894428,0.0414222873900293,32,available
GLM-4.7-Flash,Hidden-state shift,hidden_state_shift,7,11,late,-0.3236803519061583,-0.1077712609970674,32,available
GLM-4.7-Flash,Hidden-state shift,hidden_state_shift,8,0,early,-0.2170087976539589,-0.064882697947214,32,available
GLM-4.7-Flash,Hidden-state shift,hidden_state_shift,8,1,early,-0.3687683284457478,-0.19024926686217,32,available
GLM-4.7-Flash,Hidden-state shift,hidden_state_shift,8,2,early,-0.3244134897360703,-0.189882697947214,32,available
GLM-4.7-Flash,Hidden-state shift,hidden_state_shift,8,3,early,-0.2595307917888563,-0.1253665689149559,32,available
GLM-4.7-Flash,Hidden-state shift,hidden_state_shift,8,4,middle,-0.343841642228739,-0.2071114369501466,32,available
GLM-4.7-Flash,Hidden-state shift,hidden_state_shift,8,5,middle,-0.2606304985337243,-0.0850439882697947,32,available
GLM-4.7-Flash,Hidden-state shift,hidden_state_shift,8,6,middle,-0.2276392961876832,-0.0432551319648093,32,available
GLM-4.7-Flash,Hidden-state shift,hidden_state_shift,8,7,middle,-0.2580645161290322,-0.1506598240469208,32,available
GLM-4.7-Flash,Hidden-state shift,hidden_state_shift,8,8,late,-0.2760263929618767,-0.1070381231671554,32,available
GLM-4.7-Flash,Hidden-state shift,hidden_state_shift,8,9,late,-0.1917155425219941,-0.0414222873900293,32,available
GLM-4.7-Flash,Hidden-state shift,hidden_state_shift,8,10,late,-0.2162756598240469,-0.000733137829912,32,available
GLM-4.7-Flash,Hidden-state shift,hidden_state_shift,8,11,late,-0.3035190615835776,-0.125733137829912,32,available
GLM-4.7-Flash,Hidden-state shift,hidden_state_shift,9,0,early,-0.157991202346041,-0.0432551319648093,32,available
GLM-4.7-Flash,Hidden-state shift,hidden_state_shift,9,1,early,-0.3123167155425219,-0.0883431085043988,32,available
GLM-4.7-Flash,Hidden-state shift,hidden_state_shift,9,2,early,-0.2137096774193548,0.0117302052785923,32,available
GLM-4.7-Flash,Hidden-state shift,hidden_state_shift,9,3,early,-0.1733870967741935,0.0388563049853372,32,available
GLM-4.7-Flash,Hidden-state shift,hidden_state_shift,9,4,middle,-0.1843841642228739,0.0205278592375366,32,available
GLM-4.7-Flash,Hidden-state shift,hidden_state_shift,9,5,middle,-0.1521260997067448,0.0571847507331378,32,available
GLM-4.7-Flash,Hidden-state shift,hidden_state_shift,9,6,middle,-0.1315982404692082,0.0450879765395894,32,available
GLM-4.7-Flash,Hidden-state shift,hidden_state_shift,9,7,middle,-0.1715542521994134,0.0069648093841642,32,available
GLM-4.7-Flash,Hidden-state shift,hidden_state_shift,9,8,late,-0.1616568914956011,0.0883431085043988,32,available
GLM-4.7-Flash,Hidden-state shift,hidden_state_shift,9,9,late,-0.1704545454545454,0.0252932551319648,32,available
GLM-4.7-Flash,Hidden-state shift,hidden_state_shift,9,10,late,-0.1627565982404692,0.1557917888563049,32,available
GLM-4.7-Flash,Hidden-state shift,hidden_state_shift,9,11,late,-0.2294721407624632,0.0054985337243401,32,available
GLM-4.7-Flash,Hidden-state shift,hidden_state_shift,10,0,early,-0.189882697947214,-0.0813782991202346,32,available
GLM-4.7-Flash,Hidden-state shift,hidden_state_shift,10,1,early,-0.282258064516129,-0.0989736070381231,32,available
GLM-4.7-Flash,Hidden-state shift,hidden_state_shift,10,2,early,-0.2467008797653959,-0.0348240469208211,32,available
GLM-4.7-Flash,Hidden-state shift,hidden_state_shift,10,3,early,-0.1612903225806451,0.0417888563049853,32,available
GLM-4.7-Flash,Hidden-state shift,hidden_state_shift,10,4,middle,-0.2236070381231671,-0.0241935483870967,32,available
GLM-4.7-Flash,Hidden-state shift,hidden_state_shift,10,5,middle,-0.1983137829912023,0.0124633431085043,32,available
GLM-4.7-Flash,Hidden-state shift,hidden_state_shift,10,6,middle,-0.1774193548387096,-0.0120967741935483,32,available
GLM-4.7-Flash,Hidden-state shift,hidden_state_shift,10,7,middle,-0.1858504398826979,-0.0311583577712609,32,available
GLM-4.7-Flash,Hidden-state shift,hidden_state_shift,10,8,late,-0.2052785923753665,0.0223607038123167,32,available
GLM-4.7-Flash,Hidden-state shift,hidden_state_shift,10,9,late,-0.1609237536656891,0.0102639296187683,32,available
GLM-4.7-Flash,Hidden-state shift,hidden_state_shift,10,10,late,-0.158724340175953,0.0989736070381231,32,available
GLM-4.7-Flash,Hidden-state shift,hidden_state_shift,10,11,late,-0.2364369501466275,-0.0351906158357771,32,available
GLM-4.7-Flash,Hidden-state shift,hidden_state_shift,11,0,early,-0.1528592375366569,-0.0168621700879765,32,available
GLM-4.7-Flash,Hidden-state shift,hidden_state_shift,11,1,early,-0.2529325513196481,0.002199413489736,32,available
GLM-4.7-Flash,Hidden-state shift,hidden_state_shift,11,2,early,-0.2558651026392962,-0.0344574780058651,32,available
GLM-4.7-Flash,Hidden-state shift,hidden_state_shift,11,3,early,-0.1491935483870967,0.0832111436950146,32,available
GLM-4.7-Flash,Hidden-state shift,hidden_state_shift,11,4,middle,-0.2305718475073313,-0.0377565982404692,32,available
GLM-4.7-Flash,Hidden-state shift,hidden_state_shift,11,5,middle,-0.2045454545454545,0.002932551319648,32,available
GLM-4.7-Flash,Hidden-state shift,hidden_state_shift,11,6,middle,-0.12683284457478,0.0619501466275659,32,available
GLM-4.7-Flash,Hidden-state shift,hidden_state_shift,11,7,middle,-0.1546920821114369,0.0428885630498533,32,available
GLM-4.7-Flash,Hidden-state shift,hidden_state_shift,11,8,late,-0.189882697947214,0.0678152492668621,32,available
GLM-4.7-Flash,Hidden-state shift,hidden_state_shift,11,9,late,-0.1374633431085043,0.0615835777126099,32,available
GLM-4.7-Flash,Hidden-state shift,hidden_state_shift,11,10,late,-0.1755865102639296,0.1206011730205278,32,available
GLM-4.7-Flash,Hidden-state shift,hidden_state_shift,11,11,late,-0.2236070381231671,0.0058651026392961,32,available
GLM-4.7-Flash,Hidden-state shift,hidden_state_shift,12,0,early,-0.2580645161290322,-0.1151026392961876,32,available
GLM-4.7-Flash,Hidden-state shift,hidden_state_shift,12,1,early,-0.3401759530791788,-0.0989736070381231,32,available
GLM-4.7-Flash,Hidden-state shift,hidden_state_shift,12,2,early,-0.314516129032258,-0.1759530791788856,32,available
GLM-4.7-Flash,Hidden-state shift,hidden_state_shift,12,3,early,-0.2302052785923753,-0.0403225806451612,32,available
GLM-4.7-Flash,Hidden-state shift,hidden_state_shift,12,4,middle,-0.2961876832844574,-0.1356304985337243,32,available
GLM-4.7-Flash,Hidden-state shift,hidden_state_shift,12,5,middle,-0.283724340175953,-0.0861436950146627,32,available
GLM-4.7-Flash,Hidden-state shift,hidden_state_shift,12,6,middle,-0.1851173020527859,0.001466275659824,32,available
GLM-4.7-Flash,Hidden-state shift,hidden_state_shift,12,7,middle,-0.2093108504398826,-0.0751466275659824,32,available
GLM-4.7-Flash,Hidden-state shift,hidden_state_shift,12,8,late,-0.3097507331378298,-0.0872434017595307,32,available
GLM-4.7-Flash,Hidden-state shift,hidden_state_shift,12,9,late,-0.2437683284457477,-0.0725806451612903,32,available
GLM-4.7-Flash,Hidden-state shift,hidden_state_shift,12,10,late,-0.2624633431085044,0.000733137829912,32,available
GLM-4.7-Flash,Hidden-state shift,hidden_state_shift,12,11,late,-0.2917888563049853,-0.0934750733137829,32,available
GLM-4.7-Flash,Hidden-state shift,hidden_state_shift,13,0,early,-0.2012463343108504,-0.2243401759530791,32,available
GLM-4.7-Flash,Hidden-state shift,hidden_state_shift,13,1,early,-0.2232404692082111,-0.219208211143695,32,available
GLM-4.7-Flash,Hidden-state shift,hidden_state_shift,13,2,early,-0.2049120234604105,-0.2925219941348973,32,available
GLM-4.7-Flash,Hidden-state shift,hidden_state_shift,13,3,early,-0.0997067448680351,-0.1433284457478005,32,available
GLM-4.7-Flash,Hidden-state shift,hidden_state_shift,13,4,middle,-0.1330645161290322,-0.1484604105571847,32,available
GLM-4.7-Flash,Hidden-state shift,hidden_state_shift,13,5,middle,-0.1330645161290322,-0.1807184750733137,32,available
GLM-4.7-Flash,Hidden-state shift,hidden_state_shift,13,6,middle,-0.1917155425219941,-0.1953812316715542,32,available
GLM-4.7-Flash,Hidden-state shift,hidden_state_shift,13,7,middle,-0.1301319648093841,-0.1840175953079178,32,available
GLM-4.7-Flash,Hidden-state shift,hidden_state_shift,13,8,late,-0.2074780058651026,-0.2041788856304985,32,available
GLM-4.7-Flash,Hidden-state shift,hidden_state_shift,13,9,late,-0.2254398826979472,-0.2415689149560117,32,available
GLM-4.7-Flash,Hidden-state shift,hidden_state_shift,13,10,late,-0.0773460410557184,-0.0509530791788856,32,available
GLM-4.7-Flash,Hidden-state shift,hidden_state_shift,13,11,late,-0.2250733137829911,-0.2089442815249266,32,available
GLM-4.7-Flash,Hidden-state shift,hidden_state_shift,14,0,early,-0.1682551319648093,-0.2060117302052785,32,available
GLM-4.7-Flash,Hidden-state shift,hidden_state_shift,14,1,early,-0.1704545454545454,-0.2448680351906158,32,available
GLM-4.7-Flash,Hidden-state shift,hidden_state_shift,14,2,early,-0.2082111436950146,-0.2914222873900293,32,available
GLM-4.7-Flash,Hidden-state shift,hidden_state_shift,14,3,early,-0.0912756598240469,-0.1528592375366569,32,available
GLM-4.7-Flash,Hidden-state shift,hidden_state_shift,14,4,middle,-0.1209677419354838,-0.1678885630498533,32,available
GLM-4.7-Flash,Hidden-state shift,hidden_state_shift,14,5,middle,-0.1129032258064516,-0.1972140762463343,32,available
GLM-4.7-Flash,Hidden-state shift,hidden_state_shift,14,6,middle,-0.1770527859237536,-0.2060117302052785,32,available
GLM-4.7-Flash,Hidden-state shift,hidden_state_shift,14,7,middle,-0.1169354838709677,-0.2012463343108504,32,available
GLM-4.7-Flash,Hidden-state shift,hidden_state_shift,14,8,late,-0.19024926686217,-0.1975806451612903,32,available
GLM-4.7-Flash,Hidden-state shift,hidden_state_shift,14,9,late,-0.1869501466275659,-0.2236070381231671,32,available
GLM-4.7-Flash,Hidden-state shift,hidden_state_shift,14,10,late,-0.0586510263929618,-0.0575513196480938,32,available
GLM-4.7-Flash,Hidden-state shift,hidden_state_shift,14,11,late,-0.19024926686217,-0.190615835777126,32,available
GLM-4.7-Flash,Hidden-state shift,hidden_state_shift,15,0,early,-0.1433284457478005,-0.2104105571847507,32,available
GLM-4.7-Flash,Hidden-state shift,hidden_state_shift,15,1,early,-0.1506598240469208,-0.2569648093841642,32,available
GLM-4.7-Flash,Hidden-state shift,hidden_state_shift,15,2,early,-0.1939149560117301,-0.3401759530791788,32,available
GLM-4.7-Flash,Hidden-state shift,hidden_state_shift,15,3,early,-0.0890762463343108,-0.1931818181818181,32,available
GLM-4.7-Flash,Hidden-state shift,hidden_state_shift,15,4,middle,-0.1096041055718475,-0.1994134897360703,32,available
GLM-4.7-Flash,Hidden-state shift,hidden_state_shift,15,5,middle,-0.1132697947214076,-0.2012463343108504,32,available
GLM-4.7-Flash,Hidden-state shift,hidden_state_shift,15,6,middle,-0.1803519061583577,-0.2423020527859237,32,available
GLM-4.7-Flash,Hidden-state shift,hidden_state_shift,15,7,middle,-0.1147360703812316,-0.2320381231671554,32,available
GLM-4.7-Flash,Hidden-state shift,hidden_state_shift,15,8,late,-0.1766862170087976,-0.2357038123167155,32,available
GLM-4.7-Flash,Hidden-state shift,hidden_state_shift,15,9,late,-0.188782991202346,-0.2551319648093841,32,available
GLM-4.7-Flash,Hidden-state shift,hidden_state_shift,15,10,late,-0.0502199413489736,-0.0883431085043988,32,available
GLM-4.7-Flash,Hidden-state shift,hidden_state_shift,15,11,late,-0.1704545454545454,-0.2082111436950146,32,available
GLM-4.7-Flash,Hidden-state shift,hidden_state_shift,16,0,early,-0.1008064516129032,-0.2049120234604105,32,available
GLM-4.7-Flash,Hidden-state shift,hidden_state_shift,16,1,early,-0.0887096774193548,-0.2302052785923753,32,available
GLM-4.7-Flash,Hidden-state shift,hidden_state_shift,16,2,early,-0.1480938416422287,-0.3236803519061583,32,available
GLM-4.7-Flash,Hidden-state shift,hidden_state_shift,16,3,early,-0.0476539589442815,-0.2008797653958944,32,available
GLM-4.7-Flash,Hidden-state shift,hidden_state_shift,16,4,middle,-0.06341642228739,-0.1763196480938416,32,available
GLM-4.7-Flash,Hidden-state shift,hidden_state_shift,16,5,middle,-0.0758797653958944,-0.190982404692082,32,available
GLM-4.7-Flash,Hidden-state shift,hidden_state_shift,16,6,middle,-0.1389296187683284,-0.2254398826979472,32,available
GLM-4.7-Flash,Hidden-state shift,hidden_state_shift,16,7,middle,-0.0678152492668621,-0.2008797653958944,32,available
GLM-4.7-Flash,Hidden-state shift,hidden_state_shift,16,8,late,-0.1396627565982404,-0.2100439882697947,32,available
GLM-4.7-Flash,Hidden-state shift,hidden_state_shift,16,9,late,-0.157258064516129,-0.2441348973607038,32,available
GLM-4.7-Flash,Hidden-state shift,hidden_state_shift,16,10,late,0.0040322580645161,-0.0667155425219941,32,available
GLM-4.7-Flash,Hidden-state shift,hidden_state_shift,16,11,late,-0.1228005865102639,-0.190615835777126,32,available
GLM-4.7-Flash,Hidden-state shift,hidden_state_shift,17,0,early,-0.1015395894428152,-0.2144428152492668,32,available
GLM-4.7-Flash,Hidden-state shift,hidden_state_shift,17,1,early,-0.0304252199413489,-0.1722873900293255,32,available
GLM-4.7-Flash,Hidden-state shift,hidden_state_shift,17,2,early,-0.1059384164222873,-0.3225806451612903,32,available
GLM-4.7-Flash,Hidden-state shift,hidden_state_shift,17,3,early,-0.0300586510263929,-0.2148093841642228,32,available
GLM-4.7-Flash,Hidden-state shift,hidden_state_shift,17,4,middle,-0.0689149560117302,-0.2107771260997067,32,available
GLM-4.7-Flash,Hidden-state shift,hidden_state_shift,17,5,middle,-0.0601173020527859,-0.2001466275659824,32,available
GLM-4.7-Flash,Hidden-state shift,hidden_state_shift,17,6,middle,-0.1297653958944281,-0.222140762463343,32,available
GLM-4.7-Flash,Hidden-state shift,hidden_state_shift,17,7,middle,-0.0623167155425219,-0.2305718475073313,32,available
GLM-4.7-Flash,Hidden-state shift,hidden_state_shift,17,8,late,-0.1011730205278592,-0.2470674486803519,32,available
GLM-4.7-Flash,Hidden-state shift,hidden_state_shift,17,9,late,-0.1557917888563049,-0.282258064516129,32,available
GLM-4.7-Flash,Hidden-state shift,hidden_state_shift,17,10,late,0.0454545454545454,-0.0824780058651026,32,available
GLM-4.7-Flash,Hidden-state shift,hidden_state_shift,17,11,late,-0.0879765395894428,-0.2038123167155424,32,available
GLM-4.7-Flash,Hidden-state shift,hidden_state_shift,18,0,early,-0.0879765395894428,-0.2225073313782991,32,available
GLM-4.7-Flash,Hidden-state shift,hidden_state_shift,18,1,early,0.0201612903225806,-0.1392961876832844,32,available
GLM-4.7-Flash,Hidden-state shift,hidden_state_shift,18,2,early,-0.0685483870967741,-0.2961876832844574,32,available
GLM-4.7-Flash,Hidden-state shift,hidden_state_shift,18,3,early,0.0142961876832844,-0.1755865102639296,32,available
GLM-4.7-Flash,Hidden-state shift,hidden_state_shift,18,4,middle,-0.0304252199413489,-0.1799853372434017,32,available
GLM-4.7-Flash,Hidden-state shift,hidden_state_shift,18,5,middle,-0.0223607038123167,-0.1744868035190615,32,available
GLM-4.7-Flash,Hidden-state shift,hidden_state_shift,18,6,middle,-0.1096041055718475,-0.2188416422287389,32,available
GLM-4.7-Flash,Hidden-state shift,hidden_state_shift,18,7,middle,-0.0403225806451612,-0.2371700879765395,32,available
GLM-4.7-Flash,Hidden-state shift,hidden_state_shift,18,8,late,-0.0692815249266862,-0.2562316715542522,32,available
GLM-4.7-Flash,Hidden-state shift,hidden_state_shift,18,9,late,-0.1348973607038123,-0.2939882697947213,32,available
GLM-4.7-Flash,Hidden-state shift,hidden_state_shift,18,10,late,0.096774193548387,-0.0538856304985337,32,available
GLM-4.7-Flash,Hidden-state shift,hidden_state_shift,18,11,late,-0.0509530791788856,-0.1686217008797653,32,available
GLM-4.7-Flash,Hidden-state shift,hidden_state_shift,19,0,early,-0.1004398826979472,-0.1979472140762463,32,available
GLM-4.7-Flash,Hidden-state shift,hidden_state_shift,19,1,early,0.0201612903225806,-0.159090909090909,32,available
GLM-4.7-Flash,Hidden-state shift,hidden_state_shift,19,2,early,-0.0931085043988269,-0.3368768328445747,32,available
GLM-4.7-Flash,Hidden-state shift,hidden_state_shift,19,3,early,-0.000366568914956,-0.1719208211143695,32,available
GLM-4.7-Flash,Hidden-state shift,hidden_state_shift,19,4,middle,-0.0527859237536656,-0.219208211143695,32,available
GLM-4.7-Flash,Hidden-state shift,hidden_state_shift,19,5,middle,-0.0480205278592375,-0.2093108504398826,32,available
GLM-4.7-Flash,Hidden-state shift,hidden_state_shift,19,6,middle,-0.1044721407624633,-0.219574780058651,32,available
GLM-4.7-Flash,Hidden-state shift,hidden_state_shift,19,7,middle,-0.063049853372434,-0.251099706744868,32,available
GLM-4.7-Flash,Hidden-state shift,hidden_state_shift,19,8,late,-0.0850439882697947,-0.2543988269794721,32,available
GLM-4.7-Flash,Hidden-state shift,hidden_state_shift,19,9,late,-0.156891495601173,-0.2716275659824047,32,available
GLM-4.7-Flash,Hidden-state shift,hidden_state_shift,19,10,late,0.0835777126099706,-0.0538856304985337,32,available
GLM-4.7-Flash,Hidden-state shift,hidden_state_shift,19,11,late,-0.0846774193548387,-0.1862170087976539,32,available
GLM-4.7-Flash,Hidden-state shift,hidden_state_shift,20,0,early,-0.0366568914956011,-0.219574780058651,32,available
GLM-4.7-Flash,Hidden-state shift,hidden_state_shift,20,1,early,0.0740469208211143,-0.1048387096774193,32,available
GLM-4.7-Flash,Hidden-state shift,hidden_state_shift,20,2,early,-0.0502199413489736,-0.2958211143695014,32,available
GLM-4.7-Flash,Hidden-state shift,hidden_state_shift,20,3,early,0.0586510263929618,-0.1623900293255131,32,available
GLM-4.7-Flash,Hidden-state shift,hidden_state_shift,20,4,middle,-0.0043988269794721,-0.188049853372434,32,available
GLM-4.7-Flash,Hidden-state shift,hidden_state_shift,20,5,middle,0.0146627565982404,-0.1953812316715542,32,available
GLM-4.7-Flash,Hidden-state shift,hidden_state_shift,20,6,middle,-0.0696480938416422,-0.2089442815249266,32,available
GLM-4.7-Flash,Hidden-state shift,hidden_state_shift,20,7,middle,0.001466275659824,-0.2155425219941348,32,available
GLM-4.7-Flash,Hidden-state shift,hidden_state_shift,20,8,late,-0.0348240469208211,-0.2184750733137829,32,available
GLM-4.7-Flash,Hidden-state shift,hidden_state_shift,20,9,late,-0.096041055718475,-0.2675953079178885,32,available
GLM-4.7-Flash,Hidden-state shift,hidden_state_shift,20,10,late,0.1374633431085043,-0.0366568914956011,32,available
GLM-4.7-Flash,Hidden-state shift,hidden_state_shift,20,11,late,-0.0373900293255131,-0.1620234604105571,32,available
GLM-4.7-Flash,Hidden-state shift,hidden_state_shift,21,0,early,-0.0469208211143695,-0.1964809384164222,32,available
GLM-4.7-Flash,Hidden-state shift,hidden_state_shift,21,1,early,0.0839442815249266,-0.1176686217008797,32,available
GLM-4.7-Flash,Hidden-state shift,hidden_state_shift,21,2,early,-0.0491202346041055,-0.2983870967741935,32,available
GLM-4.7-Flash,Hidden-state shift,hidden_state_shift,21,3,early,0.0593841642228738,-0.1598240469208211,32,available
GLM-4.7-Flash,Hidden-state shift,hidden_state_shift,21,4,middle,-0.0080645161290322,-0.1986803519061583,32,available
GLM-4.7-Flash,Hidden-state shift,hidden_state_shift,21,5,middle,0.000366568914956,-0.1869501466275659,32,available
GLM-4.7-Flash,Hidden-state shift,hidden_state_shift,21,6,middle,-0.0780791788856304,-0.2063782991202346,32,available
GLM-4.7-Flash,Hidden-state shift,hidden_state_shift,21,7,middle,-0.0197947214076246,-0.2320381231671554,32,available
GLM-4.7-Flash,Hidden-state shift,hidden_state_shift,21,8,late,-0.0289589442815249,-0.2327712609970674,32,available
GLM-4.7-Flash,Hidden-state shift,hidden_state_shift,21,9,late,-0.1125366568914955,-0.2657624633431085,32,available
GLM-4.7-Flash,Hidden-state shift,hidden_state_shift,21,10,late,0.1616568914956011,-0.0450879765395894,32,available
GLM-4.7-Flash,Hidden-state shift,hidden_state_shift,21,11,late,-0.0238269794721407,-0.1506598240469208,32,available
GLM-4.7-Flash,Hidden-state shift,hidden_state_shift,22,0,early,-0.0175953079178885,-0.2258064516129032,32,available
GLM-4.7-Flash,Hidden-state shift,hidden_state_shift,22,1,early,0.1565249266862169,-0.1096041055718475,32,available
GLM-4.7-Flash,Hidden-state shift,hidden_state_shift,22,2,early,0.0095307917888563,-0.2657624633431085,32,available
GLM-4.7-Flash,Hidden-state shift,hidden_state_shift,22,3,early,0.1059384164222873,-0.1491935483870967,32,available
GLM-4.7-Flash,Hidden-state shift,hidden_state_shift,22,4,middle,0.0498533724340175,-0.1741202346041055,32,available
GLM-4.7-Flash,Hidden-state shift,hidden_state_shift,22,5,middle,0.0439882697947214,-0.1774193548387096,32,available
GLM-4.7-Flash,Hidden-state shift,hidden_state_shift,22,6,middle,-0.0164956011730205,-0.2052785923753665,32,available
GLM-4.7-Flash,Hidden-state shift,hidden_state_shift,22,7,middle,0.0403225806451612,-0.220307917888563,32,available
GLM-4.7-Flash,Hidden-state shift,hidden_state_shift,22,8,late,0.0197947214076246,-0.2100439882697947,32,available
GLM-4.7-Flash,Hidden-state shift,hidden_state_shift,22,9,late,-0.0619501466275659,-0.2584310850439882,32,available
GLM-4.7-Flash,Hidden-state shift,hidden_state_shift,22,10,late,0.2060117302052785,-0.0223607038123167,32,available
GLM-4.7-Flash,Hidden-state shift,hidden_state_shift,22,11,late,0.0234604105571847,-0.1436950146627565,32,available
GLM-4.7-Flash,Hidden-state shift,hidden_state_shift,23,0,early,-0.0157624633431085,-0.2104105571847507,32,available
GLM-4.7-Flash,Hidden-state shift,hidden_state_shift,23,1,early,0.1359970674486803,-0.1348973607038123,32,available
GLM-4.7-Flash,Hidden-state shift,hidden_state_shift,23,2,early,-0.0051319648093841,-0.2675953079178885,32,available
GLM-4.7-Flash,Hidden-state shift,hidden_state_shift,23,3,early,0.1202346041055718,-0.1330645161290322,32,available
GLM-4.7-Flash,Hidden-state shift,hidden_state_shift,23,4,middle,0.0491202346041055,-0.1499266862170088,32,available
GLM-4.7-Flash,Hidden-state shift,hidden_state_shift,23,5,middle,0.033357771260997,-0.1704545454545454,32,available
GLM-4.7-Flash,Hidden-state shift,hidden_state_shift,23,6,middle,-0.0461876832844574,-0.2232404692082111,32,available
GLM-4.7-Flash,Hidden-state shift,hidden_state_shift,23,7,middle,0.0293255131964809,-0.2067448680351906,32,available
GLM-4.7-Flash,Hidden-state shift,hidden_state_shift,23,8,late,0.0150293255131964,-0.2067448680351906,32,available
GLM-4.7-Flash,Hidden-state shift,hidden_state_shift,23,9,late,-0.0883431085043988,-0.2554985337243401,32,available
GLM-4.7-Flash,Hidden-state shift,hidden_state_shift,23,10,late,0.2111436950146627,0.001466275659824,32,available
GLM-4.7-Flash,Hidden-state shift,hidden_state_shift,23,11,late,0.0128299120234604,-0.1235337243401759,32,available
GLM-4.7-Flash,Hidden-state shift,hidden_state_shift,24,0,early,-0.0472873900293255,-0.2309384164222873,32,available
GLM-4.7-Flash,Hidden-state shift,hidden_state_shift,24,1,early,0.1308651026392961,-0.1059384164222873,32,available
GLM-4.7-Flash,Hidden-state shift,hidden_state_shift,24,2,early,0.0190615835777126,-0.2382697947214076,32,available
GLM-4.7-Flash,Hidden-state shift,hidden_state_shift,24,3,early,0.1480938416422287,-0.096041055718475,32,available
GLM-4.7-Flash,Hidden-state shift,hidden_state_shift,24,4,middle,0.0711143695014662,-0.1246334310850439,32,available
GLM-4.7-Flash,Hidden-state shift,hidden_state_shift,24,5,middle,0.0546187683284457,-0.1348973607038123,32,available
GLM-4.7-Flash,Hidden-state shift,hidden_state_shift,24,6,middle,-0.0494868035190615,-0.2030791788856304,32,available
GLM-4.7-Flash,Hidden-state shift,hidden_state_shift,24,7,middle,0.0502199413489736,-0.1722873900293255,32,available
GLM-4.7-Flash,Hidden-state shift,hidden_state_shift,24,8,late,0.034090909090909,-0.1818181818181818,32,available
GLM-4.7-Flash,Hidden-state shift,hidden_state_shift,24,9,late,-0.0740469208211143,-0.2456011730205278,32,available
GLM-4.7-Flash,Hidden-state shift,hidden_state_shift,24,10,late,0.2467008797653959,0.0355571847507331,32,available
GLM-4.7-Flash,Hidden-state shift,hidden_state_shift,24,11,late,0.0278592375366568,-0.1103372434017595,32,available
GLM-4.7-Flash,Hidden-state shift,hidden_state_shift,25,0,early,-0.0362903225806451,-0.2115102639296187,32,available
GLM-4.7-Flash,Hidden-state shift,hidden_state_shift,25,1,early,0.1279325513196481,-0.1121700879765395,32,available
GLM-4.7-Flash,Hidden-state shift,hidden_state_shift,25,2,early,0.0263929618768328,-0.2437683284457477,32,available
GLM-4.7-Flash,Hidden-state shift,hidden_state_shift,25,3,early,0.1693548387096774,-0.0916422287390029,32,available
GLM-4.7-Flash,Hidden-state shift,hidden_state_shift,25,4,middle,0.0872434017595307,-0.1147360703812316,32,available
GLM-4.7-Flash,Hidden-state shift,hidden_state_shift,25,5,middle,0.0579178885630498,-0.1535923753665689,32,available
GLM-4.7-Flash,Hidden-state shift,hidden_state_shift,25,6,middle,-0.0388563049853372,-0.1983137829912023,32,available
GLM-4.7-Flash,Hidden-state shift,hidden_state_shift,25,7,middle,0.063782991202346,-0.1704545454545454,32,available
GLM-4.7-Flash,Hidden-state shift,hidden_state_shift,25,8,late,0.0256598240469208,-0.1942815249266862,32,available
GLM-4.7-Flash,Hidden-state shift,hidden_state_shift,25,9,late,-0.0575513196480938,-0.2291055718475072,32,available
GLM-4.7-Flash,Hidden-state shift,hidden_state_shift,25,10,late,0.2349706744868035,0.0190615835777126,32,available
GLM-4.7-Flash,Hidden-state shift,hidden_state_shift,25,11,late,0.0263929618768328,-0.125733137829912,32,available
GLM-4.7-Flash,Hidden-state shift,hidden_state_shift,26,0,early,-0.0659824046920821,-0.2316715542521994,32,available
GLM-4.7-Flash,Hidden-state shift,hidden_state_shift,26,1,early,0.0986070381231671,-0.1107038123167155,32,available
GLM-4.7-Flash,Hidden-state shift,hidden_state_shift,26,2,early,0.0047653958944281,-0.2489002932551319,32,available
GLM-4.7-Flash,Hidden-state shift,hidden_state_shift,26,3,early,0.127199413489736,-0.0744134897360703,32,available
GLM-4.7-Flash,Hidden-state shift,hidden_state_shift,26,4,middle,0.0458211143695014,-0.1008064516129032,32,available
GLM-4.7-Flash,Hidden-state shift,hidden_state_shift,26,5,middle,0.0040322580645161,-0.1792521994134897,32,available
GLM-4.7-Flash,Hidden-state shift,hidden_state_shift,26,6,middle,-0.0597507331378299,-0.2074780058651026,32,available
GLM-4.7-Flash,Hidden-state shift,hidden_state_shift,26,7,middle,0.0289589442815249,-0.1693548387096774,32,available
GLM-4.7-Flash,Hidden-state shift,hidden_state_shift,26,8,late,0.0128299120234604,-0.1774193548387096,32,available
GLM-4.7-Flash,Hidden-state shift,hidden_state_shift,26,9,late,-0.0828445747800586,-0.2360703812316715,32,available
GLM-4.7-Flash,Hidden-state shift,hidden_state_shift,26,10,late,0.1986803519061583,0.0307917888563049,32,available
GLM-4.7-Flash,Hidden-state shift,hidden_state_shift,26,11,late,0.0084310850439882,-0.127565982404692,32,available
GLM-4.7-Flash,Hidden-state shift,hidden_state_shift,27,0,early,-0.1242668621700879,-0.2657624633431085,32,available
GLM-4.7-Flash,Hidden-state shift,hidden_state_shift,27,1,early,0.0527859237536656,-0.128299120234604,32,available
GLM-4.7-Flash,Hidden-state shift,hidden_state_shift,27,2,early,-0.0252932551319648,-0.2606304985337243,32,available
GLM-4.7-Flash,Hidden-state shift,hidden_state_shift,27,3,early,0.095307917888563,-0.0978739002932551,32,available
GLM-4.7-Flash,Hidden-state shift,hidden_state_shift,27,4,middle,0.0142961876832844,-0.1411290322580645,32,available
GLM-4.7-Flash,Hidden-state shift,hidden_state_shift,27,5,middle,-0.0403225806451612,-0.2181085043988269,32,available
GLM-4.7-Flash,Hidden-state shift,hidden_state_shift,27,6,middle,-0.1059384164222873,-0.2272727272727272,32,available
GLM-4.7-Flash,Hidden-state shift,hidden_state_shift,27,7,middle,0.000366568914956,-0.2151759530791788,32,available
GLM-4.7-Flash,Hidden-state shift,hidden_state_shift,27,8,late,-0.0186950146627565,-0.2045454545454545,32,available
GLM-4.7-Flash,Hidden-state shift,hidden_state_shift,27,9,late,-0.1085043988269794,-0.2298387096774193,32,available
GLM-4.7-Flash,Hidden-state shift,hidden_state_shift,27,10,late,0.1785190615835777,0.0084310850439882,32,available
GLM-4.7-Flash,Hidden-state shift,hidden_state_shift,27,11,late,-0.0106304985337243,-0.1235337243401759,32,available
GLM-4.7-Flash,Hidden-state shift,hidden_state_shift,28,0,early,-0.1217008797653958,-0.2690615835777126,32,available
GLM-4.7-Flash,Hidden-state shift,hidden_state_shift,28,1,early,0.0799120234604105,-0.1198680351906158,32,available
GLM-4.7-Flash,Hidden-state shift,hidden_state_shift,28,2,early,-0.000733137829912,-0.2049120234604105,32,available
GLM-4.7-Flash,Hidden-state shift,hidden_state_shift,28,3,early,0.1085043988269794,-0.0553519061583577,32,available
GLM-4.7-Flash,Hidden-state shift,hidden_state_shift,28,4,middle,0.0527859237536656,-0.0934750733137829,32,available
GLM-4.7-Flash,Hidden-state shift,hidden_state_shift,28,5,middle,-0.0483870967741935,-0.2100439882697947,32,available
GLM-4.7-Flash,Hidden-state shift,hidden_state_shift,28,6,middle,-0.0509530791788856,-0.2129765395894428,32,available
GLM-4.7-Flash,Hidden-state shift,hidden_state_shift,28,7,middle,0.0377565982404692,-0.1561583577712609,32,available
GLM-4.7-Flash,Hidden-state shift,hidden_state_shift,28,8,late,0.0120967741935483,-0.1506598240469208,32,available
GLM-4.7-Flash,Hidden-state shift,hidden_state_shift,28,9,late,-0.0872434017595307,-0.2093108504398826,32,available
GLM-4.7-Flash,Hidden-state shift,hidden_state_shift,28,10,late,0.1781524926686216,0.0421554252199413,32,available
GLM-4.7-Flash,Hidden-state shift,hidden_state_shift,28,11,late,0.0095307917888563,-0.1198680351906158,32,available
GLM-4.7-Flash,Hidden-state shift,hidden_state_shift,29,0,early,-0.1363636363636363,-0.2910557184750733,32,available
GLM-4.7-Flash,Hidden-state shift,hidden_state_shift,29,1,early,0.0366568914956011,-0.1326979472140762,32,available
GLM-4.7-Flash,Hidden-state shift,hidden_state_shift,29,2,early,-0.0267595307917888,-0.1777859237536656,32,available
GLM-4.7-Flash,Hidden-state shift,hidden_state_shift,29,3,early,0.0733137829912023,-0.0590175953079178,32,available
GLM-4.7-Flash,Hidden-state shift,hidden_state_shift,29,4,middle,0.0175953079178885,-0.1030058651026392,32,available
GLM-4.7-Flash,Hidden-state shift,hidden_state_shift,29,5,middle,-0.0813782991202346,-0.2148093841642228,32,available
GLM-4.7-Flash,Hidden-state shift,hidden_state_shift,29,6,middle,-0.0777126099706744,-0.2133431085043988,32,available
GLM-4.7-Flash,Hidden-state shift,hidden_state_shift,29,7,middle,0.0091642228739002,-0.1741202346041055,32,available
GLM-4.7-Flash,Hidden-state shift,hidden_state_shift,29,8,late,-0.0062316715542521,-0.1378299120234604,32,available
GLM-4.7-Flash,Hidden-state shift,hidden_state_shift,29,9,late,-0.1195014662756598,-0.2162756598240469,32,available
GLM-4.7-Flash,Hidden-state shift,hidden_state_shift,29,10,late,0.1444281524926686,0.0465542521994134,32,available
GLM-4.7-Flash,Hidden-state shift,hidden_state_shift,29,11,late,-0.0201612903225806,-0.1162023460410556,32,available
GLM-4.7-Flash,Hidden-state shift,hidden_state_shift,30,0,early,-0.1290322580645161,-0.2756598240469208,32,available
GLM-4.7-Flash,Hidden-state shift,hidden_state_shift,30,1,early,0.0406891495601173,-0.127565982404692,32,available
GLM-4.7-Flash,Hidden-state shift,hidden_state_shift,30,2,early,-0.0388563049853372,-0.188782991202346,32,available
GLM-4.7-Flash,Hidden-state shift,hidden_state_shift,30,3,early,0.0579178885630498,-0.0762463343108504,32,available
GLM-4.7-Flash,Hidden-state shift,hidden_state_shift,30,4,middle,0.0124633431085043,-0.1151026392961876,32,available
GLM-4.7-Flash,Hidden-state shift,hidden_state_shift,30,5,middle,-0.0989736070381231,-0.2111436950146627,32,available
GLM-4.7-Flash,Hidden-state shift,hidden_state_shift,30,6,middle,-0.0905425219941348,-0.2023460410557184,32,available
GLM-4.7-Flash,Hidden-state shift,hidden_state_shift,30,7,middle,-0.0278592375366568,-0.1708211143695014,32,available
GLM-4.7-Flash,Hidden-state shift,hidden_state_shift,30,8,late,-0.0117302052785923,-0.1352639296187683,32,available
GLM-4.7-Flash,Hidden-state shift,hidden_state_shift,30,9,late,-0.1528592375366569,-0.220307917888563,32,available
GLM-4.7-Flash,Hidden-state shift,hidden_state_shift,30,10,late,0.1381964809384163,0.0513196480938416,32,available
GLM-4.7-Flash,Hidden-state shift,hidden_state_shift,30,11,late,-0.0557184750733137,-0.1304985337243401,32,available
GLM-4.7-Flash,Hidden-state shift,hidden_state_shift,31,0,early,-0.1059384164222873,-0.2672287390029325,32,available
GLM-4.7-Flash,Hidden-state shift,hidden_state_shift,31,1,early,0.0736803519061583,-0.1048387096774193,32,available
GLM-4.7-Flash,Hidden-state shift,hidden_state_shift,31,2,early,0.0223607038123167,-0.1499266862170088,32,available
GLM-4.7-Flash,Hidden-state shift,hidden_state_shift,31,3,early,0.0890762463343108,-0.0439882697947214,32,available
GLM-4.7-Flash,Hidden-state shift,hidden_state_shift,31,4,middle,0.0516862170087976,-0.1041055718475073,32,available
GLM-4.7-Flash,Hidden-state shift,hidden_state_shift,31,5,middle,-0.0601173020527859,-0.19024926686217,32,available
GLM-4.7-Flash,Hidden-state shift,hidden_state_shift,31,6,middle,-0.0454545454545454,-0.1697214076246334,32,available
GLM-4.7-Flash,Hidden-state shift,hidden_state_shift,31,7,middle,0.0208944281524926,-0.1506598240469208,32,available
GLM-4.7-Flash,Hidden-state shift,hidden_state_shift,31,8,late,0.0575513196480938,-0.094208211143695,32,available
GLM-4.7-Flash,Hidden-state shift,hidden_state_shift,31,9,late,-0.1074046920821114,-0.189516129032258,32,available
GLM-4.7-Flash,Hidden-state shift,hidden_state_shift,31,10,late,0.1759530791788856,0.0725806451612903,32,available
GLM-4.7-Flash,Hidden-state shift,hidden_state_shift,31,11,late,0.0,-0.1066715542521994,32,available
GLM-4.7-Flash,Hidden-state shift,hidden_state_shift,32,0,early,-0.1176686217008797,-0.2969208211143695,32,available
GLM-4.7-Flash,Hidden-state shift,hidden_state_shift,32,1,early,0.0894428152492668,-0.127565982404692,32,available
GLM-4.7-Flash,Hidden-state shift,hidden_state_shift,32,2,early,0.0458211143695014,-0.1209677419354838,32,available
GLM-4.7-Flash,Hidden-state shift,hidden_state_shift,32,3,early,0.1143695014662756,-0.0571847507331378,32,available
GLM-4.7-Flash,Hidden-state shift,hidden_state_shift,32,4,middle,0.0692815249266862,-0.0817448680351906,32,available
GLM-4.7-Flash,Hidden-state shift,hidden_state_shift,32,5,middle,-0.0432551319648093,-0.2016129032258064,32,available
GLM-4.7-Flash,Hidden-state shift,hidden_state_shift,32,6,middle,-0.0256598240469208,-0.1689882697947214,32,available
GLM-4.7-Flash,Hidden-state shift,hidden_state_shift,32,7,middle,0.0487536656891495,-0.1308651026392961,32,available
GLM-4.7-Flash,Hidden-state shift,hidden_state_shift,32,8,late,0.0527859237536656,-0.0663489736070381,32,available
GLM-4.7-Flash,Hidden-state shift,hidden_state_shift,32,9,late,-0.0843108504398826,-0.1825513196480938,32,available
GLM-4.7-Flash,Hidden-state shift,hidden_state_shift,32,10,late,0.1759530791788856,0.0557184750733137,32,available
GLM-4.7-Flash,Hidden-state shift,hidden_state_shift,32,11,late,0.0208944281524926,-0.1121700879765395,32,available
GLM-4.7-Flash,Hidden-state shift,hidden_state_shift,33,0,early,-0.1246334310850439,-0.3024193548387097,32,available
GLM-4.7-Flash,Hidden-state shift,hidden_state_shift,33,1,early,0.0872434017595307,-0.1169354838709677,32,available
GLM-4.7-Flash,Hidden-state shift,hidden_state_shift,33,2,early,0.0381231671554252,-0.1217008797653958,32,available
GLM-4.7-Flash,Hidden-state shift,hidden_state_shift,33,3,early,0.0997067448680351,-0.0604838709677419,32,available
GLM-4.7-Flash,Hidden-state shift,hidden_state_shift,33,4,middle,0.0597507331378299,-0.1136363636363636,32,available
GLM-4.7-Flash,Hidden-state shift,hidden_state_shift,33,5,middle,-0.0205278592375366,-0.2030791788856304,32,available
GLM-4.7-Flash,Hidden-state shift,hidden_state_shift,33,6,middle,-0.034090909090909,-0.1616568914956011,32,available
GLM-4.7-Flash,Hidden-state shift,hidden_state_shift,33,7,middle,0.0351906158357771,-0.1484604105571847,32,available
GLM-4.7-Flash,Hidden-state shift,hidden_state_shift,33,8,late,0.0667155425219941,-0.0432551319648093,32,available
GLM-4.7-Flash,Hidden-state shift,hidden_state_shift,33,9,late,-0.0894428152492668,-0.1788856304985337,32,available
GLM-4.7-Flash,Hidden-state shift,hidden_state_shift,33,10,late,0.1671554252199413,0.0593841642228738,32,available
GLM-4.7-Flash,Hidden-state shift,hidden_state_shift,33,11,late,0.0146627565982404,-0.1121700879765395,32,available
GLM-4.7-Flash,Hidden-state shift,hidden_state_shift,34,0,early,-0.1502932551319648,-0.2961876832844574,32,available
GLM-4.7-Flash,Hidden-state shift,hidden_state_shift,34,1,early,0.0535190615835777,-0.0901759530791788,32,available
GLM-4.7-Flash,Hidden-state shift,hidden_state_shift,34,2,early,0.0197947214076246,-0.1209677419354838,32,available
GLM-4.7-Flash,Hidden-state shift,hidden_state_shift,34,3,early,0.0582844574780058,-0.0623167155425219,32,available
GLM-4.7-Flash,Hidden-state shift,hidden_state_shift,34,4,middle,0.0164956011730205,-0.1151026392961876,32,available
GLM-4.7-Flash,Hidden-state shift,hidden_state_shift,34,5,middle,-0.0465542521994134,-0.189882697947214,32,available
GLM-4.7-Flash,Hidden-state shift,hidden_state_shift,34,6,middle,-0.0476539589442815,-0.1400293255131964,32,available
GLM-4.7-Flash,Hidden-state shift,hidden_state_shift,34,7,middle,-0.000733137829912,-0.1447947214076246,32,available
GLM-4.7-Flash,Hidden-state shift,hidden_state_shift,34,8,late,0.0311583577712609,-0.0667155425219941,32,available
GLM-4.7-Flash,Hidden-state shift,hidden_state_shift,34,9,late,-0.1315982404692082,-0.190615835777126,32,available
GLM-4.7-Flash,Hidden-state shift,hidden_state_shift,34,10,late,0.1242668621700879,0.0601173020527859,32,available
GLM-4.7-Flash,Hidden-state shift,hidden_state_shift,34,11,late,-0.0230938416422287,-0.1151026392961876,32,available
GLM-4.7-Flash,Hidden-state shift,hidden_state_shift,35,0,early,-0.1502932551319648,-0.249633431085044,32,available
GLM-4.7-Flash,Hidden-state shift,hidden_state_shift,35,1,early,0.033357771260997,-0.1140029325513196,32,available
GLM-4.7-Flash,Hidden-state shift,hidden_state_shift,35,2,early,-0.0047653958944281,-0.1359970674486803,32,available
GLM-4.7-Flash,Hidden-state shift,hidden_state_shift,35,3,early,0.0667155425219941,-0.0469208211143695,32,available
GLM-4.7-Flash,Hidden-state shift,hidden_state_shift,35,4,middle,0.0120967741935483,-0.1286656891495601,32,available
GLM-4.7-Flash,Hidden-state shift,hidden_state_shift,35,5,middle,-0.06341642228739,-0.1964809384164222,32,available
GLM-4.7-Flash,Hidden-state shift,hidden_state_shift,35,6,middle,-0.0802785923753665,-0.1543255131964809,32,available
GLM-4.7-Flash,Hidden-state shift,hidden_state_shift,35,7,middle,-0.0073313782991202,-0.1664222873900293,32,available
GLM-4.7-Flash,Hidden-state shift,hidden_state_shift,35,8,late,0.0054985337243401,-0.1114369501466275,32,available
GLM-4.7-Flash,Hidden-state shift,hidden_state_shift,35,9,late,-0.1374633431085043,-0.1854838709677419,32,available
GLM-4.7-Flash,Hidden-state shift,hidden_state_shift,35,10,late,0.1165689149560117,0.0392228739002932,32,available
GLM-4.7-Flash,Hidden-state shift,hidden_state_shift,35,11,late,-0.032991202346041,-0.1121700879765395,32,available
GLM-4.7-Flash,Hidden-state shift,hidden_state_shift,36,0,early,-0.2635630498533724,-0.284457478005865,32,available
GLM-4.7-Flash,Hidden-state shift,hidden_state_shift,36,1,early,-0.1546920821114369,-0.1359970674486803,32,available
GLM-4.7-Flash,Hidden-state shift,hidden_state_shift,36,2,early,-0.1301319648093841,-0.1715542521994134,32,available
GLM-4.7-Flash,Hidden-state shift,hidden_state_shift,36,3,early,-0.1206011730205278,-0.1169354838709677,32,available
GLM-4.7-Flash,Hidden-state shift,hidden_state_shift,36,4,middle,-0.1741202346041055,-0.1825513196480938,32,available
GLM-4.7-Flash,Hidden-state shift,hidden_state_shift,36,5,middle,-0.1869501466275659,-0.2144428152492668,32,available
GLM-4.7-Flash,Hidden-state shift,hidden_state_shift,36,6,middle,-0.1829178885630498,-0.1766862170087976,32,available
GLM-4.7-Flash,Hidden-state shift,hidden_state_shift,36,7,middle,-0.159457478005865,-0.2074780058651026,32,available
GLM-4.7-Flash,Hidden-state shift,hidden_state_shift,36,8,late,-0.157624633431085,-0.1645894428152492,32,available
GLM-4.7-Flash,Hidden-state shift,hidden_state_shift,36,9,late,-0.2569648093841642,-0.219208211143695,32,available
GLM-4.7-Flash,Hidden-state shift,hidden_state_shift,36,10,late,-0.0685483870967741,-0.0161290322580645,32,available
GLM-4.7-Flash,Hidden-state shift,hidden_state_shift,36,11,late,-0.2096774193548386,-0.1642228739002932,32,available
GLM-4.7-Flash,Hidden-state shift,hidden_state_shift,37,0,early,-0.2430351906158357,-0.2657624633431085,32,available
GLM-4.7-Flash,Hidden-state shift,hidden_state_shift,37,1,early,-0.1315982404692082,-0.1440615835777126,32,available
GLM-4.7-Flash,Hidden-state shift,hidden_state_shift,37,2,early,-0.1026392961876832,-0.1532258064516128,32,available
GLM-4.7-Flash,Hidden-state shift,hidden_state_shift,37,3,early,-0.1125366568914955,-0.1297653958944281,32,available
GLM-4.7-Flash,Hidden-state shift,hidden_state_shift,37,4,middle,-0.1422287390029325,-0.1704545454545454,32,available
GLM-4.7-Flash,Hidden-state shift,hidden_state_shift,37,5,middle,-0.1546920821114369,-0.1928152492668621,32,available
GLM-4.7-Flash,Hidden-state shift,hidden_state_shift,37,6,middle,-0.1458944281524926,-0.1667888563049853,32,available
GLM-4.7-Flash,Hidden-state shift,hidden_state_shift,37,7,middle,-0.1352639296187683,-0.2008797653958944,32,available
GLM-4.7-Flash,Hidden-state shift,hidden_state_shift,37,8,late,-0.1312316715542522,-0.1620234604105571,32,available
GLM-4.7-Flash,Hidden-state shift,hidden_state_shift,37,9,late,-0.2144428152492668,-0.2107771260997067,32,available
GLM-4.7-Flash,Hidden-state shift,hidden_state_shift,37,10,late,-0.0406891495601173,-0.0197947214076246,32,available
GLM-4.7-Flash,Hidden-state shift,hidden_state_shift,37,11,late,-0.1843841642228739,-0.1612903225806451,32,available
GLM-4.7-Flash,Hidden-state shift,hidden_state_shift,38,0,early,-0.2379032258064516,-0.253299120234604,32,available
GLM-4.7-Flash,Hidden-state shift,hidden_state_shift,38,1,early,-0.0762463343108504,-0.0817448680351906,32,available
GLM-4.7-Flash,Hidden-state shift,hidden_state_shift,38,2,early,-0.1129032258064516,-0.1708211143695014,32,available
GLM-4.7-Flash,Hidden-state shift,hidden_state_shift,38,3,early,-0.0982404692082111,-0.1107038123167155,32,available
GLM-4.7-Flash,Hidden-state shift,hidden_state_shift,38,4,middle,-0.1323313782991202,-0.1543255131964809,32,available
GLM-4.7-Flash,Hidden-state shift,hidden_state_shift,38,5,middle,-0.1770527859237536,-0.189149560117302,32,available
GLM-4.7-Flash,Hidden-state shift,hidden_state_shift,38,6,middle,-0.1286656891495601,-0.1348973607038123,32,available
GLM-4.7-Flash,Hidden-state shift,hidden_state_shift,38,7,middle,-0.1213343108504398,-0.1803519061583577,32,available
GLM-4.7-Flash,Hidden-state shift,hidden_state_shift,38,8,late,-0.1209677419354838,-0.1389296187683284,32,available
GLM-4.7-Flash,Hidden-state shift,hidden_state_shift,38,9,late,-0.1983137829912023,-0.1825513196480938,32,available
GLM-4.7-Flash,Hidden-state shift,hidden_state_shift,38,10,late,-0.0271260997067448,0.0300586510263929,32,available
GLM-4.7-Flash,Hidden-state shift,hidden_state_shift,38,11,late,-0.1506598240469208,-0.1239002932551319,32,available
GLM-4.7-Flash,Hidden-state shift,hidden_state_shift,39,0,early,-0.2111436950146627,-0.2298387096774193,32,available
GLM-4.7-Flash,Hidden-state shift,hidden_state_shift,39,1,early,-0.0784457478005865,-0.0901759530791788,32,available
GLM-4.7-Flash,Hidden-state shift,hidden_state_shift,39,2,early,-0.0835777126099706,-0.1825513196480938,32,available
GLM-4.7-Flash,Hidden-state shift,hidden_state_shift,39,3,early,-0.1022727272727272,-0.1444281524926686,32,available
GLM-4.7-Flash,Hidden-state shift,hidden_state_shift,39,4,middle,-0.1433284457478005,-0.189149560117302,32,available
GLM-4.7-Flash,Hidden-state shift,hidden_state_shift,39,5,middle,-0.1290322580645161,-0.1550586510263929,32,available
GLM-4.7-Flash,Hidden-state shift,hidden_state_shift,39,6,middle,-0.1114369501466275,-0.1319648093841642,32,available
GLM-4.7-Flash,Hidden-state shift,hidden_state_shift,39,7,middle,-0.128299120234604,-0.1957478005865102,32,available
GLM-4.7-Flash,Hidden-state shift,hidden_state_shift,39,8,late,-0.1165689149560117,-0.1664222873900293,32,available
GLM-4.7-Flash,Hidden-state shift,hidden_state_shift,39,9,late,-0.1759530791788856,-0.1920821114369501,32,available
GLM-4.7-Flash,Hidden-state shift,hidden_state_shift,39,10,late,-0.0197947214076246,0.0032991202346041,32,available
GLM-4.7-Flash,Hidden-state shift,hidden_state_shift,39,11,late,-0.1378299120234604,-0.1440615835777126,32,available
GLM-4.7-Flash,Hidden-state shift,hidden_state_shift,40,0,early,-0.2093108504398826,-0.2617302052785923,32,available
GLM-4.7-Flash,Hidden-state shift,hidden_state_shift,40,1,early,-0.0604838709677419,-0.1290322580645161,32,available
GLM-4.7-Flash,Hidden-state shift,hidden_state_shift,40,2,early,-0.1195014662756598,-0.2448680351906158,32,available
GLM-4.7-Flash,Hidden-state shift,hidden_state_shift,40,3,early,-0.0916422287390029,-0.1752199413489735,32,available
GLM-4.7-Flash,Hidden-state shift,hidden_state_shift,40,4,middle,-0.1752199413489735,-0.2738269794721407,32,available
GLM-4.7-Flash,Hidden-state shift,hidden_state_shift,40,5,middle,-0.1510263929618768,-0.2159090909090908,32,available
GLM-4.7-Flash,Hidden-state shift,hidden_state_shift,40,6,middle,-0.1381964809384163,-0.2019794721407624,32,available
GLM-4.7-Flash,Hidden-state shift,hidden_state_shift,40,7,middle,-0.1678885630498533,-0.2723607038123167,32,available
GLM-4.7-Flash,Hidden-state shift,hidden_state_shift,40,8,late,-0.1686217008797653,-0.2456011730205278,32,available
GLM-4.7-Flash,Hidden-state shift,hidden_state_shift,40,9,late,-0.2005131964809384,-0.2404692082111436,32,available
GLM-4.7-Flash,Hidden-state shift,hidden_state_shift,40,10,late,-0.0223607038123167,-0.0612170087976539,32,available
GLM-4.7-Flash,Hidden-state shift,hidden_state_shift,40,11,late,-0.1799853372434017,-0.189516129032258,32,available
GLM-4.7-Flash,Hidden-state shift,hidden_state_shift,41,0,early,-0.2184750733137829,-0.2683284457478005,32,available
GLM-4.7-Flash,Hidden-state shift,hidden_state_shift,41,1,early,-0.0626832844574779,-0.1110703812316715,32,available
GLM-4.7-Flash,Hidden-state shift,hidden_state_shift,41,2,early,-0.158357771260997,-0.2760263929618767,32,available
GLM-4.7-Flash,Hidden-state shift,hidden_state_shift,41,3,early,-0.1242668621700879,-0.1939149560117301,32,available
GLM-4.7-Flash,Hidden-state shift,hidden_state_shift,41,4,middle,-0.2019794721407624,-0.281524926686217,32,available
GLM-4.7-Flash,Hidden-state shift,hidden_state_shift,41,5,middle,-0.1869501466275659,-0.2162756598240469,32,available
GLM-4.7-Flash,Hidden-state shift,hidden_state_shift,41,6,middle,-0.1513929618768328,-0.2041788856304985,32,available
GLM-4.7-Flash,Hidden-state shift,hidden_state_shift,41,7,middle,-0.1986803519061583,-0.2884897360703812,32,available
GLM-4.7-Flash,Hidden-state shift,hidden_state_shift,41,8,late,-0.189149560117302,-0.25366568914956,32,available
GLM-4.7-Flash,Hidden-state shift,hidden_state_shift,41,9,late,-0.2258064516129032,-0.2628299120234604,32,available
GLM-4.7-Flash,Hidden-state shift,hidden_state_shift,41,10,late,-0.0527859237536656,-0.0681818181818181,32,available
GLM-4.7-Flash,Hidden-state shift,hidden_state_shift,41,11,late,-0.2045454545454545,-0.2038123167155424,32,available
GLM-4.7-Flash,Hidden-state shift,hidden_state_shift,42,0,early,-0.2397360703812316,-0.25366568914956,32,available
GLM-4.7-Flash,Hidden-state shift,hidden_state_shift,42,1,early,-0.0850439882697947,-0.1030058651026392,32,available
GLM-4.7-Flash,Hidden-state shift,hidden_state_shift,42,2,early,-0.1535923753665689,-0.2357038123167155,32,available
GLM-4.7-Flash,Hidden-state shift,hidden_state_shift,42,3,early,-0.1407624633431085,-0.1814516129032257,32,available
GLM-4.7-Flash,Hidden-state shift,hidden_state_shift,42,4,middle,-0.2100439882697947,-0.2554985337243401,32,available
GLM-4.7-Flash,Hidden-state shift,hidden_state_shift,42,5,middle,-0.1924486803519061,-0.1913489736070381,32,available
GLM-4.7-Flash,Hidden-state shift,hidden_state_shift,42,6,middle,-0.1623900293255131,-0.1704545454545454,32,available
GLM-4.7-Flash,Hidden-state shift,hidden_state_shift,42,7,middle,-0.2067448680351906,-0.2543988269794721,32,available
GLM-4.7-Flash,Hidden-state shift,hidden_state_shift,42,8,late,-0.1983137829912023,-0.2115102639296187,32,available
GLM-4.7-Flash,Hidden-state shift,hidden_state_shift,42,9,late,-0.2423020527859237,-0.2309384164222873,32,available
GLM-4.7-Flash,Hidden-state shift,hidden_state_shift,42,10,late,-0.0608504398826979,-0.0362903225806451,32,available
GLM-4.7-Flash,Hidden-state shift,hidden_state_shift,42,11,late,-0.2133431085043988,-0.1774193548387096,32,available
GLM-4.7-Flash,Hidden-state shift,hidden_state_shift,43,0,early,-0.2525659824046921,-0.2686950146627566,32,available
GLM-4.7-Flash,Hidden-state shift,hidden_state_shift,43,1,early,-0.0821114369501466,-0.1118035190615835,32,available
GLM-4.7-Flash,Hidden-state shift,hidden_state_shift,43,2,early,-0.158724340175953,-0.2804252199413489,32,available
GLM-4.7-Flash,Hidden-state shift,hidden_state_shift,43,3,early,-0.1561583577712609,-0.2228739002932551,32,available
GLM-4.7-Flash,Hidden-state shift,hidden_state_shift,43,4,middle,-0.2030791788856304,-0.2657624633431085,32,available
GLM-4.7-Flash,Hidden-state shift,hidden_state_shift,43,5,middle,-0.2078445747800586,-0.2265395894428152,32,available
GLM-4.7-Flash,Hidden-state shift,hidden_state_shift,43,6,middle,-0.1781524926686216,-0.1994134897360703,32,available
GLM-4.7-Flash,Hidden-state shift,hidden_state_shift,43,7,middle,-0.221774193548387,-0.282258064516129,32,available
GLM-4.7-Flash,Hidden-state shift,hidden_state_shift,43,8,late,-0.1997800586510264,-0.25,32,available
GLM-4.7-Flash,Hidden-state shift,hidden_state_shift,43,9,late,-0.2793255131964808,-0.2932551319648093,32,available
GLM-4.7-Flash,Hidden-state shift,hidden_state_shift,43,10,late,-0.0582844574780058,-0.0714809384164222,32,available
GLM-4.7-Flash,Hidden-state shift,hidden_state_shift,43,11,late,-0.2298387096774193,-0.221041055718475,32,available
GLM-4.7-Flash,Hidden-state shift,hidden_state_shift,44,0,early,-0.2089442815249266,-0.2628299120234604,32,available
GLM-4.7-Flash,Hidden-state shift,hidden_state_shift,44,1,early,-0.033724340175953,-0.1242668621700879,32,available
GLM-4.7-Flash,Hidden-state shift,hidden_state_shift,44,2,early,-0.1066715542521994,-0.281891495601173,32,available
GLM-4.7-Flash,Hidden-state shift,hidden_state_shift,44,3,early,-0.1209677419354838,-0.2155425219941348,32,available
GLM-4.7-Flash,Hidden-state shift,hidden_state_shift,44,4,middle,-0.1693548387096774,-0.2719941348973607,32,available
GLM-4.7-Flash,Hidden-state shift,hidden_state_shift,44,5,middle,-0.1411290322580645,-0.2170087976539589,32,available
GLM-4.7-Flash,Hidden-state shift,hidden_state_shift,44,6,middle,-0.1323313782991202,-0.2019794721407624,32,available
GLM-4.7-Flash,Hidden-state shift,hidden_state_shift,44,7,middle,-0.1810850439882697,-0.2881231671554252,32,available
GLM-4.7-Flash,Hidden-state shift,hidden_state_shift,44,8,late,-0.1616568914956011,-0.2694281524926686,32,available
GLM-4.7-Flash,Hidden-state shift,hidden_state_shift,44,9,late,-0.2368035190615835,-0.3020527859237536,32,available
GLM-4.7-Flash,Hidden-state shift,hidden_state_shift,44,10,late,-0.0146627565982404,-0.0912756598240469,32,available
GLM-4.7-Flash,Hidden-state shift,hidden_state_shift,44,11,late,-0.1953812316715542,-0.2349706744868035,32,available
GLM-4.7-Flash,Hidden-state shift,hidden_state_shift,45,0,early,-0.1950146627565982,-0.2547653958944281,32,available
GLM-4.7-Flash,Hidden-state shift,hidden_state_shift,45,1,early,-0.0615835777126099,-0.1359970674486803,32,available
GLM-4.7-Flash,Hidden-state shift,hidden_state_shift,45,2,early,-0.1341642228739002,-0.2767595307917888,32,available
GLM-4.7-Flash,Hidden-state shift,hidden_state_shift,45,3,early,-0.1213343108504398,-0.2162756598240469,32,available
GLM-4.7-Flash,Hidden-state shift,hidden_state_shift,45,4,middle,-0.1946480938416422,-0.2789589442815249,32,available
GLM-4.7-Flash,Hidden-state shift,hidden_state_shift,45,5,middle,-0.1539589442815249,-0.2060117302052785,32,available
GLM-4.7-Flash,Hidden-state shift,hidden_state_shift,45,6,middle,-0.1495601173020527,-0.2027126099706745,32,available
GLM-4.7-Flash,Hidden-state shift,hidden_state_shift,45,7,middle,-0.2005131964809384,-0.3112170087976539,32,available
GLM-4.7-Flash,Hidden-state shift,hidden_state_shift,45,8,late,-0.1920821114369501,-0.2965542521994135,32,available
GLM-4.7-Flash,Hidden-state shift,hidden_state_shift,45,9,late,-0.2470674486803519,-0.3178152492668621,32,available
GLM-4.7-Flash,Hidden-state shift,hidden_state_shift,45,10,late,-0.032258064516129,-0.1059384164222873,32,available
GLM-4.7-Flash,Hidden-state shift,hidden_state_shift,45,11,late,-0.221041055718475,-0.2434017595307917,32,available
GLM-4.7-Flash,Hidden-state shift,hidden_state_shift,46,0,early,-0.1697214076246334,-0.3559384164222873,32,available
GLM-4.7-Flash,Hidden-state shift,hidden_state_shift,46,1,early,0.0700146627565982,-0.0920087976539589,32,available
GLM-4.7-Flash,Hidden-state shift,hidden_state_shift,46,2,early,-0.0502199413489736,-0.282991202346041,32,available
GLM-4.7-Flash,Hidden-state shift,hidden_state_shift,46,3,early,-0.0161290322580645,-0.2236070381231671,32,available
GLM-4.7-Flash,Hidden-state shift,hidden_state_shift,46,4,middle,-0.1634897360703812,-0.3214809384164222,32,available
GLM-4.7-Flash,Hidden-state shift,hidden_state_shift,46,5,middle,-0.032258064516129,-0.2434017595307917,32,available
GLM-4.7-Flash,Hidden-state shift,hidden_state_shift,46,6,middle,-0.0736803519061583,-0.2052785923753665,32,available
GLM-4.7-Flash,Hidden-state shift,hidden_state_shift,46,7,middle,-0.1147360703812316,-0.3119501466275659,32,available
GLM-4.7-Flash,Hidden-state shift,hidden_state_shift,46,8,late,-0.0997067448680351,-0.2925219941348973,32,available
GLM-4.7-Flash,Hidden-state shift,hidden_state_shift,46,9,late,-0.1429618768328445,-0.3024193548387097,32,available
GLM-4.7-Flash,Hidden-state shift,hidden_state_shift,46,10,late,0.0546187683284457,-0.1066715542521994,32,available
GLM-4.7-Flash,Hidden-state shift,hidden_state_shift,46,11,late,-0.0872434017595307,-0.2258064516129032,32,available
GLM-4.7-Flash,MoE write / expert update strength,moe_write_strength,0,0,early,,,0,not_applicable_dense_block_mlp_not_moe
GLM-4.7-Flash,MoE write / expert update strength,moe_write_strength,0,1,early,,,0,not_applicable_dense_block_mlp_not_moe
GLM-4.7-Flash,MoE write / expert update strength,moe_write_strength,0,2,early,,,0,not_applicable_dense_block_mlp_not_moe
GLM-4.7-Flash,MoE write / expert update strength,moe_write_strength,0,3,early,,,0,not_applicable_dense_block_mlp_not_moe
GLM-4.7-Flash,MoE write / expert update strength,moe_write_strength,0,4,middle,,,0,not_applicable_dense_block_mlp_not_moe
GLM-4.7-Flash,MoE write / expert update strength,moe_write_strength,0,5,middle,,,0,not_applicable_dense_block_mlp_not_moe
GLM-4.7-Flash,MoE write / expert update strength,moe_write_strength,0,6,middle,,,0,not_applicable_dense_block_mlp_not_moe
GLM-4.7-Flash,MoE write / expert update strength,moe_write_strength,0,7,middle,,,0,not_applicable_dense_block_mlp_not_moe
GLM-4.7-Flash,MoE write / expert update strength,moe_write_strength,0,8,late,,,0,not_applicable_dense_block_mlp_not_moe
GLM-4.7-Flash,MoE write / expert update strength,moe_write_strength,0,9,late,,,0,not_applicable_dense_block_mlp_not_moe
GLM-4.7-Flash,MoE write / expert update strength,moe_write_strength,0,10,late,,,0,not_applicable_dense_block_mlp_not_moe
GLM-4.7-Flash,MoE write / expert update strength,moe_write_strength,0,11,late,,,0,not_applicable_dense_block_mlp_not_moe
GLM-4.7-Flash,MoE write / expert update strength,moe_write_strength,1,0,early,0.1019061583577712,0.1543255131964809,32,available
GLM-4.7-Flash,MoE write / expert update strength,moe_write_strength,1,1,early,-0.1246334310850439,0.0164956011730205,32,available
GLM-4.7-Flash,MoE write / expert update strength,moe_write_strength,1,2,early,0.0615835777126099,0.2412023460410557,32,available
GLM-4.7-Flash,MoE write / expert update strength,moe_write_strength,1,3,early,-0.0285923753665689,0.189516129032258,32,available
GLM-4.7-Flash,MoE write / expert update strength,moe_write_strength,1,4,middle,0.1620234604105571,0.37866568914956,32,available
GLM-4.7-Flash,MoE write / expert update strength,moe_write_strength,1,5,middle,-0.1011730205278592,0.1037390029325513,32,available
GLM-4.7-Flash,MoE write / expert update strength,moe_write_strength,1,6,middle,-0.0560850439882697,-0.0179618768328445,32,available
GLM-4.7-Flash,MoE write / expert update strength,moe_write_strength,1,7,middle,0.1253665689149559,0.2503665689149559,32,available
GLM-4.7-Flash,MoE write / expert update strength,moe_write_strength,1,8,late,0.1030058651026392,0.2708944281524926,32,available
GLM-4.7-Flash,MoE write / expert update strength,moe_write_strength,1,9,late,-0.0373900293255131,0.1510263929618768,32,available
GLM-4.7-Flash,MoE write / expert update strength,moe_write_strength,1,10,late,0.0916422287390029,0.3229472140762462,32,available
GLM-4.7-Flash,MoE write / expert update strength,moe_write_strength,1,11,late,-0.0124633431085043,0.1173020527859237,32,available
GLM-4.7-Flash,MoE write / expert update strength,moe_write_strength,2,0,early,-0.1418621700879765,-0.1396627565982404,32,available
GLM-4.7-Flash,MoE write / expert update strength,moe_write_strength,2,1,early,-0.3621700879765395,-0.315615835777126,32,available
GLM-4.7-Flash,MoE write / expert update strength,moe_write_strength,2,2,early,-0.3837976539589442,-0.2565982404692081,32,available
GLM-4.7-Flash,MoE write / expert update strength,moe_write_strength,2,3,early,-0.4116568914956011,-0.2899560117302052,32,available
GLM-4.7-Flash,MoE write / expert update strength,moe_write_strength,2,4,middle,-0.3533724340175952,-0.251099706744868,32,available
GLM-4.7-Flash,MoE write / expert update strength,moe_write_strength,2,5,middle,-0.3189149560117301,-0.2481671554252199,32,available
GLM-4.7-Flash,MoE write / expert update strength,moe_write_strength,2,6,middle,-0.2038123167155424,-0.1242668621700879,32,available
GLM-4.7-Flash,MoE write / expert update strength,moe_write_strength,2,7,middle,-0.379032258064516,-0.3614369501466275,32,available
GLM-4.7-Flash,MoE write / expert update strength,moe_write_strength,2,8,late,-0.374266862170088,-0.3801319648093841,32,available
GLM-4.7-Flash,MoE write / expert update strength,moe_write_strength,2,9,late,-0.2793255131964808,-0.190982404692082,32,available
GLM-4.7-Flash,MoE write / expert update strength,moe_write_strength,2,10,late,-0.4219208211143694,-0.2976539589442815,32,available
GLM-4.7-Flash,MoE write / expert update strength,moe_write_strength,2,11,late,-0.3947947214076246,-0.3394428152492668,32,available
GLM-4.7-Flash,MoE write / expert update strength,moe_write_strength,3,0,early,-0.1506598240469208,0.1151026392961876,32,available
GLM-4.7-Flash,MoE write / expert update strength,moe_write_strength,3,1,early,-0.376099706744868,-0.0854105571847507,32,available
GLM-4.7-Flash,MoE write / expert update strength,moe_write_strength,3,2,early,-0.2404692082111436,-0.0758797653958944,32,available
GLM-4.7-Flash,MoE write / expert update strength,moe_write_strength,3,3,early,-0.2434017595307917,0.0164956011730205,32,available
GLM-4.7-Flash,MoE write / expert update strength,moe_write_strength,3,4,middle,-0.2456011730205278,0.0091642228739002,32,available
GLM-4.7-Flash,MoE write / expert update strength,moe_write_strength,3,5,middle,-0.3280791788856305,-0.0179618768328445,32,available
GLM-4.7-Flash,MoE write / expert update strength,moe_write_strength,3,6,middle,-0.2302052785923753,-0.0366568914956011,32,available
GLM-4.7-Flash,MoE write / expert update strength,moe_write_strength,3,7,middle,-0.1983137829912023,-0.0348240469208211,32,available
GLM-4.7-Flash,MoE write / expert update strength,moe_write_strength,3,8,late,-0.2507331378299119,-0.0784457478005865,32,available
GLM-4.7-Flash,MoE write / expert update strength,moe_write_strength,3,9,late,-0.1843841642228739,0.0593841642228738,32,available
GLM-4.7-Flash,MoE write / expert update strength,moe_write_strength,3,10,late,-0.1858504398826979,0.1462609970674486,32,available
GLM-4.7-Flash,MoE write / expert update strength,moe_write_strength,3,11,late,-0.2162756598240469,-0.000366568914956,32,available
GLM-4.7-Flash,MoE write / expert update strength,moe_write_strength,4,0,early,-0.1407624633431085,0.1103372434017595,32,available
GLM-4.7-Flash,MoE write / expert update strength,moe_write_strength,4,1,early,-0.3108504398826979,0.0036656891495601,32,available
GLM-4.7-Flash,MoE write / expert update strength,moe_write_strength,4,2,early,-0.3266129032258064,-0.1092375366568914,32,available
GLM-4.7-Flash,MoE write / expert update strength,moe_write_strength,4,3,early,-0.3229472140762462,-0.0854105571847507,32,available
GLM-4.7-Flash,MoE write / expert update strength,moe_write_strength,4,4,middle,-0.4039589442815249,-0.2778592375366568,32,available
GLM-4.7-Flash,MoE write / expert update strength,moe_write_strength,4,5,middle,-0.2485337243401759,-0.0172287390029325,32,available
GLM-4.7-Flash,MoE write / expert update strength,moe_write_strength,4,6,middle,-0.1429618768328445,0.0722140762463343,32,available
GLM-4.7-Flash,MoE write / expert update strength,moe_write_strength,4,7,middle,-0.2320381231671554,-0.034090909090909,32,available
GLM-4.7-Flash,MoE write / expert update strength,moe_write_strength,4,8,late,-0.2635630498533724,-0.0557184750733137,32,available
GLM-4.7-Flash,MoE write / expert update strength,moe_write_strength,4,9,late,-0.128299120234604,0.0527859237536656,32,available
GLM-4.7-Flash,MoE write / expert update strength,moe_write_strength,4,10,late,-0.347507331378299,-0.1099706744868035,32,available
GLM-4.7-Flash,MoE write / expert update strength,moe_write_strength,4,11,late,-0.1931818181818181,-0.0241935483870967,32,available
GLM-4.7-Flash,MoE write / expert update strength,moe_write_strength,5,0,early,-0.3662023460410557,-0.1425953079178885,32,available
GLM-4.7-Flash,MoE write / expert update strength,moe_write_strength,5,1,early,-0.5296920821114369,-0.2617302052785923,32,available
GLM-4.7-Flash,MoE write / expert update strength,moe_write_strength,5,2,early,-0.6389296187683284,-0.4222873900293254,32,available
GLM-4.7-Flash,MoE write / expert update strength,moe_write_strength,5,3,early,-0.5854105571847507,-0.4376832844574779,32,available
GLM-4.7-Flash,MoE write / expert update strength,moe_write_strength,5,4,middle,-0.6209677419354838,-0.5007331378299119,32,available
GLM-4.7-Flash,MoE write / expert update strength,moe_write_strength,5,5,middle,-0.5190615835777126,-0.2961876832844574,32,available
GLM-4.7-Flash,MoE write / expert update strength,moe_write_strength,5,6,middle,-0.4186217008797653,-0.2093108504398826,32,available
GLM-4.7-Flash,MoE write / expert update strength,moe_write_strength,5,7,middle,-0.4442815249266861,-0.2763929618768327,32,available
GLM-4.7-Flash,MoE write / expert update strength,moe_write_strength,5,8,late,-0.532258064516129,-0.3804985337243401,32,available
GLM-4.7-Flash,MoE write / expert update strength,moe_write_strength,5,9,late,-0.3870967741935483,-0.1843841642228739,32,available
GLM-4.7-Flash,MoE write / expert update strength,moe_write_strength,5,10,late,-0.593475073313783,-0.4156891495601172,32,available
GLM-4.7-Flash,MoE write / expert update strength,moe_write_strength,5,11,late,-0.4552785923753665,-0.2423020527859237,32,available
GLM-4.7-Flash,MoE write / expert update strength,moe_write_strength,6,0,early,-0.0091642228739002,-0.0263929618768328,32,available
GLM-4.7-Flash,MoE write / expert update strength,moe_write_strength,6,1,early,0.0362903225806451,0.0557184750733137,32,available
GLM-4.7-Flash,MoE write / expert update strength,moe_write_strength,6,2,early,0.1015395894428152,0.1557917888563049,32,available
GLM-4.7-Flash,MoE write / expert update strength,moe_write_strength,6,3,early,-0.0546187683284457,-0.0513196480938416,32,available
GLM-4.7-Flash,MoE write / expert update strength,moe_write_strength,6,4,middle,0.0681818181818181,0.0769794721407624,32,available
GLM-4.7-Flash,MoE write / expert update strength,moe_write_strength,6,5,middle,0.1092375366568914,0.2162756598240469,32,available
GLM-4.7-Flash,MoE write / expert update strength,moe_write_strength,6,6,middle,0.0608504398826979,0.1059384164222873,32,available
GLM-4.7-Flash,MoE write / expert update strength,moe_write_strength,6,7,middle,0.0307917888563049,0.1103372434017595,32,available
GLM-4.7-Flash,MoE write / expert update strength,moe_write_strength,6,8,late,-0.0571847507331378,0.0098973607038123,32,available
GLM-4.7-Flash,MoE write / expert update strength,moe_write_strength,6,9,late,-0.0553519061583577,-0.0571847507331378,32,available
GLM-4.7-Flash,MoE write / expert update strength,moe_write_strength,6,10,late,-0.0403225806451612,0.0058651026392961,32,available
GLM-4.7-Flash,MoE write / expert update strength,moe_write_strength,6,11,late,-0.0414222873900293,-0.0183284457478005,32,available
GLM-4.7-Flash,MoE write / expert update strength,moe_write_strength,7,0,early,-0.1609237536656891,-0.0234604105571847,32,available
GLM-4.7-Flash,MoE write / expert update strength,moe_write_strength,7,1,early,-0.094574780058651,0.1865835777126099,32,available
GLM-4.7-Flash,MoE write / expert update strength,moe_write_strength,7,2,early,0.0516862170087976,0.2675953079178885,32,available
GLM-4.7-Flash,MoE write / expert update strength,moe_write_strength,7,3,early,-0.0769794721407624,0.0821114369501466,32,available
GLM-4.7-Flash,MoE write / expert update strength,moe_write_strength,7,4,middle,-0.1044721407624633,0.0150293255131964,32,available
GLM-4.7-Flash,MoE write / expert update strength,moe_write_strength,7,5,middle,0.064882697947214,0.3515395894428151,32,available
GLM-4.7-Flash,MoE write / expert update strength,moe_write_strength,7,6,middle,-0.0106304985337243,0.1935483870967741,32,available
GLM-4.7-Flash,MoE write / expert update strength,moe_write_strength,7,7,middle,-0.0425219941348973,0.0689149560117302,32,available
GLM-4.7-Flash,MoE write / expert update strength,moe_write_strength,7,8,late,-0.0282258064516129,0.1011730205278592,32,available
GLM-4.7-Flash,MoE write / expert update strength,moe_write_strength,7,9,late,-0.002199413489736,0.1345307917888563,32,available
GLM-4.7-Flash,MoE write / expert update strength,moe_write_strength,7,10,late,0.0058651026392961,0.189882697947214,32,available
GLM-4.7-Flash,MoE write / expert update strength,moe_write_strength,7,11,late,0.096774193548387,0.2771260997067448,32,available
GLM-4.7-Flash,MoE write / expert update strength,moe_write_strength,8,0,early,0.000366568914956,0.0579178885630498,32,available
GLM-4.7-Flash,MoE write / expert update strength,moe_write_strength,8,1,early,-0.0227272727272727,0.032991202346041,32,available
GLM-4.7-Flash,MoE write / expert update strength,moe_write_strength,8,2,early,-0.0450879765395894,-0.0069648093841642,32,available
GLM-4.7-Flash,MoE write / expert update strength,moe_write_strength,8,3,early,-0.0513196480938416,-0.0586510263929618,32,available
GLM-4.7-Flash,MoE write / expert update strength,moe_write_strength,8,4,middle,-0.2243401759530791,-0.2613636363636363,32,available
GLM-4.7-Flash,MoE write / expert update strength,moe_write_strength,8,5,middle,0.0747800586510263,0.1462609970674486,32,available
GLM-4.7-Flash,MoE write / expert update strength,moe_write_strength,8,6,middle,0.0670821114369501,0.1821847507331378,32,available
GLM-4.7-Flash,MoE write / expert update strength,moe_write_strength,8,7,middle,-0.0575513196480938,-0.0597507331378299,32,available
GLM-4.7-Flash,MoE write / expert update strength,moe_write_strength,8,8,late,-0.1092375366568914,-0.0491202346041055,32,available
GLM-4.7-Flash,MoE write / expert update strength,moe_write_strength,8,9,late,0.1015395894428152,0.126099706744868,32,available
GLM-4.7-Flash,MoE write / expert update strength,moe_write_strength,8,10,late,0.0590175953079178,0.0678152492668621,32,available
GLM-4.7-Flash,MoE write / expert update strength,moe_write_strength,8,11,late,-0.0304252199413489,0.0065982404692082,32,available
GLM-4.7-Flash,MoE write / expert update strength,moe_write_strength,9,0,early,0.0135630498533724,0.128299120234604,32,available
GLM-4.7-Flash,MoE write / expert update strength,moe_write_strength,9,1,early,0.0571847507331378,0.2342375366568914,32,available
GLM-4.7-Flash,MoE write / expert update strength,moe_write_strength,9,2,early,0.2800586510263929,0.3958944281524926,32,available
GLM-4.7-Flash,MoE write / expert update strength,moe_write_strength,9,3,early,0.2540322580645161,0.3724340175953079,32,available
GLM-4.7-Flash,MoE write / expert update strength,moe_write_strength,9,4,middle,0.0901759530791788,0.1766862170087976,32,available
GLM-4.7-Flash,MoE write / expert update strength,moe_write_strength,9,5,middle,0.2382697947214076,0.4138563049853372,32,available
GLM-4.7-Flash,MoE write / expert update strength,moe_write_strength,9,6,middle,0.2089442815249266,0.347140762463343,32,available
GLM-4.7-Flash,MoE write / expert update strength,moe_write_strength,9,7,middle,0.157991202346041,0.2661290322580645,32,available
GLM-4.7-Flash,MoE write / expert update strength,moe_write_strength,9,8,late,0.2056451612903225,0.3038856304985337,32,available
GLM-4.7-Flash,MoE write / expert update strength,moe_write_strength,9,9,late,0.2782258064516129,0.3911290322580645,32,available
GLM-4.7-Flash,MoE write / expert update strength,moe_write_strength,9,10,late,0.126099706744868,0.2763929618768327,32,available
GLM-4.7-Flash,MoE write / expert update strength,moe_write_strength,9,11,late,0.2386363636363636,0.3207478005865102,32,available
GLM-4.7-Flash,MoE write / expert update strength,moe_write_strength,10,0,early,0.0901759530791788,0.0472873900293255,32,available
GLM-4.7-Flash,MoE write / expert update strength,moe_write_strength,10,1,early,0.1352639296187683,0.1543255131964809,32,available
GLM-4.7-Flash,MoE write / expert update strength,moe_write_strength,10,2,early,0.0887096774193548,0.0384897360703812,32,available
GLM-4.7-Flash,MoE write / expert update strength,moe_write_strength,10,3,early,-0.0373900293255131,-0.0707478005865102,32,available
GLM-4.7-Flash,MoE write / expert update strength,moe_write_strength,10,4,middle,0.0355571847507331,0.0172287390029325,32,available
GLM-4.7-Flash,MoE write / expert update strength,moe_write_strength,10,5,middle,0.0483870967741935,0.0986070381231671,32,available
GLM-4.7-Flash,MoE write / expert update strength,moe_write_strength,10,6,middle,0.1180351906158357,0.0780791788856304,32,available
GLM-4.7-Flash,MoE write / expert update strength,moe_write_strength,10,7,middle,0.06341642228739,0.0483870967741935,32,available
GLM-4.7-Flash,MoE write / expert update strength,moe_write_strength,10,8,late,0.0238269794721407,-0.0043988269794721,32,available
GLM-4.7-Flash,MoE write / expert update strength,moe_write_strength,10,9,late,0.0670821114369501,0.0249266862170087,32,available
GLM-4.7-Flash,MoE write / expert update strength,moe_write_strength,10,10,late,0.0872434017595307,0.0344574780058651,32,available
GLM-4.7-Flash,MoE write / expert update strength,moe_write_strength,10,11,late,0.0201612903225806,-0.0351906158357771,32,available
GLM-4.7-Flash,MoE write / expert update strength,moe_write_strength,11,0,early,-0.0447214076246334,-0.2030791788856304,32,available
GLM-4.7-Flash,MoE write / expert update strength,moe_write_strength,11,1,early,0.1345307917888563,-0.0535190615835777,32,available
GLM-4.7-Flash,MoE write / expert update strength,moe_write_strength,11,2,early,0.1407624633431085,-0.0802785923753665,32,available
GLM-4.7-Flash,MoE write / expert update strength,moe_write_strength,11,3,early,0.0986070381231671,-0.0876099706744867,32,available
GLM-4.7-Flash,MoE write / expert update strength,moe_write_strength,11,4,middle,0.0619501466275659,0.0113636363636363,32,available
GLM-4.7-Flash,MoE write / expert update strength,moe_write_strength,11,5,middle,0.2126099706744868,0.0766129032258064,32,available
GLM-4.7-Flash,MoE write / expert update strength,moe_write_strength,11,6,middle,0.1722873900293255,0.0414222873900293,32,available
GLM-4.7-Flash,MoE write / expert update strength,moe_write_strength,11,7,middle,0.1535923753665689,0.1488269794721407,32,available
GLM-4.7-Flash,MoE write / expert update strength,moe_write_strength,11,8,late,0.0736803519061583,0.0421554252199413,32,available
GLM-4.7-Flash,MoE write / expert update strength,moe_write_strength,11,9,late,0.1565249266862169,0.0087976539589442,32,available
GLM-4.7-Flash,MoE write / expert update strength,moe_write_strength,11,10,late,0.1689882697947214,0.0436217008797653,32,available
GLM-4.7-Flash,MoE write / expert update strength,moe_write_strength,11,11,late,0.0817448680351906,-0.1074046920821114,32,available
GLM-4.7-Flash,MoE write / expert update strength,moe_write_strength,12,0,early,0.031524926686217,0.1129032258064516,32,available
GLM-4.7-Flash,MoE write / expert update strength,moe_write_strength,12,1,early,-0.0971407624633431,-0.0601173020527859,32,available
GLM-4.7-Flash,MoE write / expert update strength,moe_write_strength,12,2,early,-0.0608504398826979,-0.0931085043988269,32,available
GLM-4.7-Flash,MoE write / expert update strength,moe_write_strength,12,3,early,0.0289589442815249,0.0076979472140762,32,available
GLM-4.7-Flash,MoE write / expert update strength,moe_write_strength,12,4,middle,-0.0762463343108504,-0.0344574780058651,32,available
GLM-4.7-Flash,MoE write / expert update strength,moe_write_strength,12,5,middle,0.0718475073313782,0.1308651026392961,32,available
GLM-4.7-Flash,MoE write / expert update strength,moe_write_strength,12,6,middle,-0.031524926686217,0.002932551319648,32,available
GLM-4.7-Flash,MoE write / expert update strength,moe_write_strength,12,7,middle,0.0172287390029325,0.0076979472140762,32,available
GLM-4.7-Flash,MoE write / expert update strength,moe_write_strength,12,8,late,-0.1642228739002932,-0.1422287390029325,32,available
GLM-4.7-Flash,MoE write / expert update strength,moe_write_strength,12,9,late,-0.0117302052785923,0.0091642228739002,32,available
GLM-4.7-Flash,MoE write / expert update strength,moe_write_strength,12,10,late,0.063049853372434,0.0557184750733137,32,available
GLM-4.7-Flash,MoE write / expert update strength,moe_write_strength,12,11,late,-0.0872434017595307,0.0120967741935483,32,available
GLM-4.7-Flash,MoE write / expert update strength,moe_write_strength,13,0,early,-0.0586510263929618,0.127565982404692,32,available
GLM-4.7-Flash,MoE write / expert update strength,moe_write_strength,13,1,early,-0.2140762463343108,-0.0590175953079178,32,available
GLM-4.7-Flash,MoE write / expert update strength,moe_write_strength,13,2,early,-0.1359970674486803,0.0197947214076246,32,available
GLM-4.7-Flash,MoE write / expert update strength,moe_write_strength,13,3,early,-0.063049853372434,0.0971407624633431,32,available
GLM-4.7-Flash,MoE write / expert update strength,moe_write_strength,13,4,middle,-0.1326979472140762,-0.0043988269794721,32,available
GLM-4.7-Flash,MoE write / expert update strength,moe_write_strength,13,5,middle,-0.0311583577712609,0.1975806451612903,32,available
GLM-4.7-Flash,MoE write / expert update strength,moe_write_strength,13,6,middle,-0.1689882697947214,-0.002565982404692,32,available
GLM-4.7-Flash,MoE write / expert update strength,moe_write_strength,13,7,middle,-0.0516862170087976,0.0872434017595307,32,available
GLM-4.7-Flash,MoE write / expert update strength,moe_write_strength,13,8,late,-0.1814516129032257,-0.0219941348973607,32,available
GLM-4.7-Flash,MoE write / expert update strength,moe_write_strength,13,9,late,-0.0612170087976539,0.096041055718475,32,available
GLM-4.7-Flash,MoE write / expert update strength,moe_write_strength,13,10,late,-0.0293255131964809,0.1191348973607038,32,available
GLM-4.7-Flash,MoE write / expert update strength,moe_write_strength,13,11,late,-0.1601906158357771,0.0802785923753665,32,available
GLM-4.7-Flash,MoE write / expert update strength,moe_write_strength,14,0,early,-0.0773460410557184,-0.1477272727272727,32,available
GLM-4.7-Flash,MoE write / expert update strength,moe_write_strength,14,1,early,-0.1513929618768328,-0.2932551319648093,32,available
GLM-4.7-Flash,MoE write / expert update strength,moe_write_strength,14,2,early,-0.0986070381231671,-0.3537390029325513,32,available
GLM-4.7-Flash,MoE write / expert update strength,moe_write_strength,14,3,early,0.0469208211143695,-0.2404692082111436,32,available
GLM-4.7-Flash,MoE write / expert update strength,moe_write_strength,14,4,middle,-0.0194281524926686,-0.0813782991202346,32,available
GLM-4.7-Flash,MoE write / expert update strength,moe_write_strength,14,5,middle,0.0139296187683284,-0.2111436950146627,32,available
GLM-4.7-Flash,MoE write / expert update strength,moe_write_strength,14,6,middle,-0.0582844574780058,-0.1796187683284457,32,available
GLM-4.7-Flash,MoE write / expert update strength,moe_write_strength,14,7,middle,-0.0227272727272727,-0.187683284457478,32,available
GLM-4.7-Flash,MoE write / expert update strength,moe_write_strength,14,8,late,-0.1129032258064516,-0.2074780058651026,32,available
GLM-4.7-Flash,MoE write / expert update strength,moe_write_strength,14,9,late,0.0223607038123167,-0.1631231671554251,32,available
GLM-4.7-Flash,MoE write / expert update strength,moe_write_strength,14,10,late,0.0975073313782991,-0.1917155425219941,32,available
GLM-4.7-Flash,MoE write / expert update strength,moe_write_strength,14,11,late,-0.094574780058651,-0.3090175953079178,32,available
GLM-4.7-Flash,MoE write / expert update strength,moe_write_strength,15,0,early,0.126099706744868,-0.0982404692082111,32,available
GLM-4.7-Flash,MoE write / expert update strength,moe_write_strength,15,1,early,0.3581378299120234,0.0267595307917888,32,available
GLM-4.7-Flash,MoE write / expert update strength,moe_write_strength,15,2,early,0.2602639296187683,0.034090909090909,32,available
GLM-4.7-Flash,MoE write / expert update strength,moe_write_strength,15,3,early,0.2426686217008797,-0.0780791788856304,32,available
GLM-4.7-Flash,MoE write / expert update strength,moe_write_strength,15,4,middle,0.1770527859237536,-0.125733137829912,32,available
GLM-4.7-Flash,MoE write / expert update strength,moe_write_strength,15,5,middle,0.189882697947214,-0.032624633431085,32,available
GLM-4.7-Flash,MoE write / expert update strength,moe_write_strength,15,6,middle,0.1777859237536656,-0.033724340175953,32,available
GLM-4.7-Flash,MoE write / expert update strength,moe_write_strength,15,7,middle,0.1392961876832844,-0.1041055718475073,32,available
GLM-4.7-Flash,MoE write / expert update strength,moe_write_strength,15,8,late,0.1184017595307917,-0.1616568914956011,32,available
GLM-4.7-Flash,MoE write / expert update strength,moe_write_strength,15,9,late,0.2349706744868035,0.0175953079178885,32,available
GLM-4.7-Flash,MoE write / expert update strength,moe_write_strength,15,10,late,0.2910557184750733,-0.0601173020527859,32,available
GLM-4.7-Flash,MoE write / expert update strength,moe_write_strength,15,11,late,0.2712609970674486,0.0241935483870967,32,available
GLM-4.7-Flash,MoE write / expert update strength,moe_write_strength,16,0,early,0.1994134897360703,-0.0062316715542521,32,available
GLM-4.7-Flash,MoE write / expert update strength,moe_write_strength,16,1,early,0.3497067448680351,0.0707478005865102,32,available
GLM-4.7-Flash,MoE write / expert update strength,moe_write_strength,16,2,early,0.2034457478005865,0.1341642228739002,32,available
GLM-4.7-Flash,MoE write / expert update strength,moe_write_strength,16,3,early,0.2554985337243401,0.0744134897360703,32,available
GLM-4.7-Flash,MoE write / expert update strength,moe_write_strength,16,4,middle,0.1000733137829912,-0.0810117302052785,32,available
GLM-4.7-Flash,MoE write / expert update strength,moe_write_strength,16,5,middle,0.2558651026392962,0.1304985337243401,32,available
GLM-4.7-Flash,MoE write / expert update strength,moe_write_strength,16,6,middle,0.1601906158357771,0.0395894428152492,32,available
GLM-4.7-Flash,MoE write / expert update strength,moe_write_strength,16,7,middle,0.0879765395894428,-0.0560850439882697,32,available
GLM-4.7-Flash,MoE write / expert update strength,moe_write_strength,16,8,late,0.1389296187683284,-0.0670821114369501,32,available
GLM-4.7-Flash,MoE write / expert update strength,moe_write_strength,16,9,late,0.1847507331378299,0.0245601173020527,32,available
GLM-4.7-Flash,MoE write / expert update strength,moe_write_strength,16,10,late,0.2342375366568914,-0.0135630498533724,32,available
GLM-4.7-Flash,MoE write / expert update strength,moe_write_strength,16,11,late,0.1598240469208211,-0.001466275659824,32,available
GLM-4.7-Flash,MoE write / expert update strength,moe_write_strength,17,0,early,0.2239736070381231,0.1077712609970674,32,available
GLM-4.7-Flash,MoE write / expert update strength,moe_write_strength,17,1,early,0.4175219941348973,0.3947947214076246,32,available
GLM-4.7-Flash,MoE write / expert update strength,moe_write_strength,17,2,early,0.284457478005865,0.282258064516129,32,available
GLM-4.7-Flash,MoE write / expert update strength,moe_write_strength,17,3,early,0.2060117302052785,0.1616568914956011,32,available
GLM-4.7-Flash,MoE write / expert update strength,moe_write_strength,17,4,middle,0.1975806451612903,0.095674486803519,32,available
GLM-4.7-Flash,MoE write / expert update strength,moe_write_strength,17,5,middle,0.2613636363636363,0.2320381231671554,32,available
GLM-4.7-Flash,MoE write / expert update strength,moe_write_strength,17,6,middle,0.2712609970674486,0.2280058651026392,32,available
GLM-4.7-Flash,MoE write / expert update strength,moe_write_strength,17,7,middle,0.1942815249266862,0.1198680351906158,32,available
GLM-4.7-Flash,MoE write / expert update strength,moe_write_strength,17,8,late,0.3632697947214076,0.2489002932551319,32,available
GLM-4.7-Flash,MoE write / expert update strength,moe_write_strength,17,9,late,0.219574780058651,0.1964809384164222,32,available
GLM-4.7-Flash,MoE write / expert update strength,moe_write_strength,17,10,late,0.3258797653958943,0.2756598240469208,32,available
GLM-4.7-Flash,MoE write / expert update strength,moe_write_strength,17,11,late,0.3071847507331378,0.2573313782991202,32,available
GLM-4.7-Flash,MoE write / expert update strength,moe_write_strength,18,0,early,0.3101173020527858,0.096407624633431,32,available
GLM-4.7-Flash,MoE write / expert update strength,moe_write_strength,18,1,early,0.4886363636363636,0.2958211143695014,32,available
GLM-4.7-Flash,MoE write / expert update strength,moe_write_strength,18,2,early,0.3673020527859237,0.2038123167155424,32,available
GLM-4.7-Flash,MoE write / expert update strength,moe_write_strength,18,3,early,0.344208211143695,0.1521260997067448,32,available
GLM-4.7-Flash,MoE write / expert update strength,moe_write_strength,18,4,middle,0.3112170087976539,0.1019061583577712,32,available
GLM-4.7-Flash,MoE write / expert update strength,moe_write_strength,18,5,middle,0.374266862170088,0.2214076246334311,32,available
GLM-4.7-Flash,MoE write / expert update strength,moe_write_strength,18,6,middle,0.3497067448680351,0.2027126099706745,32,available
GLM-4.7-Flash,MoE write / expert update strength,moe_write_strength,18,7,middle,0.2998533724340176,0.157624633431085,32,available
GLM-4.7-Flash,MoE write / expert update strength,moe_write_strength,18,8,late,0.2529325513196481,0.0619501466275659,32,available
GLM-4.7-Flash,MoE write / expert update strength,moe_write_strength,18,9,late,0.2906891495601172,0.1140029325513196,32,available
GLM-4.7-Flash,MoE write / expert update strength,moe_write_strength,18,10,late,0.3071847507331378,0.031891495601173,32,available
GLM-4.7-Flash,MoE write / expert update strength,moe_write_strength,18,11,late,0.3170821114369501,0.0406891495601173,32,available
GLM-4.7-Flash,MoE write / expert update strength,moe_write_strength,19,0,early,0.2895894428152492,0.1524926686217008,32,available
GLM-4.7-Flash,MoE write / expert update strength,moe_write_strength,19,1,early,0.4329178885630498,0.2382697947214076,32,available
GLM-4.7-Flash,MoE write / expert update strength,moe_write_strength,19,2,early,0.3958944281524926,0.3929618768328445,32,available
GLM-4.7-Flash,MoE write / expert update strength,moe_write_strength,19,3,early,0.3130498533724339,0.2302052785923753,32,available
GLM-4.7-Flash,MoE write / expert update strength,moe_write_strength,19,4,middle,0.2903225806451612,0.1656891495601173,32,available
GLM-4.7-Flash,MoE write / expert update strength,moe_write_strength,19,5,middle,0.3526392961876832,0.2368035190615835,32,available
GLM-4.7-Flash,MoE write / expert update strength,moe_write_strength,19,6,middle,0.2763929618768327,0.1649560117302052,32,available
GLM-4.7-Flash,MoE write / expert update strength,moe_write_strength,19,7,middle,0.2404692082111436,0.1620234604105571,32,available
GLM-4.7-Flash,MoE write / expert update strength,moe_write_strength,19,8,late,0.344941348973607,0.2456011730205278,32,available
GLM-4.7-Flash,MoE write / expert update strength,moe_write_strength,19,9,late,0.2430351906158357,0.1469941348973606,32,available
GLM-4.7-Flash,MoE write / expert update strength,moe_write_strength,19,10,late,0.3489736070381231,0.1704545454545454,32,available
GLM-4.7-Flash,MoE write / expert update strength,moe_write_strength,19,11,late,0.3016862170087976,0.1653225806451612,32,available
GLM-4.7-Flash,MoE write / expert update strength,moe_write_strength,20,0,early,0.2060117302052785,-0.0175953079178885,32,available
GLM-4.7-Flash,MoE write / expert update strength,moe_write_strength,20,1,early,0.347140762463343,0.0513196480938416,32,available
GLM-4.7-Flash,MoE write / expert update strength,moe_write_strength,20,2,early,0.2892228739002932,0.1862170087976539,32,available
GLM-4.7-Flash,MoE write / expert update strength,moe_write_strength,20,3,early,0.2280058651026392,0.0168621700879765,32,available
GLM-4.7-Flash,MoE write / expert update strength,moe_write_strength,20,4,middle,0.1345307917888563,-0.0865102639296187,32,available
GLM-4.7-Flash,MoE write / expert update strength,moe_write_strength,20,5,middle,0.2991202346041055,0.1217008797653958,32,available
GLM-4.7-Flash,MoE write / expert update strength,moe_write_strength,20,6,middle,0.1664222873900293,0.001099706744868,32,available
GLM-4.7-Flash,MoE write / expert update strength,moe_write_strength,20,7,middle,0.1220674486803519,-0.0619501466275659,32,available
GLM-4.7-Flash,MoE write / expert update strength,moe_write_strength,20,8,late,0.1858504398826979,-0.0351906158357771,32,available
GLM-4.7-Flash,MoE write / expert update strength,moe_write_strength,20,9,late,0.1198680351906158,-0.0601173020527859,32,available
GLM-4.7-Flash,MoE write / expert update strength,moe_write_strength,20,10,late,0.2507331378299119,-0.0102639296187683,32,available
GLM-4.7-Flash,MoE write / expert update strength,moe_write_strength,20,11,late,0.2166422287390029,0.0681818181818181,32,available
GLM-4.7-Flash,MoE write / expert update strength,moe_write_strength,21,0,early,0.2302052785923753,0.1418621700879765,32,available
GLM-4.7-Flash,MoE write / expert update strength,moe_write_strength,21,1,early,0.4556451612903225,0.4813049853372433,32,available
GLM-4.7-Flash,MoE write / expert update strength,moe_write_strength,21,2,early,0.5175953079178885,0.5120967741935484,32,available
GLM-4.7-Flash,MoE write / expert update strength,moe_write_strength,21,3,early,0.284090909090909,0.2584310850439882,32,available
GLM-4.7-Flash,MoE write / expert update strength,moe_write_strength,21,4,middle,0.2991202346041055,0.2382697947214076,32,available
GLM-4.7-Flash,MoE write / expert update strength,moe_write_strength,21,5,middle,0.4149560117302052,0.4215542521994134,32,available
GLM-4.7-Flash,MoE write / expert update strength,moe_write_strength,21,6,middle,0.3266129032258064,0.282624633431085,32,available
GLM-4.7-Flash,MoE write / expert update strength,moe_write_strength,21,7,middle,0.3720674486803519,0.3823313782991202,32,available
GLM-4.7-Flash,MoE write / expert update strength,moe_write_strength,21,8,late,0.4101906158357771,0.4362170087976539,32,available
GLM-4.7-Flash,MoE write / expert update strength,moe_write_strength,21,9,late,0.3962609970674486,0.3962609970674486,32,available
GLM-4.7-Flash,MoE write / expert update strength,moe_write_strength,21,10,late,0.3090175953079178,0.3112170087976539,32,available
GLM-4.7-Flash,MoE write / expert update strength,moe_write_strength,21,11,late,0.4186217008797653,0.3841642228739002,32,available
GLM-4.7-Flash,MoE write / expert update strength,moe_write_strength,22,0,early,0.344208211143695,0.1367302052785923,32,available
GLM-4.7-Flash,MoE write / expert update strength,moe_write_strength,22,1,early,0.4915689149560116,0.2917888563049853,32,available
GLM-4.7-Flash,MoE write / expert update strength,moe_write_strength,22,2,early,0.5718475073313782,0.4886363636363636,32,available
GLM-4.7-Flash,MoE write / expert update strength,moe_write_strength,22,3,early,0.471774193548387,0.2906891495601172,32,available
GLM-4.7-Flash,MoE write / expert update strength,moe_write_strength,22,4,middle,0.5278592375366569,0.343841642228739,32,available
GLM-4.7-Flash,MoE write / expert update strength,moe_write_strength,22,5,middle,0.5564516129032258,0.4534457478005864,32,available
GLM-4.7-Flash,MoE write / expert update strength,moe_write_strength,22,6,middle,0.346041055718475,0.1913489736070381,32,available
GLM-4.7-Flash,MoE write / expert update strength,moe_write_strength,22,7,middle,0.4527126099706744,0.3621700879765395,32,available
GLM-4.7-Flash,MoE write / expert update strength,moe_write_strength,22,8,late,0.4024926686217009,0.2434017595307917,32,available
GLM-4.7-Flash,MoE write / expert update strength,moe_write_strength,22,9,late,0.3702346041055718,0.2129765395894428,32,available
GLM-4.7-Flash,MoE write / expert update strength,moe_write_strength,22,10,late,0.4728739002932551,0.2701612903225806,32,available
GLM-4.7-Flash,MoE write / expert update strength,moe_write_strength,22,11,late,0.4681085043988269,0.3317448680351906,32,available
GLM-4.7-Flash,MoE write / expert update strength,moe_write_strength,23,0,early,0.25366568914956,0.1686217008797653,32,available
GLM-4.7-Flash,MoE write / expert update strength,moe_write_strength,23,1,early,0.2756598240469208,0.0762463343108504,32,available
GLM-4.7-Flash,MoE write / expert update strength,moe_write_strength,23,2,early,0.2800586510263929,0.2386363636363636,32,available
GLM-4.7-Flash,MoE write / expert update strength,moe_write_strength,23,3,early,0.314516129032258,0.1543255131964809,32,available
GLM-4.7-Flash,MoE write / expert update strength,moe_write_strength,23,4,middle,0.1301319648093841,-0.0901759530791788,32,available
GLM-4.7-Flash,MoE write / expert update strength,moe_write_strength,23,5,middle,0.3533724340175952,0.2668621700879765,32,available
GLM-4.7-Flash,MoE write / expert update strength,moe_write_strength,23,6,middle,0.1785190615835777,0.1623900293255131,32,available
GLM-4.7-Flash,MoE write / expert update strength,moe_write_strength,23,7,middle,0.2030791788856304,0.0975073313782991,32,available
GLM-4.7-Flash,MoE write / expert update strength,moe_write_strength,23,8,late,0.12683284457478,-0.0051319648093841,32,available
GLM-4.7-Flash,MoE write / expert update strength,moe_write_strength,23,9,late,0.1942815249266862,0.1026392961876832,32,available
GLM-4.7-Flash,MoE write / expert update strength,moe_write_strength,23,10,late,0.2294721407624632,0.0432551319648093,32,available
GLM-4.7-Flash,MoE write / expert update strength,moe_write_strength,23,11,late,0.2598973607038123,0.1550586510263929,32,available
GLM-4.7-Flash,MoE write / expert update strength,moe_write_strength,24,0,early,0.3969941348973607,0.2093108504398826,32,available
GLM-4.7-Flash,MoE write / expert update strength,moe_write_strength,24,1,early,0.6074046920821115,0.468841642228739,32,available
GLM-4.7-Flash,MoE write / expert update strength,moe_write_strength,24,2,early,0.5047653958944281,0.4362170087976539,32,available
GLM-4.7-Flash,MoE write / expert update strength,moe_write_strength,24,3,early,0.4446480938416421,0.2745601173020527,32,available
GLM-4.7-Flash,MoE write / expert update strength,moe_write_strength,24,4,middle,0.3999266862170088,0.2591642228739003,32,available
GLM-4.7-Flash,MoE write / expert update strength,moe_write_strength,24,5,middle,0.4820381231671554,0.3720674486803519,32,available
GLM-4.7-Flash,MoE write / expert update strength,moe_write_strength,24,6,middle,0.4428152492668622,0.3273460410557184,32,available
GLM-4.7-Flash,MoE write / expert update strength,moe_write_strength,24,7,middle,0.4182551319648093,0.3310117302052786,32,available
GLM-4.7-Flash,MoE write / expert update strength,moe_write_strength,24,8,late,0.441348973607038,0.2947214076246334,32,available
GLM-4.7-Flash,MoE write / expert update strength,moe_write_strength,24,9,late,0.4585777126099705,0.3262463343108503,32,available
GLM-4.7-Flash,MoE write / expert update strength,moe_write_strength,24,10,late,0.4677419354838708,0.2463343108504398,32,available
GLM-4.7-Flash,MoE write / expert update strength,moe_write_strength,24,11,late,0.4989002932551318,0.3581378299120234,32,available
GLM-4.7-Flash,MoE write / expert update strength,moe_write_strength,25,0,early,0.1638563049853372,0.0890762463343108,32,available
GLM-4.7-Flash,MoE write / expert update strength,moe_write_strength,25,1,early,0.0773460410557184,-0.0480205278592375,32,available
GLM-4.7-Flash,MoE write / expert update strength,moe_write_strength,25,2,early,0.1682551319648093,0.1103372434017595,32,available
GLM-4.7-Flash,MoE write / expert update strength,moe_write_strength,25,3,early,0.1693548387096774,0.0469208211143695,32,available
GLM-4.7-Flash,MoE write / expert update strength,moe_write_strength,25,4,middle,0.0311583577712609,-0.1403958944281524,32,available
GLM-4.7-Flash,MoE write / expert update strength,moe_write_strength,25,5,middle,0.2980205278592375,0.1708211143695014,32,available
GLM-4.7-Flash,MoE write / expert update strength,moe_write_strength,25,6,middle,0.0549853372434017,-0.0362903225806451,32,available
GLM-4.7-Flash,MoE write / expert update strength,moe_write_strength,25,7,middle,0.1173020527859237,0.0205278592375366,32,available
GLM-4.7-Flash,MoE write / expert update strength,moe_write_strength,25,8,late,0.1480938416422287,0.0458211143695014,32,available
GLM-4.7-Flash,MoE write / expert update strength,moe_write_strength,25,9,late,0.1107038123167155,0.0131964809384164,32,available
GLM-4.7-Flash,MoE write / expert update strength,moe_write_strength,25,10,late,0.2228739002932551,0.0454545454545454,32,available
GLM-4.7-Flash,MoE write / expert update strength,moe_write_strength,25,11,late,0.0898093841642228,0.0414222873900293,32,available
GLM-4.7-Flash,MoE write / expert update strength,moe_write_strength,26,0,early,0.4479472140762463,0.3398093841642228,32,available
GLM-4.7-Flash,MoE write / expert update strength,moe_write_strength,26,1,early,0.3640029325513196,0.2287390029325513,32,available
GLM-4.7-Flash,MoE write / expert update strength,moe_write_strength,26,2,early,0.3489736070381231,0.3086510263929618,32,available
GLM-4.7-Flash,MoE write / expert update strength,moe_write_strength,26,3,early,0.4457478005865102,0.3812316715542521,32,available
GLM-4.7-Flash,MoE write / expert update strength,moe_write_strength,26,4,middle,0.4175219941348973,0.3255131964809384,32,available
GLM-4.7-Flash,MoE write / expert update strength,moe_write_strength,26,5,middle,0.3596041055718474,0.2353372434017595,32,available
GLM-4.7-Flash,MoE write / expert update strength,moe_write_strength,26,6,middle,0.3075513196480938,0.2445014662756598,32,available
GLM-4.7-Flash,MoE write / expert update strength,moe_write_strength,26,7,middle,0.3720674486803519,0.2906891495601172,32,available
GLM-4.7-Flash,MoE write / expert update strength,moe_write_strength,26,8,late,0.3896627565982404,0.3016862170087976,32,available
GLM-4.7-Flash,MoE write / expert update strength,moe_write_strength,26,9,late,0.3027859237536657,0.2547653958944281,32,available
GLM-4.7-Flash,MoE write / expert update strength,moe_write_strength,26,10,late,0.3500733137829911,0.283724340175953,32,available
GLM-4.7-Flash,MoE write / expert update strength,moe_write_strength,26,11,late,0.3427419354838709,0.2866568914956011,32,available
GLM-4.7-Flash,MoE write / expert update strength,moe_write_strength,27,0,early,0.375366568914956,0.0568181818181818,32,available
GLM-4.7-Flash,MoE write / expert update strength,moe_write_strength,27,1,early,0.5755131964809383,0.282258064516129,32,available
GLM-4.7-Flash,MoE write / expert update strength,moe_write_strength,27,2,early,0.4838709677419354,0.2855571847507331,32,available
GLM-4.7-Flash,MoE write / expert update strength,moe_write_strength,27,3,early,0.4893695014662756,0.1557917888563049,32,available
GLM-4.7-Flash,MoE write / expert update strength,moe_write_strength,27,4,middle,0.4497800586510263,0.1312316715542522,32,available
GLM-4.7-Flash,MoE write / expert update strength,moe_write_strength,27,5,middle,0.4879032258064516,0.2958211143695014,32,available
GLM-4.7-Flash,MoE write / expert update strength,moe_write_strength,27,6,middle,0.3574046920821114,0.1088709677419354,32,available
GLM-4.7-Flash,MoE write / expert update strength,moe_write_strength,27,7,middle,0.4296187683284457,0.1847507331378299,32,available
GLM-4.7-Flash,MoE write / expert update strength,moe_write_strength,27,8,late,0.409090909090909,0.0846774193548387,32,available
GLM-4.7-Flash,MoE write / expert update strength,moe_write_strength,27,9,late,0.345307917888563,0.0260263929618768,32,available
GLM-4.7-Flash,MoE write / expert update strength,moe_write_strength,27,10,late,0.5216275659824047,0.1847507331378299,32,available
GLM-4.7-Flash,MoE write / expert update strength,moe_write_strength,27,11,late,0.4604105571847507,0.2162756598240469,32,available
GLM-4.7-Flash,MoE write / expert update strength,moe_write_strength,28,0,early,0.2587976539589443,0.0993401759530791,32,available
GLM-4.7-Flash,MoE write / expert update strength,moe_write_strength,28,1,early,0.4076246334310849,0.2008797653958944,32,available
GLM-4.7-Flash,MoE write / expert update strength,moe_write_strength,28,2,early,0.4468475073313782,0.3922287390029325,32,available
GLM-4.7-Flash,MoE write / expert update strength,moe_write_strength,28,3,early,0.346407624633431,0.2412023460410557,32,available
GLM-4.7-Flash,MoE write / expert update strength,moe_write_strength,28,4,middle,0.3881964809384164,0.2408357771260997,32,available
GLM-4.7-Flash,MoE write / expert update strength,moe_write_strength,28,5,middle,0.3273460410557184,0.1979472140762463,32,available
GLM-4.7-Flash,MoE write / expert update strength,moe_write_strength,28,6,middle,0.2917888563049853,0.1990469208211143,32,available
GLM-4.7-Flash,MoE write / expert update strength,moe_write_strength,28,7,middle,0.2382697947214076,0.1990469208211143,32,available
GLM-4.7-Flash,MoE write / expert update strength,moe_write_strength,28,8,late,0.3192815249266862,0.1752199413489735,32,available
GLM-4.7-Flash,MoE write / expert update strength,moe_write_strength,28,9,late,0.3251466275659824,0.2558651026392962,32,available
GLM-4.7-Flash,MoE write / expert update strength,moe_write_strength,28,10,late,0.2565982404692081,0.1041055718475073,32,available
GLM-4.7-Flash,MoE write / expert update strength,moe_write_strength,28,11,late,0.2983870967741935,0.1854838709677419,32,available
GLM-4.7-Flash,MoE write / expert update strength,moe_write_strength,29,0,early,0.2034457478005865,0.1752199413489735,32,available
GLM-4.7-Flash,MoE write / expert update strength,moe_write_strength,29,1,early,0.1458944281524926,0.0982404692082111,32,available
GLM-4.7-Flash,MoE write / expert update strength,moe_write_strength,29,2,early,0.2771260997067448,0.3053519061583578,32,available
GLM-4.7-Flash,MoE write / expert update strength,moe_write_strength,29,3,early,0.1521260997067448,0.1297653958944281,32,available
GLM-4.7-Flash,MoE write / expert update strength,moe_write_strength,29,4,middle,0.1154692082111436,-0.0307917888563049,32,available
GLM-4.7-Flash,MoE write / expert update strength,moe_write_strength,29,5,middle,0.2419354838709677,0.1865835777126099,32,available
GLM-4.7-Flash,MoE write / expert update strength,moe_write_strength,29,6,middle,0.2947214076246334,0.3024193548387097,32,available
GLM-4.7-Flash,MoE write / expert update strength,moe_write_strength,29,7,middle,0.1774193548387096,0.1612903225806451,32,available
GLM-4.7-Flash,MoE write / expert update strength,moe_write_strength,29,8,late,0.2239736070381231,0.221041055718475,32,available
GLM-4.7-Flash,MoE write / expert update strength,moe_write_strength,29,9,late,0.2481671554252199,0.2346041055718475,32,available
GLM-4.7-Flash,MoE write / expert update strength,moe_write_strength,29,10,late,0.1440615835777126,0.127565982404692,32,available
GLM-4.7-Flash,MoE write / expert update strength,moe_write_strength,29,11,late,0.187683284457478,0.1601906158357771,32,available
GLM-4.7-Flash,MoE write / expert update strength,moe_write_strength,30,0,early,0.094941348973607,-0.0274926686217008,32,available
GLM-4.7-Flash,MoE write / expert update strength,moe_write_strength,30,1,early,0.2628299120234604,0.1656891495601173,32,available
GLM-4.7-Flash,MoE write / expert update strength,moe_write_strength,30,2,early,0.3903958944281524,0.374266862170088,32,available
GLM-4.7-Flash,MoE write / expert update strength,moe_write_strength,30,3,early,0.2342375366568914,0.2001466275659824,32,available
GLM-4.7-Flash,MoE write / expert update strength,moe_write_strength,30,4,middle,0.2254398826979472,0.1381964809384163,32,available
GLM-4.7-Flash,MoE write / expert update strength,moe_write_strength,30,5,middle,0.2250733137829911,0.1484604105571847,32,available
GLM-4.7-Flash,MoE write / expert update strength,moe_write_strength,30,6,middle,0.2430351906158357,0.1799853372434017,32,available
GLM-4.7-Flash,MoE write / expert update strength,moe_write_strength,30,7,middle,0.3101173020527858,0.3225806451612903,32,available
GLM-4.7-Flash,MoE write / expert update strength,moe_write_strength,30,8,late,0.3673020527859237,0.3372434017595307,32,available
GLM-4.7-Flash,MoE write / expert update strength,moe_write_strength,30,9,late,0.2749266862170087,0.2236070381231671,32,available
GLM-4.7-Flash,MoE write / expert update strength,moe_write_strength,30,10,late,0.221774193548387,0.1686217008797653,32,available
GLM-4.7-Flash,MoE write / expert update strength,moe_write_strength,30,11,late,0.2895894428152492,0.1726539589442815,32,available
GLM-4.7-Flash,MoE write / expert update strength,moe_write_strength,31,0,early,0.343841642228739,0.2969208211143695,32,available
GLM-4.7-Flash,MoE write / expert update strength,moe_write_strength,31,1,early,0.4164222873900293,0.440982404692082,32,available
GLM-4.7-Flash,MoE write / expert update strength,moe_write_strength,31,2,early,0.5403225806451613,0.5249266862170088,32,available
GLM-4.7-Flash,MoE write / expert update strength,moe_write_strength,31,3,early,0.3299120234604105,0.374266862170088,32,available
GLM-4.7-Flash,MoE write / expert update strength,moe_write_strength,31,4,middle,0.4659090909090909,0.4549120234604105,32,available
GLM-4.7-Flash,MoE write / expert update strength,moe_write_strength,31,5,middle,0.3497067448680351,0.3632697947214076,32,available
GLM-4.7-Flash,MoE write / expert update strength,moe_write_strength,31,6,middle,0.3717008797653959,0.2884897360703812,32,available
GLM-4.7-Flash,MoE write / expert update strength,moe_write_strength,31,7,middle,0.440615835777126,0.4739736070381231,32,available
GLM-4.7-Flash,MoE write / expert update strength,moe_write_strength,31,8,late,0.4989002932551318,0.5146627565982405,32,available
GLM-4.7-Flash,MoE write / expert update strength,moe_write_strength,31,9,late,0.345674486803519,0.345674486803519,32,available
GLM-4.7-Flash,MoE write / expert update strength,moe_write_strength,31,10,late,0.2694281524926686,0.3317448680351906,32,available
GLM-4.7-Flash,MoE write / expert update strength,moe_write_strength,31,11,late,0.4380498533724339,0.3537390029325513,32,available
GLM-4.7-Flash,MoE write / expert update strength,moe_write_strength,32,0,early,0.1620234604105571,0.0414222873900293,32,available
GLM-4.7-Flash,MoE write / expert update strength,moe_write_strength,32,1,early,0.375,0.3728005865102639,32,available
GLM-4.7-Flash,MoE write / expert update strength,moe_write_strength,32,2,early,0.4915689149560116,0.5260263929618768,32,available
GLM-4.7-Flash,MoE write / expert update strength,moe_write_strength,32,3,early,0.2580645161290322,0.2877565982404692,32,available
GLM-4.7-Flash,MoE write / expert update strength,moe_write_strength,32,4,middle,0.4589442815249265,0.4105571847507331,32,available
GLM-4.7-Flash,MoE write / expert update strength,moe_write_strength,32,5,middle,0.2474340175953078,0.25366568914956,32,available
GLM-4.7-Flash,MoE write / expert update strength,moe_write_strength,32,6,middle,0.4351173020527858,0.3867302052785923,32,available
GLM-4.7-Flash,MoE write / expert update strength,moe_write_strength,32,7,middle,0.3944281524926686,0.439882697947214,32,available
GLM-4.7-Flash,MoE write / expert update strength,moe_write_strength,32,8,late,0.499633431085044,0.5377565982404692,32,available
GLM-4.7-Flash,MoE write / expert update strength,moe_write_strength,32,9,late,0.3933284457478005,0.3947947214076246,32,available
GLM-4.7-Flash,MoE write / expert update strength,moe_write_strength,32,10,late,0.2613636363636363,0.315615835777126,32,available
GLM-4.7-Flash,MoE write / expert update strength,moe_write_strength,32,11,late,0.4164222873900293,0.3354105571847507,32,available
GLM-4.7-Flash,MoE write / expert update strength,moe_write_strength,33,0,early,0.2914222873900293,0.2074780058651026,32,available
GLM-4.7-Flash,MoE write / expert update strength,moe_write_strength,33,1,early,0.43658357771261,0.4222873900293254,32,available
GLM-4.7-Flash,MoE write / expert update strength,moe_write_strength,33,2,early,0.4057917888563049,0.3834310850439882,32,available
GLM-4.7-Flash,MoE write / expert update strength,moe_write_strength,33,3,early,0.3933284457478005,0.37866568914956,32,available
GLM-4.7-Flash,MoE write / expert update strength,moe_write_strength,33,4,middle,0.4299853372434017,0.3387096774193548,32,available
GLM-4.7-Flash,MoE write / expert update strength,moe_write_strength,33,5,middle,0.2445014662756598,0.2045454545454545,32,available
GLM-4.7-Flash,MoE write / expert update strength,moe_write_strength,33,6,middle,0.4050586510263929,0.3603372434017595,32,available
GLM-4.7-Flash,MoE write / expert update strength,moe_write_strength,33,7,middle,0.4156891495601172,0.4292521994134897,32,available
GLM-4.7-Flash,MoE write / expert update strength,moe_write_strength,33,8,late,0.4666422287390029,0.4728739002932551,32,available
GLM-4.7-Flash,MoE write / expert update strength,moe_write_strength,33,9,late,0.4450146627565982,0.4266862170087976,32,available
GLM-4.7-Flash,MoE write / expert update strength,moe_write_strength,33,10,late,0.2947214076246334,0.3075513196480938,32,available
GLM-4.7-Flash,MoE write / expert update strength,moe_write_strength,33,11,late,0.4083577712609971,0.3079178885630498,32,available
GLM-4.7-Flash,MoE write / expert update strength,moe_write_strength,34,0,early,0.1869501466275659,-0.0252932551319648,32,available
GLM-4.7-Flash,MoE write / expert update strength,moe_write_strength,34,1,early,0.3922287390029325,0.1319648093841642,32,available
GLM-4.7-Flash,MoE write / expert update strength,moe_write_strength,34,2,early,0.471774193548387,0.3717008797653959,32,available
GLM-4.7-Flash,MoE write / expert update strength,moe_write_strength,34,3,early,0.3555718475073313,0.1667888563049853,32,available
GLM-4.7-Flash,MoE write / expert update strength,moe_write_strength,34,4,middle,0.3988269794721407,0.158724340175953,32,available
GLM-4.7-Flash,MoE write / expert update strength,moe_write_strength,34,5,middle,0.3214809384164222,0.0997067448680351,32,available
GLM-4.7-Flash,MoE write / expert update strength,moe_write_strength,34,6,middle,0.3599706744868035,0.2148093841642228,32,available
GLM-4.7-Flash,MoE write / expert update strength,moe_write_strength,34,7,middle,0.3332111436950146,0.187316715542522,32,available
GLM-4.7-Flash,MoE write / expert update strength,moe_write_strength,34,8,late,0.4296187683284457,0.3269794721407624,32,available
GLM-4.7-Flash,MoE write / expert update strength,moe_write_strength,34,9,late,0.3079178885630498,0.1924486803519061,32,available
GLM-4.7-Flash,MoE write / expert update strength,moe_write_strength,34,10,late,0.3830645161290322,0.221774193548387,32,available
GLM-4.7-Flash,MoE write / expert update strength,moe_write_strength,34,11,late,0.3566715542521994,0.2159090909090908,32,available
GLM-4.7-Flash,MoE write / expert update strength,moe_write_strength,35,0,early,0.2280058651026392,0.0703812316715542,32,available
GLM-4.7-Flash,MoE write / expert update strength,moe_write_strength,35,1,early,0.2987536656891495,0.2368035190615835,32,available
GLM-4.7-Flash,MoE write / expert update strength,moe_write_strength,35,2,early,0.3856304985337243,0.3863636363636363,32,available
GLM-4.7-Flash,MoE write / expert update strength,moe_write_strength,35,3,early,0.2327712609970674,0.2052785923753665,32,available
GLM-4.7-Flash,MoE write / expert update strength,moe_write_strength,35,4,middle,0.3845307917888562,0.2697947214076246,32,available
GLM-4.7-Flash,MoE write / expert update strength,moe_write_strength,35,5,middle,0.3222140762463343,0.2254398826979472,32,available
GLM-4.7-Flash,MoE write / expert update strength,moe_write_strength,35,6,middle,0.3691348973607038,0.3104838709677419,32,available
GLM-4.7-Flash,MoE write / expert update strength,moe_write_strength,35,7,middle,0.3596041055718474,0.3706011730205278,32,available
GLM-4.7-Flash,MoE write / expert update strength,moe_write_strength,35,8,late,0.4626099706744868,0.4871700879765395,32,available
GLM-4.7-Flash,MoE write / expert update strength,moe_write_strength,35,9,late,0.3273460410557184,0.3185483870967741,32,available
GLM-4.7-Flash,MoE write / expert update strength,moe_write_strength,35,10,late,0.2089442815249266,0.2214076246334311,32,available
GLM-4.7-Flash,MoE write / expert update strength,moe_write_strength,35,11,late,0.3192815249266862,0.2250733137829911,32,available
GLM-4.7-Flash,MoE write / expert update strength,moe_write_strength,36,0,early,0.1653225806451612,0.1719208211143695,32,available
GLM-4.7-Flash,MoE write / expert update strength,moe_write_strength,36,1,early,0.1858504398826979,0.1601906158357771,32,available
GLM-4.7-Flash,MoE write / expert update strength,moe_write_strength,36,2,early,0.3497067448680351,0.3728005865102639,32,available
GLM-4.7-Flash,MoE write / expert update strength,moe_write_strength,36,3,early,0.1359970674486803,0.1682551319648093,32,available
GLM-4.7-Flash,MoE write / expert update strength,moe_write_strength,36,4,middle,0.1517595307917888,0.1689882697947214,32,available
GLM-4.7-Flash,MoE write / expert update strength,moe_write_strength,36,5,middle,0.3698680351906158,0.3280791788856305,32,available
GLM-4.7-Flash,MoE write / expert update strength,moe_write_strength,36,6,middle,0.2074780058651026,0.1785190615835777,32,available
GLM-4.7-Flash,MoE write / expert update strength,moe_write_strength,36,7,middle,0.2811583577712609,0.3350439882697947,32,available
GLM-4.7-Flash,MoE write / expert update strength,moe_write_strength,36,8,late,0.2734604105571847,0.283724340175953,32,available
GLM-4.7-Flash,MoE write / expert update strength,moe_write_strength,36,9,late,0.2565982404692081,0.25183284457478,32,available
GLM-4.7-Flash,MoE write / expert update strength,moe_write_strength,36,10,late,0.1140029325513196,0.1392961876832844,32,available
GLM-4.7-Flash,MoE write / expert update strength,moe_write_strength,36,11,late,0.2547653958944281,0.2269061583577712,32,available
GLM-4.7-Flash,MoE write / expert update strength,moe_write_strength,37,0,early,0.2547653958944281,0.1011730205278592,32,available
GLM-4.7-Flash,MoE write / expert update strength,moe_write_strength,37,1,early,0.3859970674486803,0.3101173020527858,32,available
GLM-4.7-Flash,MoE write / expert update strength,moe_write_strength,37,2,early,0.4087243401759531,0.4145894428152492,32,available
GLM-4.7-Flash,MoE write / expert update strength,moe_write_strength,37,3,early,0.2562316715542522,0.2324046920821113,32,available
GLM-4.7-Flash,MoE write / expert update strength,moe_write_strength,37,4,middle,0.4292521994134897,0.3306451612903225,32,available
GLM-4.7-Flash,MoE write / expert update strength,moe_write_strength,37,5,middle,0.2118768328445747,0.1286656891495601,32,available
GLM-4.7-Flash,MoE write / expert update strength,moe_write_strength,37,6,middle,0.3174486803519061,0.2188416422287389,32,available
GLM-4.7-Flash,MoE write / expert update strength,moe_write_strength,37,7,middle,0.3185483870967741,0.2679618768328445,32,available
GLM-4.7-Flash,MoE write / expert update strength,moe_write_strength,37,8,late,0.4446480938416421,0.3951612903225806,32,available
GLM-4.7-Flash,MoE write / expert update strength,moe_write_strength,37,9,late,0.25183284457478,0.2353372434017595,32,available
GLM-4.7-Flash,MoE write / expert update strength,moe_write_strength,37,10,late,0.1924486803519061,0.1623900293255131,32,available
GLM-4.7-Flash,MoE write / expert update strength,moe_write_strength,37,11,late,0.3218475073313782,0.1997800586510264,32,available
GLM-4.7-Flash,MoE write / expert update strength,moe_write_strength,38,0,early,-0.1019061583577712,-0.1323313782991202,32,available
GLM-4.7-Flash,MoE write / expert update strength,moe_write_strength,38,1,early,-0.0846774193548387,-0.0762463343108504,32,available
GLM-4.7-Flash,MoE write / expert update strength,moe_write_strength,38,2,early,0.0608504398826979,0.0234604105571847,32,available
GLM-4.7-Flash,MoE write / expert update strength,moe_write_strength,38,3,early,0.0069648093841642,0.0384897360703812,32,available
GLM-4.7-Flash,MoE write / expert update strength,moe_write_strength,38,4,middle,0.0113636363636363,0.0,32,available
GLM-4.7-Flash,MoE write / expert update strength,moe_write_strength,38,5,middle,-0.0289589442815249,-0.0465542521994134,32,available
GLM-4.7-Flash,MoE write / expert update strength,moe_write_strength,38,6,middle,-0.0663489736070381,-0.0879765395894428,32,available
GLM-4.7-Flash,MoE write / expert update strength,moe_write_strength,38,7,middle,0.093841642228739,0.1451612903225806,32,available
GLM-4.7-Flash,MoE write / expert update strength,moe_write_strength,38,8,late,0.0249266862170087,0.0975073313782991,32,available
GLM-4.7-Flash,MoE write / expert update strength,moe_write_strength,38,9,late,-0.002199413489736,0.0098973607038123,32,available
GLM-4.7-Flash,MoE write / expert update strength,moe_write_strength,38,10,late,-0.06341642228739,-0.0047653958944281,32,available
GLM-4.7-Flash,MoE write / expert update strength,moe_write_strength,38,11,late,0.0531524926686217,-0.0267595307917888,32,available
GLM-4.7-Flash,MoE write / expert update strength,moe_write_strength,39,0,early,0.0802785923753665,0.157991202346041,32,available
GLM-4.7-Flash,MoE write / expert update strength,moe_write_strength,39,1,early,0.0993401759530791,0.2228739002932551,32,available
GLM-4.7-Flash,MoE write / expert update strength,moe_write_strength,39,2,early,0.1986803519061583,0.1686217008797653,32,available
GLM-4.7-Flash,MoE write / expert update strength,moe_write_strength,39,3,early,0.2848240469208211,0.3049853372434017,32,available
GLM-4.7-Flash,MoE write / expert update strength,moe_write_strength,39,4,middle,0.1777859237536656,0.2001466275659824,32,available
GLM-4.7-Flash,MoE write / expert update strength,moe_write_strength,39,5,middle,0.1396627565982404,0.2082111436950146,32,available
GLM-4.7-Flash,MoE write / expert update strength,moe_write_strength,39,6,middle,0.1092375366568914,0.1378299120234604,32,available
GLM-4.7-Flash,MoE write / expert update strength,moe_write_strength,39,7,middle,0.3016862170087976,0.2609970674486803,32,available
GLM-4.7-Flash,MoE write / expert update strength,moe_write_strength,39,8,late,0.1928152492668621,0.2247067448680351,32,available
GLM-4.7-Flash,MoE write / expert update strength,moe_write_strength,39,9,late,0.2426686217008797,0.253299120234604,32,available
GLM-4.7-Flash,MoE write / expert update strength,moe_write_strength,39,10,late,0.2782258064516129,0.3662023460410557,32,available
GLM-4.7-Flash,MoE write / expert update strength,moe_write_strength,39,11,late,0.2606304985337243,0.3090175953079178,32,available
GLM-4.7-Flash,MoE write / expert update strength,moe_write_strength,40,0,early,0.0296920821114369,0.0920087976539589,32,available
GLM-4.7-Flash,MoE write / expert update strength,moe_write_strength,40,1,early,-0.0153958944281524,0.0835777126099706,32,available
GLM-4.7-Flash,MoE write / expert update strength,moe_write_strength,40,2,early,0.0381231671554252,0.0516862170087976,32,available
GLM-4.7-Flash,MoE write / expert update strength,moe_write_strength,40,3,early,0.1319648093841642,0.2001466275659824,32,available
GLM-4.7-Flash,MoE write / expert update strength,moe_write_strength,40,4,middle,0.0164956011730205,0.0388563049853372,32,available
GLM-4.7-Flash,MoE write / expert update strength,moe_write_strength,40,5,middle,0.0113636363636363,0.0802785923753665,32,available
GLM-4.7-Flash,MoE write / expert update strength,moe_write_strength,40,6,middle,0.0150293255131964,0.0439882697947214,32,available
GLM-4.7-Flash,MoE write / expert update strength,moe_write_strength,40,7,middle,0.1378299120234604,0.1297653958944281,32,available
GLM-4.7-Flash,MoE write / expert update strength,moe_write_strength,40,8,late,0.0102639296187683,0.1198680351906158,32,available
GLM-4.7-Flash,MoE write / expert update strength,moe_write_strength,40,9,late,0.0876099706744867,0.1367302052785923,32,available
GLM-4.7-Flash,MoE write / expert update strength,moe_write_strength,40,10,late,0.0597507331378299,0.1975806451612903,32,available
GLM-4.7-Flash,MoE write / expert update strength,moe_write_strength,40,11,late,0.0813782991202346,0.125733137829912,32,available
GLM-4.7-Flash,MoE write / expert update strength,moe_write_strength,41,0,early,-0.0920087976539589,-0.3310117302052786,32,available
GLM-4.7-Flash,MoE write / expert update strength,moe_write_strength,41,1,early,0.1810850439882697,-0.0454545454545454,32,available
GLM-4.7-Flash,MoE write / expert update strength,moe_write_strength,41,2,early,0.0700146627565982,-0.0931085043988269,32,available
GLM-4.7-Flash,MoE write / expert update strength,moe_write_strength,41,3,early,-0.1345307917888563,-0.376099706744868,32,available
GLM-4.7-Flash,MoE write / expert update strength,moe_write_strength,41,4,middle,-0.0432551319648093,-0.221774193548387,32,available
GLM-4.7-Flash,MoE write / expert update strength,moe_write_strength,41,5,middle,0.0447214076246334,-0.1425953079178885,32,available
GLM-4.7-Flash,MoE write / expert update strength,moe_write_strength,41,6,middle,-0.0095307917888563,-0.1990469208211143,32,available
GLM-4.7-Flash,MoE write / expert update strength,moe_write_strength,41,7,middle,-0.1136363636363636,-0.2928885630498533,32,available
GLM-4.7-Flash,MoE write / expert update strength,moe_write_strength,41,8,late,-0.0564516129032258,-0.25183284457478,32,available
GLM-4.7-Flash,MoE write / expert update strength,moe_write_strength,41,9,late,-0.0355571847507331,-0.2426686217008797,32,available
GLM-4.7-Flash,MoE write / expert update strength,moe_write_strength,41,10,late,0.0,-0.2074780058651026,32,available
GLM-4.7-Flash,MoE write / expert update strength,moe_write_strength,41,11,late,-0.0113636363636363,-0.1810850439882697,32,available
GLM-4.7-Flash,MoE write / expert update strength,moe_write_strength,42,0,early,-0.0494868035190615,-0.0615835777126099,32,available
GLM-4.7-Flash,MoE write / expert update strength,moe_write_strength,42,1,early,0.0516862170087976,0.064149560117302,32,available
GLM-4.7-Flash,MoE write / expert update strength,moe_write_strength,42,2,early,0.0197947214076246,0.0443548387096774,32,available
GLM-4.7-Flash,MoE write / expert update strength,moe_write_strength,42,3,early,-0.0406891495601173,-0.001099706744868,32,available
GLM-4.7-Flash,MoE write / expert update strength,moe_write_strength,42,4,middle,0.0901759530791788,0.0865102639296187,32,available
GLM-4.7-Flash,MoE write / expert update strength,moe_write_strength,42,5,middle,-0.0608504398826979,-0.1246334310850439,32,available
GLM-4.7-Flash,MoE write / expert update strength,moe_write_strength,42,6,middle,0.0802785923753665,0.0681818181818181,32,available
GLM-4.7-Flash,MoE write / expert update strength,moe_write_strength,42,7,middle,-0.0095307917888563,0.0128299120234604,32,available
GLM-4.7-Flash,MoE write / expert update strength,moe_write_strength,42,8,late,0.1008064516129032,0.1869501466275659,32,available
GLM-4.7-Flash,MoE write / expert update strength,moe_write_strength,42,9,late,0.0505865102639296,0.1059384164222873,32,available
GLM-4.7-Flash,MoE write / expert update strength,moe_write_strength,42,10,late,-0.0450879765395894,0.0102639296187683,32,available
GLM-4.7-Flash,MoE write / expert update strength,moe_write_strength,42,11,late,-0.0051319648093841,-0.0164956011730205,32,available
GLM-4.7-Flash,MoE write / expert update strength,moe_write_strength,43,0,early,-0.0788123167155425,-0.1033724340175953,32,available
GLM-4.7-Flash,MoE write / expert update strength,moe_write_strength,43,1,early,-0.0366568914956011,0.0707478005865102,32,available
GLM-4.7-Flash,MoE write / expert update strength,moe_write_strength,43,2,early,0.0249266862170087,0.0183284457478005,32,available
GLM-4.7-Flash,MoE write / expert update strength,moe_write_strength,43,3,early,-0.0091642228739002,0.0458211143695014,32,available
GLM-4.7-Flash,MoE write / expert update strength,moe_write_strength,43,4,middle,0.0304252199413489,0.1114369501466275,32,available
GLM-4.7-Flash,MoE write / expert update strength,moe_write_strength,43,5,middle,-0.1129032258064516,-0.0406891495601173,32,available
GLM-4.7-Flash,MoE write / expert update strength,moe_write_strength,43,6,middle,-0.0032991202346041,-0.0135630498533724,32,available
GLM-4.7-Flash,MoE write / expert update strength,moe_write_strength,43,7,middle,0.1374633431085043,0.1631231671554251,32,available
GLM-4.7-Flash,MoE write / expert update strength,moe_write_strength,43,8,late,0.0912756598240469,0.1715542521994134,32,available
GLM-4.7-Flash,MoE write / expert update strength,moe_write_strength,43,9,late,0.0516862170087976,0.0733137829912023,32,available
GLM-4.7-Flash,MoE write / expert update strength,moe_write_strength,43,10,late,0.0146627565982404,0.12683284457478,32,available
GLM-4.7-Flash,MoE write / expert update strength,moe_write_strength,43,11,late,0.1022727272727272,0.126466275659824,32,available
GLM-4.7-Flash,MoE write / expert update strength,moe_write_strength,44,0,early,-0.1154692082111436,-0.2346041055718475,32,available
GLM-4.7-Flash,MoE write / expert update strength,moe_write_strength,44,1,early,0.0689149560117302,-0.1004398826979472,32,available
GLM-4.7-Flash,MoE write / expert update strength,moe_write_strength,44,2,early,0.064882697947214,-0.033357771260997,32,available
GLM-4.7-Flash,MoE write / expert update strength,moe_write_strength,44,3,early,-0.0168621700879765,-0.094941348973607,32,available
GLM-4.7-Flash,MoE write / expert update strength,moe_write_strength,44,4,middle,0.0989736070381231,-0.0157624633431085,32,available
GLM-4.7-Flash,MoE write / expert update strength,moe_write_strength,44,5,middle,-0.0780791788856304,-0.2716275659824047,32,available
GLM-4.7-Flash,MoE write / expert update strength,moe_write_strength,44,6,middle,-0.0674486803519061,-0.1939149560117301,32,available
GLM-4.7-Flash,MoE write / expert update strength,moe_write_strength,44,7,middle,-0.0597507331378299,-0.126466275659824,32,available
GLM-4.7-Flash,MoE write / expert update strength,moe_write_strength,44,8,late,0.0791788856304985,-0.0542521994134897,32,available
GLM-4.7-Flash,MoE write / expert update strength,moe_write_strength,44,9,late,-0.0733137829912023,-0.1675219941348973,32,available
GLM-4.7-Flash,MoE write / expert update strength,moe_write_strength,44,10,late,-0.0535190615835777,-0.1660557184750733,32,available
GLM-4.7-Flash,MoE write / expert update strength,moe_write_strength,44,11,late,0.0307917888563049,-0.1319648093841642,32,available
GLM-4.7-Flash,MoE write / expert update strength,moe_write_strength,45,0,early,-0.2276392961876832,-0.18841642228739,32,available
GLM-4.7-Flash,MoE write / expert update strength,moe_write_strength,45,1,early,-0.1851173020527859,-0.1151026392961876,32,available
GLM-4.7-Flash,MoE write / expert update strength,moe_write_strength,45,2,early,-0.2712609970674486,-0.1979472140762463,32,available
GLM-4.7-Flash,MoE write / expert update strength,moe_write_strength,45,3,early,-0.3269794721407624,-0.2576979472140762,32,available
GLM-4.7-Flash,MoE write / expert update strength,moe_write_strength,45,4,middle,-0.3815982404692081,-0.3343108504398827,32,available
GLM-4.7-Flash,MoE write / expert update strength,moe_write_strength,45,5,middle,-0.3123167155425219,-0.2008797653958944,32,available
GLM-4.7-Flash,MoE write / expert update strength,moe_write_strength,45,6,middle,-0.2327712609970674,-0.1653225806451612,32,available
GLM-4.7-Flash,MoE write / expert update strength,moe_write_strength,45,7,middle,-0.2804252199413489,-0.2159090909090908,32,available
GLM-4.7-Flash,MoE write / expert update strength,moe_write_strength,45,8,late,-0.3636363636363636,-0.3900293255131964,32,available
GLM-4.7-Flash,MoE write / expert update strength,moe_write_strength,45,9,late,-0.2562316715542522,-0.2093108504398826,32,available
GLM-4.7-Flash,MoE write / expert update strength,moe_write_strength,45,10,late,-0.2705278592375366,-0.2148093841642228,32,available
GLM-4.7-Flash,MoE write / expert update strength,moe_write_strength,45,11,late,-0.2543988269794721,-0.2162756598240469,32,available
GLM-4.7-Flash,MoE write / expert update strength,moe_write_strength,46,0,early,-0.2921554252199413,-0.2272727272727272,32,available
GLM-4.7-Flash,MoE write / expert update strength,moe_write_strength,46,1,early,-0.4131231671554252,-0.3321114369501466,32,available
GLM-4.7-Flash,MoE write / expert update strength,moe_write_strength,46,2,early,-0.5120967741935484,-0.4853372434017595,32,available
GLM-4.7-Flash,MoE write / expert update strength,moe_write_strength,46,3,early,-0.3522727272727272,-0.314516129032258,32,available
GLM-4.7-Flash,MoE write / expert update strength,moe_write_strength,46,4,middle,-0.3984604105571847,-0.3478739002932551,32,available
GLM-4.7-Flash,MoE write / expert update strength,moe_write_strength,46,5,middle,-0.5216275659824047,-0.4648093841642227,32,available
GLM-4.7-Flash,MoE write / expert update strength,moe_write_strength,46,6,middle,-0.3951612903225806,-0.3493401759530791,32,available
GLM-4.7-Flash,MoE write / expert update strength,moe_write_strength,46,7,middle,-0.4149560117302052,-0.3804985337243401,32,available
GLM-4.7-Flash,MoE write / expert update strength,moe_write_strength,46,8,late,-0.5417888563049853,-0.5447214076246334,32,available
GLM-4.7-Flash,MoE write / expert update strength,moe_write_strength,46,9,late,-0.4028592375366568,-0.3804985337243401,32,available
GLM-4.7-Flash,MoE write / expert update strength,moe_write_strength,46,10,late,-0.4233870967741935,-0.4109237536656892,32,available
GLM-4.7-Flash,MoE write / expert update strength,moe_write_strength,46,11,late,-0.4112903225806451,-0.3991935483870967,32,available
GLM-4.7-Flash,Residual integration,residual_integration,0,0,early,0.2368035190615835,0.2162756598240469,32,available
GLM-4.7-Flash,Residual integration,residual_integration,0,1,early,0.12683284457478,-0.0084310850439882,32,available
GLM-4.7-Flash,Residual integration,residual_integration,0,2,early,0.2584310850439882,0.1334310850439882,32,available
GLM-4.7-Flash,Residual integration,residual_integration,0,3,early,0.3819648093841641,0.2914222873900293,32,available
GLM-4.7-Flash,Residual integration,residual_integration,0,4,middle,0.2609970674486803,0.2078445747800586,32,available
GLM-4.7-Flash,Residual integration,residual_integration,0,5,middle,0.4127565982404692,0.3222140762463343,32,available
GLM-4.7-Flash,Residual integration,residual_integration,0,6,middle,0.1616568914956011,0.0784457478005865,32,available
GLM-4.7-Flash,Residual integration,residual_integration,0,7,middle,0.3269794721407624,0.221041055718475,32,available
GLM-4.7-Flash,Residual integration,residual_integration,0,8,late,0.187316715542522,0.0766129032258064,32,available
GLM-4.7-Flash,Residual integration,residual_integration,0,9,late,0.2569648093841642,0.1557917888563049,32,available
GLM-4.7-Flash,Residual integration,residual_integration,0,10,late,0.3335777126099706,0.2492668621700879,32,available
GLM-4.7-Flash,Residual integration,residual_integration,0,11,late,0.3031524926686216,0.2375366568914955,32,available
GLM-4.7-Flash,Residual integration,residual_integration,1,0,early,0.1741202346041055,0.1862170087976539,32,available
GLM-4.7-Flash,Residual integration,residual_integration,1,1,early,-0.0249266862170087,0.1077712609970674,32,available
GLM-4.7-Flash,Residual integration,residual_integration,1,2,early,0.1917155425219941,0.2580645161290322,32,available
GLM-4.7-Flash,Residual integration,residual_integration,1,3,early,0.188049853372434,0.346041055718475,32,available
GLM-4.7-Flash,Residual integration,residual_integration,1,4,middle,0.2052785923753665,0.3544721407624633,32,available
GLM-4.7-Flash,Residual integration,residual_integration,1,5,middle,0.1118035190615835,0.2327712609970674,32,available
GLM-4.7-Flash,Residual integration,residual_integration,1,6,middle,0.0843108504398826,0.0912756598240469,32,available
GLM-4.7-Flash,Residual integration,residual_integration,1,7,middle,0.2796920821114369,0.3588709677419354,32,available
GLM-4.7-Flash,Residual integration,residual_integration,1,8,late,0.3607038123167155,0.5157624633431084,32,available
GLM-4.7-Flash,Residual integration,residual_integration,1,9,late,0.1392961876832844,0.2368035190615835,32,available
GLM-4.7-Flash,Residual integration,residual_integration,1,10,late,0.3251466275659824,0.5186950146627566,32,available
GLM-4.7-Flash,Residual integration,residual_integration,1,11,late,0.1180351906158357,0.1986803519061583,32,available
GLM-4.7-Flash,Residual integration,residual_integration,2,0,early,-0.0546187683284457,-0.0417888563049853,32,available
GLM-4.7-Flash,Residual integration,residual_integration,2,1,early,-0.2338709677419354,-0.1341642228739002,32,available
GLM-4.7-Flash,Residual integration,residual_integration,2,2,early,-0.2049120234604105,-0.0219941348973607,32,available
GLM-4.7-Flash,Residual integration,residual_integration,2,3,early,-0.2331378299120234,-0.0890762463343108,32,available
GLM-4.7-Flash,Residual integration,residual_integration,2,4,middle,-0.125733137829912,-0.0282258064516129,32,available
GLM-4.7-Flash,Residual integration,residual_integration,2,5,middle,-0.1638563049853372,-0.064882697947214,32,available
GLM-4.7-Flash,Residual integration,residual_integration,2,6,middle,-0.0769794721407624,0.0564516129032258,32,available
GLM-4.7-Flash,Residual integration,residual_integration,2,7,middle,-0.1653225806451612,-0.1176686217008797,32,available
GLM-4.7-Flash,Residual integration,residual_integration,2,8,late,-0.1374633431085043,-0.1191348973607038,32,available
GLM-4.7-Flash,Residual integration,residual_integration,2,9,late,-0.1693548387096774,-0.0762463343108504,32,available
GLM-4.7-Flash,Residual integration,residual_integration,2,10,late,-0.313782991202346,-0.1162023460410556,32,available
GLM-4.7-Flash,Residual integration,residual_integration,2,11,late,-0.1968475073313782,-0.1198680351906158,32,available
GLM-4.7-Flash,Residual integration,residual_integration,3,0,early,0.0208944281524926,0.2371700879765395,32,available
GLM-4.7-Flash,Residual integration,residual_integration,3,1,early,-0.2734604105571847,-0.002565982404692,32,available
GLM-4.7-Flash,Residual integration,residual_integration,3,2,early,-0.12683284457478,0.0282258064516129,32,available
GLM-4.7-Flash,Residual integration,residual_integration,3,3,early,-0.1920821114369501,0.0425219941348973,32,available
GLM-4.7-Flash,Residual integration,residual_integration,3,4,middle,-0.0502199413489736,0.19024926686217,32,available
GLM-4.7-Flash,Residual integration,residual_integration,3,5,middle,-0.1330645161290322,0.1015395894428152,32,available
GLM-4.7-Flash,Residual integration,residual_integration,3,6,middle,-0.0080645161290322,0.158357771260997,32,available
GLM-4.7-Flash,Residual integration,residual_integration,3,7,middle,-0.0135630498533724,0.1491935483870967,32,available
GLM-4.7-Flash,Residual integration,residual_integration,3,8,late,-0.0414222873900293,0.1645894428152492,32,available
GLM-4.7-Flash,Residual integration,residual_integration,3,9,late,0.0091642228739002,0.1917155425219941,32,available
GLM-4.7-Flash,Residual integration,residual_integration,3,10,late,0.0084310850439882,0.282991202346041,32,available
GLM-4.7-Flash,Residual integration,residual_integration,3,11,late,-0.1019061583577712,0.1041055718475073,32,available
GLM-4.7-Flash,Residual integration,residual_integration,4,0,early,0.0091642228739002,0.1381964809384163,32,available
GLM-4.7-Flash,Residual integration,residual_integration,4,1,early,-0.2302052785923753,-0.1345307917888563,32,available
GLM-4.7-Flash,Residual integration,residual_integration,4,2,early,-0.2459677419354838,-0.1565249266862169,32,available
GLM-4.7-Flash,Residual integration,residual_integration,4,3,early,-0.25183284457478,-0.1664222873900293,32,available
GLM-4.7-Flash,Residual integration,residual_integration,4,4,middle,-0.2859237536656891,-0.2302052785923753,32,available
GLM-4.7-Flash,Residual integration,residual_integration,4,5,middle,-0.1480938416422287,-0.0432551319648093,32,available
GLM-4.7-Flash,Residual integration,residual_integration,4,6,middle,-0.125733137829912,-0.0157624633431085,32,available
GLM-4.7-Flash,Residual integration,residual_integration,4,7,middle,-0.1796187683284457,-0.094941348973607,32,available
GLM-4.7-Flash,Residual integration,residual_integration,4,8,late,-0.157258064516129,-0.0084310850439882,32,available
GLM-4.7-Flash,Residual integration,residual_integration,4,9,late,-0.0414222873900293,0.0535190615835777,32,available
GLM-4.7-Flash,Residual integration,residual_integration,4,10,late,-0.1869501466275659,-0.0615835777126099,32,available
GLM-4.7-Flash,Residual integration,residual_integration,4,11,late,-0.221774193548387,-0.1642228739002932,32,available
GLM-4.7-Flash,Residual integration,residual_integration,5,0,early,-0.031524926686217,0.1627565982404692,32,available
GLM-4.7-Flash,Residual integration,residual_integration,5,1,early,-0.3321114369501466,-0.1418621700879765,32,available
GLM-4.7-Flash,Residual integration,residual_integration,5,2,early,-0.3691348973607038,-0.2437683284457477,32,available
GLM-4.7-Flash,Residual integration,residual_integration,5,3,early,-0.284457478005865,-0.1656891495601173,32,available
GLM-4.7-Flash,Residual integration,residual_integration,5,4,middle,-0.2921554252199413,-0.1348973607038123,32,available
GLM-4.7-Flash,Residual integration,residual_integration,5,5,middle,-0.2569648093841642,-0.1187683284457477,32,available
GLM-4.7-Flash,Residual integration,residual_integration,5,6,middle,-0.3251466275659824,-0.1799853372434017,32,available
GLM-4.7-Flash,Residual integration,residual_integration,5,7,middle,-0.190615835777126,-0.0912756598240469,32,available
GLM-4.7-Flash,Residual integration,residual_integration,5,8,late,-0.1165689149560117,0.0725806451612903,32,available
GLM-4.7-Flash,Residual integration,residual_integration,5,9,late,-0.1469941348973606,0.0285923753665689,32,available
GLM-4.7-Flash,Residual integration,residual_integration,5,10,late,-0.2364369501466275,-0.0036656891495601,32,available
GLM-4.7-Flash,Residual integration,residual_integration,5,11,late,-0.2580645161290322,-0.093841642228739,32,available
GLM-4.7-Flash,Residual integration,residual_integration,6,0,early,-0.000733137829912,0.093841642228739,32,available
GLM-4.7-Flash,Residual integration,residual_integration,6,1,early,-0.0168621700879765,0.1356304985337243,32,available
GLM-4.7-Flash,Residual integration,residual_integration,6,2,early,0.0355571847507331,0.1931818181818181,32,available
GLM-4.7-Flash,Residual integration,residual_integration,6,3,early,-0.0040322580645161,0.1440615835777126,32,available
GLM-4.7-Flash,Residual integration,residual_integration,6,4,middle,0.1059384164222873,0.2756598240469208,32,available
GLM-4.7-Flash,Residual integration,residual_integration,6,5,middle,-0.0923753665689149,0.0920087976539589,32,available
GLM-4.7-Flash,Residual integration,residual_integration,6,6,middle,0.0032991202346041,0.1173020527859237,32,available
GLM-4.7-Flash,Residual integration,residual_integration,6,7,middle,0.0304252199413489,0.1752199413489735,32,available
GLM-4.7-Flash,Residual integration,residual_integration,6,8,late,-0.0674486803519061,0.0865102639296187,32,available
GLM-4.7-Flash,Residual integration,residual_integration,6,9,late,-0.0604838709677419,0.0861436950146627,32,available
GLM-4.7-Flash,Residual integration,residual_integration,6,10,late,-0.0443548387096774,0.1832844574780058,32,available
GLM-4.7-Flash,Residual integration,residual_integration,6,11,late,-0.0469208211143695,0.0758797653958944,32,available
GLM-4.7-Flash,Residual integration,residual_integration,7,0,early,-0.2005131964809384,-0.0223607038123167,32,available
GLM-4.7-Flash,Residual integration,residual_integration,7,1,early,-0.2155425219941348,0.1125366568914955,32,available
GLM-4.7-Flash,Residual integration,residual_integration,7,2,early,-0.1477272727272727,0.0472873900293255,32,available
GLM-4.7-Flash,Residual integration,residual_integration,7,3,early,-0.2730938416422287,-0.0883431085043988,32,available
GLM-4.7-Flash,Residual integration,residual_integration,7,4,middle,-0.2093108504398826,-0.0465542521994134,32,available
GLM-4.7-Flash,Residual integration,residual_integration,7,5,middle,-0.1711876832844574,0.0762463343108504,32,available
GLM-4.7-Flash,Residual integration,residual_integration,7,6,middle,-0.1664222873900293,0.0304252199413489,32,available
GLM-4.7-Flash,Residual integration,residual_integration,7,7,middle,-0.1030058651026392,0.0307917888563049,32,available
GLM-4.7-Flash,Residual integration,residual_integration,7,8,late,0.0282258064516129,0.2470674486803519,32,available
GLM-4.7-Flash,Residual integration,residual_integration,7,9,late,-0.0766129032258064,0.1158357771260997,32,available
GLM-4.7-Flash,Residual integration,residual_integration,7,10,late,-0.0887096774193548,0.2104105571847507,32,available
GLM-4.7-Flash,Residual integration,residual_integration,7,11,late,-0.0139296187683284,0.2126099706744868,32,available
GLM-4.7-Flash,Residual integration,residual_integration,8,0,early,0.0865102639296187,0.127565982404692,32,available
GLM-4.7-Flash,Residual integration,residual_integration,8,1,early,-0.0667155425219941,-0.1151026392961876,32,available
GLM-4.7-Flash,Residual integration,residual_integration,8,2,early,-0.1198680351906158,-0.0549853372434017,32,available
GLM-4.7-Flash,Residual integration,residual_integration,8,3,early,-0.0392228739002932,-0.0311583577712609,32,available
GLM-4.7-Flash,Residual integration,residual_integration,8,4,middle,-0.2467008797653959,-0.2782258064516129,32,available
GLM-4.7-Flash,Residual integration,residual_integration,8,5,middle,0.0483870967741935,0.0219941348973607,32,available
GLM-4.7-Flash,Residual integration,residual_integration,8,6,middle,-0.0113636363636363,0.0480205278592375,32,available
GLM-4.7-Flash,Residual integration,residual_integration,8,7,middle,-0.0920087976539589,-0.0850439882697947,32,available
GLM-4.7-Flash,Residual integration,residual_integration,8,8,late,-0.1004398826979472,-0.0553519061583577,32,available
GLM-4.7-Flash,Residual integration,residual_integration,8,9,late,0.1074046920821114,0.1370967741935483,32,available
GLM-4.7-Flash,Residual integration,residual_integration,8,10,late,-0.0505865102639296,-0.033357771260997,32,available
GLM-4.7-Flash,Residual integration,residual_integration,8,11,late,-0.0982404692082111,-0.0667155425219941,32,available
GLM-4.7-Flash,Residual integration,residual_integration,9,0,early,0.002932551319648,0.1678885630498533,32,available
GLM-4.7-Flash,Residual integration,residual_integration,9,1,early,-0.0472873900293255,0.1715542521994134,32,available
GLM-4.7-Flash,Residual integration,residual_integration,9,2,early,0.0252932551319648,0.2910557184750733,32,available
GLM-4.7-Flash,Residual integration,residual_integration,9,3,early,0.0799120234604105,0.3255131964809384,32,available
GLM-4.7-Flash,Residual integration,residual_integration,9,4,middle,-0.1103372434017595,0.0230938416422287,32,available
GLM-4.7-Flash,Residual integration,residual_integration,9,5,middle,0.0920087976539589,0.31524926686217,32,available
GLM-4.7-Flash,Residual integration,residual_integration,9,6,middle,0.0150293255131964,0.2019794721407624,32,available
GLM-4.7-Flash,Residual integration,residual_integration,9,7,middle,-0.0271260997067448,0.0531524926686217,32,available
GLM-4.7-Flash,Residual integration,residual_integration,9,8,late,0.0395894428152492,0.1462609970674486,32,available
GLM-4.7-Flash,Residual integration,residual_integration,9,9,late,0.1235337243401759,0.3244134897360703,32,available
GLM-4.7-Flash,Residual integration,residual_integration,9,10,late,-0.0201612903225806,0.222140762463343,32,available
GLM-4.7-Flash,Residual integration,residual_integration,9,11,late,0.1389296187683284,0.348607038123167,32,available
GLM-4.7-Flash,Residual integration,residual_integration,10,0,early,0.1770527859237536,0.2485337243401759,32,available
GLM-4.7-Flash,Residual integration,residual_integration,10,1,early,0.1726539589442815,0.4299853372434017,32,available
GLM-4.7-Flash,Residual integration,residual_integration,10,2,early,0.1843841642228739,0.3826979472140762,32,available
GLM-4.7-Flash,Residual integration,residual_integration,10,3,early,0.0487536656891495,0.2540322580645161,32,available
GLM-4.7-Flash,Residual integration,residual_integration,10,4,middle,0.1469941348973606,0.2848240469208211,32,available
GLM-4.7-Flash,Residual integration,residual_integration,10,5,middle,0.1004398826979472,0.3966275659824046,32,available
GLM-4.7-Flash,Residual integration,residual_integration,10,6,middle,0.1752199413489735,0.314149560117302,32,available
GLM-4.7-Flash,Residual integration,residual_integration,10,7,middle,0.1517595307917888,0.2690615835777126,32,available
GLM-4.7-Flash,Residual integration,residual_integration,10,8,late,0.1964809384164222,0.3291788856304985,32,available
GLM-4.7-Flash,Residual integration,residual_integration,10,9,late,0.2071114369501466,0.3607038123167155,32,available
GLM-4.7-Flash,Residual integration,residual_integration,10,10,late,0.0656158357771261,0.348607038123167,32,available
GLM-4.7-Flash,Residual integration,residual_integration,10,11,late,0.1931818181818181,0.3262463343108503,32,available
GLM-4.7-Flash,Residual integration,residual_integration,11,0,early,0.0439882697947214,0.2635630498533724,32,available
GLM-4.7-Flash,Residual integration,residual_integration,11,1,early,0.0157624633431085,0.3207478005865102,32,available
GLM-4.7-Flash,Residual integration,residual_integration,11,2,early,0.0773460410557184,0.3277126099706744,32,available
GLM-4.7-Flash,Residual integration,residual_integration,11,3,early,0.0252932551319648,0.3104838709677419,32,available
GLM-4.7-Flash,Residual integration,residual_integration,11,4,middle,0.0744134897360703,0.3200146627565982,32,available
GLM-4.7-Flash,Residual integration,residual_integration,11,5,middle,0.1081378299120234,0.4193548387096773,32,available
GLM-4.7-Flash,Residual integration,residual_integration,11,6,middle,0.1000733137829912,0.3185483870967741,32,available
GLM-4.7-Flash,Residual integration,residual_integration,11,7,middle,0.1605571847507331,0.3999266862170088,32,available
GLM-4.7-Flash,Residual integration,residual_integration,11,8,late,0.1788856304985337,0.4464809384164222,32,available
GLM-4.7-Flash,Residual integration,residual_integration,11,9,late,0.1543255131964809,0.4024926686217009,32,available
GLM-4.7-Flash,Residual integration,residual_integration,11,10,late,0.0216275659824046,0.4233870967741935,32,available
GLM-4.7-Flash,Residual integration,residual_integration,11,11,late,0.1055718475073313,0.3244134897360703,32,available
GLM-4.7-Flash,Residual integration,residual_integration,12,0,early,0.0681818181818181,0.2316715542521994,32,available
GLM-4.7-Flash,Residual integration,residual_integration,12,1,early,-0.0252932551319648,0.1972140762463343,32,available
GLM-4.7-Flash,Residual integration,residual_integration,12,2,early,-0.0795454545454545,0.1968475073313782,32,available
GLM-4.7-Flash,Residual integration,residual_integration,12,3,early,0.0150293255131964,0.2525659824046921,32,available
GLM-4.7-Flash,Residual integration,residual_integration,12,4,middle,0.0238269794721407,0.157624633431085,32,available
GLM-4.7-Flash,Residual integration,residual_integration,12,5,middle,0.0667155425219941,0.3299120234604105,32,available
GLM-4.7-Flash,Residual integration,residual_integration,12,6,middle,0.0161290322580645,0.1854838709677419,32,available
GLM-4.7-Flash,Residual integration,residual_integration,12,7,middle,0.1044721407624633,0.2613636363636363,32,available
GLM-4.7-Flash,Residual integration,residual_integration,12,8,late,-0.0216275659824046,0.1605571847507331,32,available
GLM-4.7-Flash,Residual integration,residual_integration,12,9,late,0.1206011730205278,0.2672287390029325,32,available
GLM-4.7-Flash,Residual integration,residual_integration,12,10,late,-0.0975073313782991,0.1686217008797653,32,available
GLM-4.7-Flash,Residual integration,residual_integration,12,11,late,0.0421554252199413,0.1931818181818181,32,available
GLM-4.7-Flash,Residual integration,residual_integration,13,0,early,0.0505865102639296,0.0828445747800586,32,available
GLM-4.7-Flash,Residual integration,residual_integration,13,1,early,-0.0487536656891495,0.0784457478005865,32,available
GLM-4.7-Flash,Residual integration,residual_integration,13,2,early,0.0311583577712609,0.1173020527859237,32,available
GLM-4.7-Flash,Residual integration,residual_integration,13,3,early,-0.0879765395894428,-0.0491202346041055,32,available
GLM-4.7-Flash,Residual integration,residual_integration,13,4,middle,0.1114369501466275,0.1158357771260997,32,available
GLM-4.7-Flash,Residual integration,residual_integration,13,5,middle,-0.094208211143695,-0.0098973607038123,32,available
GLM-4.7-Flash,Residual integration,residual_integration,13,6,middle,-0.0696480938416422,-0.0252932551319648,32,available
GLM-4.7-Flash,Residual integration,residual_integration,13,7,middle,0.06524926686217,0.1008064516129032,32,available
GLM-4.7-Flash,Residual integration,residual_integration,13,8,late,0.1748533724340175,0.2606304985337243,32,available
GLM-4.7-Flash,Residual integration,residual_integration,13,9,late,-0.0252932551319648,0.032624633431085,32,available
GLM-4.7-Flash,Residual integration,residual_integration,13,10,late,0.0582844574780058,0.1928152492668621,32,available
GLM-4.7-Flash,Residual integration,residual_integration,13,11,late,-0.0483870967741935,-0.0190615835777126,32,available
GLM-4.7-Flash,Residual integration,residual_integration,14,0,early,-0.1103372434017595,0.0461876832844574,32,available
GLM-4.7-Flash,Residual integration,residual_integration,14,1,early,-0.2019794721407624,-0.1195014662756598,32,available
GLM-4.7-Flash,Residual integration,residual_integration,14,2,early,-0.1550586510263929,-0.0898093841642228,32,available
GLM-4.7-Flash,Residual integration,residual_integration,14,3,early,0.0227272727272727,0.1114369501466275,32,available
GLM-4.7-Flash,Residual integration,residual_integration,14,4,middle,-0.0498533724340175,0.1019061583577712,32,available
GLM-4.7-Flash,Residual integration,residual_integration,14,5,middle,0.0142961876832844,0.0909090909090909,32,available
GLM-4.7-Flash,Residual integration,residual_integration,14,6,middle,-0.1326979472140762,-0.0351906158357771,32,available
GLM-4.7-Flash,Residual integration,residual_integration,14,7,middle,0.0278592375366568,0.1195014662756598,32,available
GLM-4.7-Flash,Residual integration,residual_integration,14,8,late,-0.1198680351906158,-0.0289589442815249,32,available
GLM-4.7-Flash,Residual integration,residual_integration,14,9,late,-0.0410557184750733,0.0047653958944281,32,available
GLM-4.7-Flash,Residual integration,residual_integration,14,10,late,0.0274926686217008,0.1367302052785923,32,available
GLM-4.7-Flash,Residual integration,residual_integration,14,11,late,-0.0828445747800586,0.0791788856304985,32,available
GLM-4.7-Flash,Residual integration,residual_integration,15,0,early,-0.251099706744868,-0.094941348973607,32,available
GLM-4.7-Flash,Residual integration,residual_integration,15,1,early,-0.2052785923753665,0.0487536656891495,32,available
GLM-4.7-Flash,Residual integration,residual_integration,15,2,early,-0.1488269794721407,-0.0813782991202346,32,available
GLM-4.7-Flash,Residual integration,residual_integration,15,3,early,-0.2027126099706745,-0.0461876832844574,32,available
GLM-4.7-Flash,Residual integration,residual_integration,15,4,middle,-0.1653225806451612,-0.0604838709677419,32,available
GLM-4.7-Flash,Residual integration,residual_integration,15,5,middle,-0.2738269794721407,-0.1154692082111436,32,available
GLM-4.7-Flash,Residual integration,residual_integration,15,6,middle,-0.1990469208211143,-0.1037390029325513,32,available
GLM-4.7-Flash,Residual integration,residual_integration,15,7,middle,-0.1085043988269794,0.000366568914956,32,available
GLM-4.7-Flash,Residual integration,residual_integration,15,8,late,-0.1605571847507331,-0.0252932551319648,32,available
GLM-4.7-Flash,Residual integration,residual_integration,15,9,late,-0.0241935483870967,0.0780791788856304,32,available
GLM-4.7-Flash,Residual integration,residual_integration,15,10,late,-0.2115102639296187,-0.0164956011730205,32,available
GLM-4.7-Flash,Residual integration,residual_integration,15,11,late,-0.0109970674486803,0.0736803519061583,32,available
GLM-4.7-Flash,Residual integration,residual_integration,16,0,early,0.0839442815249266,0.1055718475073313,32,available
GLM-4.7-Flash,Residual integration,residual_integration,16,1,early,0.0344574780058651,0.125733137829912,32,available
GLM-4.7-Flash,Residual integration,residual_integration,16,2,early,-0.0491202346041055,-0.0223607038123167,32,available
GLM-4.7-Flash,Residual integration,residual_integration,16,3,early,-0.0458211143695014,0.0241935483870967,32,available
GLM-4.7-Flash,Residual integration,residual_integration,16,4,middle,0.1286656891495601,0.0934750733137829,32,available
GLM-4.7-Flash,Residual integration,residual_integration,16,5,middle,-0.0520527859237536,-0.096041055718475,32,available
GLM-4.7-Flash,Residual integration,residual_integration,16,6,middle,0.002565982404692,-0.0073313782991202,32,available
GLM-4.7-Flash,Residual integration,residual_integration,16,7,middle,-0.0575513196480938,-0.0670821114369501,32,available
GLM-4.7-Flash,Residual integration,residual_integration,16,8,late,0.0986070381231671,0.0751466275659824,32,available
GLM-4.7-Flash,Residual integration,residual_integration,16,9,late,-0.0036656891495601,0.0703812316715542,32,available
GLM-4.7-Flash,Residual integration,residual_integration,16,10,late,-0.0912756598240469,0.0256598240469208,32,available
GLM-4.7-Flash,Residual integration,residual_integration,16,11,late,-0.0505865102639296,-0.0076979472140762,32,available
GLM-4.7-Flash,Residual integration,residual_integration,17,0,early,0.0241935483870967,0.0923753665689149,32,available
GLM-4.7-Flash,Residual integration,residual_integration,17,1,early,-0.0249266862170087,0.0729472140762463,32,available
GLM-4.7-Flash,Residual integration,residual_integration,17,2,early,-0.1774193548387096,-0.1539589442815249,32,available
GLM-4.7-Flash,Residual integration,residual_integration,17,3,early,-0.1319648093841642,-0.0784457478005865,32,available
GLM-4.7-Flash,Residual integration,residual_integration,17,4,middle,-0.2067448680351906,-0.1528592375366569,32,available
GLM-4.7-Flash,Residual integration,residual_integration,17,5,middle,0.0212609970674486,0.0252932551319648,32,available
GLM-4.7-Flash,Residual integration,residual_integration,17,6,middle,-0.0238269794721407,0.0421554252199413,32,available
GLM-4.7-Flash,Residual integration,residual_integration,17,7,middle,-0.1074046920821114,-0.1114369501466275,32,available
GLM-4.7-Flash,Residual integration,residual_integration,17,8,late,-0.0546187683284457,-0.0835777126099706,32,available
GLM-4.7-Flash,Residual integration,residual_integration,17,9,late,0.0348240469208211,0.0700146627565982,32,available
GLM-4.7-Flash,Residual integration,residual_integration,17,10,late,-0.0289589442815249,0.0271260997067448,32,available
GLM-4.7-Flash,Residual integration,residual_integration,17,11,late,-0.0443548387096774,0.0216275659824046,32,available
GLM-4.7-Flash,Residual integration,residual_integration,18,0,early,-0.2620967741935484,-0.1352639296187683,32,available
GLM-4.7-Flash,Residual integration,residual_integration,18,1,early,-0.3863636363636363,-0.1528592375366569,32,available
GLM-4.7-Flash,Residual integration,residual_integration,18,2,early,-0.3651026392961876,-0.2881231671554252,32,available
GLM-4.7-Flash,Residual integration,residual_integration,18,3,early,-0.3229472140762462,-0.1950146627565982,32,available
GLM-4.7-Flash,Residual integration,residual_integration,18,4,middle,-0.2228739002932551,-0.0439882697947214,32,available
GLM-4.7-Flash,Residual integration,residual_integration,18,5,middle,-0.2646627565982404,-0.1147360703812316,32,available
GLM-4.7-Flash,Residual integration,residual_integration,18,6,middle,-0.3211143695014662,-0.2023460410557184,32,available
GLM-4.7-Flash,Residual integration,residual_integration,18,7,middle,-0.2664956011730205,-0.1096041055718475,32,available
GLM-4.7-Flash,Residual integration,residual_integration,18,8,late,-0.3541055718475073,-0.2060117302052785,32,available
GLM-4.7-Flash,Residual integration,residual_integration,18,9,late,-0.2408357771260997,-0.1114369501466275,32,available
GLM-4.7-Flash,Residual integration,residual_integration,18,10,late,-0.4618768328445746,-0.2294721407624632,32,available
GLM-4.7-Flash,Residual integration,residual_integration,18,11,late,-0.3196480938416422,-0.2126099706744868,32,available
GLM-4.7-Flash,Residual integration,residual_integration,19,0,early,-0.0043988269794721,0.125,32,available
GLM-4.7-Flash,Residual integration,residual_integration,19,1,early,-0.0810117302052785,0.2104105571847507,32,available
GLM-4.7-Flash,Residual integration,residual_integration,19,2,early,-0.0773460410557184,0.1425953079178885,32,available
GLM-4.7-Flash,Residual integration,residual_integration,19,3,early,-0.1675219941348973,0.1004398826979472,32,available
GLM-4.7-Flash,Residual integration,residual_integration,19,4,middle,-0.1506598240469208,-0.0513196480938416,32,available
GLM-4.7-Flash,Residual integration,residual_integration,19,5,middle,-0.1008064516129032,0.0615835777126099,32,available
GLM-4.7-Flash,Residual integration,residual_integration,19,6,middle,-0.0692815249266862,0.0978739002932551,32,available
GLM-4.7-Flash,Residual integration,residual_integration,19,7,middle,-0.1348973607038123,-0.0663489736070381,32,available
GLM-4.7-Flash,Residual integration,residual_integration,19,8,late,0.0450879765395894,0.2115102639296187,32,available
GLM-4.7-Flash,Residual integration,residual_integration,19,9,late,-0.0348240469208211,0.1766862170087976,32,available
GLM-4.7-Flash,Residual integration,residual_integration,19,10,late,-0.0392228739002932,0.2404692082111436,32,available
GLM-4.7-Flash,Residual integration,residual_integration,19,11,late,-0.032258064516129,0.1436950146627565,32,available
GLM-4.7-Flash,Residual integration,residual_integration,20,0,early,-0.0069648093841642,0.1774193548387096,32,available
GLM-4.7-Flash,Residual integration,residual_integration,20,1,early,-0.2247067448680351,0.0311583577712609,32,available
GLM-4.7-Flash,Residual integration,residual_integration,20,2,early,-0.282624633431085,-0.1202346041055718,32,available
GLM-4.7-Flash,Residual integration,residual_integration,20,3,early,-0.2049120234604105,-0.0120967741935483,32,available
GLM-4.7-Flash,Residual integration,residual_integration,20,4,middle,-0.2012463343108504,-0.0047653958944281,32,available
GLM-4.7-Flash,Residual integration,residual_integration,20,5,middle,-0.2236070381231671,-0.0461876832844574,32,available
GLM-4.7-Flash,Residual integration,residual_integration,20,6,middle,-0.3240469208211143,-0.1535923753665689,32,available
GLM-4.7-Flash,Residual integration,residual_integration,20,7,middle,-0.1378299120234604,-0.0161290322580645,32,available
GLM-4.7-Flash,Residual integration,residual_integration,20,8,late,-0.1675219941348973,0.0689149560117302,32,available
GLM-4.7-Flash,Residual integration,residual_integration,20,9,late,-0.2111436950146627,0.0670821114369501,32,available
GLM-4.7-Flash,Residual integration,residual_integration,20,10,late,-0.2331378299120234,0.1719208211143695,32,available
GLM-4.7-Flash,Residual integration,residual_integration,20,11,late,-0.220674486803519,0.0593841642228738,32,available
GLM-4.7-Flash,Residual integration,residual_integration,21,0,early,-0.0835777126099706,0.0043988269794721,32,available
GLM-4.7-Flash,Residual integration,residual_integration,21,1,early,-0.0370234604105571,0.1169354838709677,32,available
GLM-4.7-Flash,Residual integration,residual_integration,21,2,early,0.001466275659824,0.2349706744868035,32,available
GLM-4.7-Flash,Residual integration,residual_integration,21,3,early,-0.0146627565982404,0.1389296187683284,32,available
GLM-4.7-Flash,Residual integration,residual_integration,21,4,middle,-0.0571847507331378,0.0997067448680351,32,available
GLM-4.7-Flash,Residual integration,residual_integration,21,5,middle,0.0740469208211143,0.3049853372434017,32,available
GLM-4.7-Flash,Residual integration,residual_integration,21,6,middle,-0.0366568914956011,0.1169354838709677,32,available
GLM-4.7-Flash,Residual integration,residual_integration,21,7,middle,-0.0740469208211143,0.0450879765395894,32,available
GLM-4.7-Flash,Residual integration,residual_integration,21,8,late,-0.0084310850439882,0.1403958944281524,32,available
GLM-4.7-Flash,Residual integration,residual_integration,21,9,late,0.0113636363636363,0.2001466275659824,32,available
GLM-4.7-Flash,Residual integration,residual_integration,21,10,late,-0.0403225806451612,0.1939149560117301,32,available
GLM-4.7-Flash,Residual integration,residual_integration,21,11,late,0.0047653958944281,0.1510263929618768,32,available
GLM-4.7-Flash,Residual integration,residual_integration,22,0,early,0.1110703812316715,0.0923753665689149,32,available
GLM-4.7-Flash,Residual integration,residual_integration,22,1,early,0.1638563049853372,0.2250733137829911,32,available
GLM-4.7-Flash,Residual integration,residual_integration,22,2,early,0.4002932551319648,0.4582111436950145,32,available
GLM-4.7-Flash,Residual integration,residual_integration,22,3,early,0.190982404692082,0.2459677419354838,32,available
GLM-4.7-Flash,Residual integration,residual_integration,22,4,middle,0.3830645161290322,0.470307917888563,32,available
GLM-4.7-Flash,Residual integration,residual_integration,22,5,middle,0.3478739002932551,0.4813049853372433,32,available
GLM-4.7-Flash,Residual integration,residual_integration,22,6,middle,0.0799120234604105,0.0923753665689149,32,available
GLM-4.7-Flash,Residual integration,residual_integration,22,7,middle,0.2899560117302052,0.3203812316715542,32,available
GLM-4.7-Flash,Residual integration,residual_integration,22,8,late,0.3431085043988269,0.3500733137829911,32,available
GLM-4.7-Flash,Residual integration,residual_integration,22,9,late,0.2001466275659824,0.219208211143695,32,available
GLM-4.7-Flash,Residual integration,residual_integration,22,10,late,0.2683284457478005,0.3867302052785923,32,available
GLM-4.7-Flash,Residual integration,residual_integration,22,11,late,0.2716275659824047,0.3339442815249266,32,available
GLM-4.7-Flash,Residual integration,residual_integration,23,0,early,-0.2430351906158357,-0.1356304985337243,32,available
GLM-4.7-Flash,Residual integration,residual_integration,23,1,early,-0.37866568914956,0.001099706744868,32,available
GLM-4.7-Flash,Residual integration,residual_integration,23,2,early,-0.2760263929618767,-0.1180351906158357,32,available
GLM-4.7-Flash,Residual integration,residual_integration,23,3,early,-0.3405425219941349,-0.1319648093841642,32,available
GLM-4.7-Flash,Residual integration,residual_integration,23,4,middle,-0.3170821114369501,-0.3002199413489735,32,available
GLM-4.7-Flash,Residual integration,residual_integration,23,5,middle,-0.3119501466275659,-0.219574780058651,32,available
GLM-4.7-Flash,Residual integration,residual_integration,23,6,middle,-0.1920821114369501,-0.0263929618768328,32,available
GLM-4.7-Flash,Residual integration,residual_integration,23,7,middle,-0.2456011730205278,-0.126466275659824,32,available
GLM-4.7-Flash,Residual integration,residual_integration,23,8,late,-0.2316715542521994,-0.0373900293255131,32,available
GLM-4.7-Flash,Residual integration,residual_integration,23,9,late,-0.2353372434017595,-0.0073313782991202,32,available
GLM-4.7-Flash,Residual integration,residual_integration,23,10,late,-0.4336510263929618,-0.1290322580645161,32,available
GLM-4.7-Flash,Residual integration,residual_integration,23,11,late,-0.2291055718475072,-0.0458211143695014,32,available
GLM-4.7-Flash,Residual integration,residual_integration,24,0,early,0.2793255131964808,0.2906891495601172,32,available
GLM-4.7-Flash,Residual integration,residual_integration,24,1,early,0.3423753665689149,0.5454545454545454,32,available
GLM-4.7-Flash,Residual integration,residual_integration,24,2,early,0.2906891495601172,0.3581378299120234,32,available
GLM-4.7-Flash,Residual integration,residual_integration,24,3,early,0.2430351906158357,0.313782991202346,32,available
GLM-4.7-Flash,Residual integration,residual_integration,24,4,middle,0.2723607038123167,0.2881231671554252,32,available
GLM-4.7-Flash,Residual integration,residual_integration,24,5,middle,0.2804252199413489,0.3651026392961876,32,available
GLM-4.7-Flash,Residual integration,residual_integration,24,6,middle,0.3335777126099706,0.4098240469208211,32,available
GLM-4.7-Flash,Residual integration,residual_integration,24,7,middle,0.3610703812316715,0.3533724340175952,32,available
GLM-4.7-Flash,Residual integration,residual_integration,24,8,late,0.4336510263929618,0.504398826979472,32,available
GLM-4.7-Flash,Residual integration,residual_integration,24,9,late,0.4017595307917888,0.441348973607038,32,available
GLM-4.7-Flash,Residual integration,residual_integration,24,10,late,0.3233137829912023,0.4651759530791788,32,available
GLM-4.7-Flash,Residual integration,residual_integration,24,11,late,0.4149560117302052,0.4527126099706744,32,available
GLM-4.7-Flash,Residual integration,residual_integration,25,0,early,0.0920087976539589,0.1715542521994134,32,available
GLM-4.7-Flash,Residual integration,residual_integration,25,1,early,-0.157258064516129,0.0678152492668621,32,available
GLM-4.7-Flash,Residual integration,residual_integration,25,2,early,-0.0307917888563049,0.0788123167155425,32,available
GLM-4.7-Flash,Residual integration,residual_integration,25,3,early,-0.0927419354838709,0.0542521994134897,32,available
GLM-4.7-Flash,Residual integration,residual_integration,25,4,middle,0.0190615835777126,0.1539589442815249,32,available
GLM-4.7-Flash,Residual integration,residual_integration,25,5,middle,0.0186950146627565,0.1228005865102639,32,available
GLM-4.7-Flash,Residual integration,residual_integration,25,6,middle,-0.1440615835777126,-0.0399560117302052,32,available
GLM-4.7-Flash,Residual integration,residual_integration,25,7,middle,0.0491202346041055,0.1535923753665689,32,available
GLM-4.7-Flash,Residual integration,residual_integration,25,8,late,0.0773460410557184,0.2437683284457477,32,available
GLM-4.7-Flash,Residual integration,residual_integration,25,9,late,-0.0300586510263929,0.1315982404692082,32,available
GLM-4.7-Flash,Residual integration,residual_integration,25,10,late,-0.0106304985337243,0.2789589442815249,32,available
GLM-4.7-Flash,Residual integration,residual_integration,25,11,late,-0.094941348973607,0.06524926686217,32,available
GLM-4.7-Flash,Residual integration,residual_integration,26,0,early,-0.1228005865102639,0.0201612903225806,32,available
GLM-4.7-Flash,Residual integration,residual_integration,26,1,early,-0.3717008797653959,-0.2019794721407624,32,available
GLM-4.7-Flash,Residual integration,residual_integration,26,2,early,-0.2848240469208211,-0.1686217008797653,32,available
GLM-4.7-Flash,Residual integration,residual_integration,26,3,early,-0.2140762463343108,-0.032258064516129,32,available
GLM-4.7-Flash,Residual integration,residual_integration,26,4,middle,-0.1678885630498533,0.0054985337243401,32,available
GLM-4.7-Flash,Residual integration,residual_integration,26,5,middle,-0.3189149560117301,-0.2558651026392962,32,available
GLM-4.7-Flash,Residual integration,residual_integration,26,6,middle,-0.2287390029325513,-0.0769794721407624,32,available
GLM-4.7-Flash,Residual integration,residual_integration,26,7,middle,-0.2111436950146627,-0.1173020527859237,32,available
GLM-4.7-Flash,Residual integration,residual_integration,26,8,late,-0.2683284457478005,-0.1206011730205278,32,available
GLM-4.7-Flash,Residual integration,residual_integration,26,9,late,-0.189882697947214,0.0069648093841642,32,available
GLM-4.7-Flash,Residual integration,residual_integration,26,10,late,-0.3251466275659824,-0.033357771260997,32,available
GLM-4.7-Flash,Residual integration,residual_integration,26,11,late,-0.2382697947214076,-0.0575513196480938,32,available
GLM-4.7-Flash,Residual integration,residual_integration,27,0,early,-0.1403958944281524,-0.1502932551319648,32,available
GLM-4.7-Flash,Residual integration,residual_integration,27,1,early,-0.0216275659824046,0.1495601173020527,32,available
GLM-4.7-Flash,Residual integration,residual_integration,27,2,early,-0.1950146627565982,-0.2089442815249266,32,available
GLM-4.7-Flash,Residual integration,residual_integration,27,3,early,-0.1843841642228739,-0.2100439882697947,32,available
GLM-4.7-Flash,Residual integration,residual_integration,27,4,middle,-0.0458211143695014,-0.00183284457478,32,available
GLM-4.7-Flash,Residual integration,residual_integration,27,5,middle,-0.1030058651026392,-0.0080645161290322,32,available
GLM-4.7-Flash,Residual integration,residual_integration,27,6,middle,-0.1429618768328445,-0.0971407624633431,32,available
GLM-4.7-Flash,Residual integration,residual_integration,27,7,middle,-0.0971407624633431,-0.1088709677419354,32,available
GLM-4.7-Flash,Residual integration,residual_integration,27,8,late,-0.1253665689149559,-0.1488269794721407,32,available
GLM-4.7-Flash,Residual integration,residual_integration,27,9,late,-0.2045454545454545,-0.2093108504398826,32,available
GLM-4.7-Flash,Residual integration,residual_integration,27,10,late,-0.1033724340175953,0.0091642228739002,32,available
GLM-4.7-Flash,Residual integration,residual_integration,27,11,late,-0.1433284457478005,-0.1352639296187683,32,available
GLM-4.7-Flash,Residual integration,residual_integration,28,0,early,0.0755131964809384,0.1466275659824046,32,available
GLM-4.7-Flash,Residual integration,residual_integration,28,1,early,0.0516862170087976,0.2679618768328445,32,available
GLM-4.7-Flash,Residual integration,residual_integration,28,2,early,0.1220674486803519,0.313782991202346,32,available
GLM-4.7-Flash,Residual integration,residual_integration,28,3,early,0.0186950146627565,0.2214076246334311,32,available
GLM-4.7-Flash,Residual integration,residual_integration,28,4,middle,0.1605571847507331,0.3427419354838709,32,available
GLM-4.7-Flash,Residual integration,residual_integration,28,5,middle,0.0168621700879765,0.1502932551319648,32,available
GLM-4.7-Flash,Residual integration,residual_integration,28,6,middle,0.0582844574780058,0.189882697947214,32,available
GLM-4.7-Flash,Residual integration,residual_integration,28,7,middle,0.0681818181818181,0.2668621700879765,32,available
GLM-4.7-Flash,Residual integration,residual_integration,28,8,late,0.1180351906158357,0.2316715542521994,32,available
GLM-4.7-Flash,Residual integration,residual_integration,28,9,late,0.0513196480938416,0.2181085043988269,32,available
GLM-4.7-Flash,Residual integration,residual_integration,28,10,late,-0.0912756598240469,0.1653225806451612,32,available
GLM-4.7-Flash,Residual integration,residual_integration,28,11,late,0.0381231671554252,0.1330645161290322,32,available
GLM-4.7-Flash,Residual integration,residual_integration,29,0,early,-0.1228005865102639,-0.0876099706744867,32,available
GLM-4.7-Flash,Residual integration,residual_integration,29,1,early,-0.1653225806451612,-0.1118035190615835,32,available
GLM-4.7-Flash,Residual integration,residual_integration,29,2,early,-0.1810850439882697,-0.128299120234604,32,available
GLM-4.7-Flash,Residual integration,residual_integration,29,3,early,-0.1528592375366569,-0.1557917888563049,32,available
GLM-4.7-Flash,Residual integration,residual_integration,29,4,middle,-0.1107038123167155,-0.1092375366568914,32,available
GLM-4.7-Flash,Residual integration,residual_integration,29,5,middle,-0.0777126099706744,0.0656158357771261,32,available
GLM-4.7-Flash,Residual integration,residual_integration,29,6,middle,-0.1829178885630498,-0.095307917888563,32,available
GLM-4.7-Flash,Residual integration,residual_integration,29,7,middle,-0.1129032258064516,-0.1433284457478005,32,available
GLM-4.7-Flash,Residual integration,residual_integration,29,8,late,-0.2049120234604105,-0.2049120234604105,32,available
GLM-4.7-Flash,Residual integration,residual_integration,29,9,late,-0.2239736070381231,-0.1986803519061583,32,available
GLM-4.7-Flash,Residual integration,residual_integration,29,10,late,-0.0557184750733137,0.0054985337243401,32,available
GLM-4.7-Flash,Residual integration,residual_integration,29,11,late,-0.1774193548387096,-0.1326979472140762,32,available
GLM-4.7-Flash,Residual integration,residual_integration,30,0,early,0.002565982404692,-0.0197947214076246,32,available
GLM-4.7-Flash,Residual integration,residual_integration,30,1,early,-0.0311583577712609,-0.1990469208211143,32,available
GLM-4.7-Flash,Residual integration,residual_integration,30,2,early,-0.127565982404692,-0.1447947214076246,32,available
GLM-4.7-Flash,Residual integration,residual_integration,30,3,early,0.0142961876832844,-0.0667155425219941,32,available
GLM-4.7-Flash,Residual integration,residual_integration,30,4,middle,-0.1308651026392961,-0.1774193548387096,32,available
GLM-4.7-Flash,Residual integration,residual_integration,30,5,middle,0.0153958944281524,-0.0069648093841642,32,available
GLM-4.7-Flash,Residual integration,residual_integration,30,6,middle,-0.2045454545454545,-0.2133431085043988,32,available
GLM-4.7-Flash,Residual integration,residual_integration,30,7,middle,-0.1162023460410556,-0.1561583577712609,32,available
GLM-4.7-Flash,Residual integration,residual_integration,30,8,late,-0.1722873900293255,-0.3005865102639296,32,available
GLM-4.7-Flash,Residual integration,residual_integration,30,9,late,-0.1154692082111436,-0.1737536656891495,32,available
GLM-4.7-Flash,Residual integration,residual_integration,30,10,late,0.000366568914956,-0.0861436950146627,32,available
GLM-4.7-Flash,Residual integration,residual_integration,30,11,late,-0.1162023460410556,-0.1473607038123167,32,available
GLM-4.7-Flash,Residual integration,residual_integration,31,0,early,0.0190615835777126,0.0821114369501466,32,available
GLM-4.7-Flash,Residual integration,residual_integration,31,1,early,0.0139296187683284,0.2280058651026392,32,available
GLM-4.7-Flash,Residual integration,residual_integration,31,2,early,0.1495601173020527,0.2686950146627566,32,available
GLM-4.7-Flash,Residual integration,residual_integration,31,3,early,0.0538856304985337,0.2441348973607038,32,available
GLM-4.7-Flash,Residual integration,residual_integration,31,4,middle,0.18841642228739,0.2983870967741935,32,available
GLM-4.7-Flash,Residual integration,residual_integration,31,5,middle,0.0172287390029325,0.094208211143695,32,available
GLM-4.7-Flash,Residual integration,residual_integration,31,6,middle,0.0128299120234604,0.0564516129032258,32,available
GLM-4.7-Flash,Residual integration,residual_integration,31,7,middle,0.1228005865102639,0.2228739002932551,32,available
GLM-4.7-Flash,Residual integration,residual_integration,31,8,late,0.1334310850439882,0.344941348973607,32,available
GLM-4.7-Flash,Residual integration,residual_integration,31,9,late,-0.0142961876832844,0.1502932551319648,32,available
GLM-4.7-Flash,Residual integration,residual_integration,31,10,late,-0.0458211143695014,0.282624633431085,32,available
GLM-4.7-Flash,Residual integration,residual_integration,31,11,late,0.0986070381231671,0.1671554252199413,32,available
GLM-4.7-Flash,Residual integration,residual_integration,32,0,early,-0.1814516129032257,-0.1616568914956011,32,available
GLM-4.7-Flash,Residual integration,residual_integration,32,1,early,-0.0659824046920821,0.1063049853372434,32,available
GLM-4.7-Flash,Residual integration,residual_integration,32,2,early,0.0718475073313782,0.1356304985337243,32,available
GLM-4.7-Flash,Residual integration,residual_integration,32,3,early,-0.0579178885630498,0.1103372434017595,32,available
GLM-4.7-Flash,Residual integration,residual_integration,32,4,middle,0.0905425219941348,0.2280058651026392,32,available
GLM-4.7-Flash,Residual integration,residual_integration,32,5,middle,-0.1378299120234604,-0.0476539589442815,32,available
GLM-4.7-Flash,Residual integration,residual_integration,32,6,middle,0.0865102639296187,0.1290322580645161,32,available
GLM-4.7-Flash,Residual integration,residual_integration,32,7,middle,0.0201612903225806,0.1202346041055718,32,available
GLM-4.7-Flash,Residual integration,residual_integration,32,8,late,0.0773460410557184,0.2181085043988269,32,available
GLM-4.7-Flash,Residual integration,residual_integration,32,9,late,-0.0058651026392961,0.1458944281524926,32,available
GLM-4.7-Flash,Residual integration,residual_integration,32,10,late,-0.1107038123167155,0.1129032258064516,32,available
GLM-4.7-Flash,Residual integration,residual_integration,32,11,late,0.0205278592375366,0.0857771260997067,32,available
GLM-4.7-Flash,Residual integration,residual_integration,33,0,early,0.1660557184750733,0.2140762463343108,32,available
GLM-4.7-Flash,Residual integration,residual_integration,33,1,early,0.1154692082111436,0.2111436950146627,32,available
GLM-4.7-Flash,Residual integration,residual_integration,33,2,early,0.1136363636363636,0.1660557184750733,32,available
GLM-4.7-Flash,Residual integration,residual_integration,33,3,early,0.2804252199413489,0.3709677419354838,32,available
GLM-4.7-Flash,Residual integration,residual_integration,33,4,middle,0.1843841642228739,0.219574780058651,32,available
GLM-4.7-Flash,Residual integration,residual_integration,33,5,middle,0.1704545454545454,0.127565982404692,32,available
GLM-4.7-Flash,Residual integration,residual_integration,33,6,middle,0.0839442815249266,0.1231671554252199,32,available
GLM-4.7-Flash,Residual integration,residual_integration,33,7,middle,0.2434017595307917,0.282991202346041,32,available
GLM-4.7-Flash,Residual integration,residual_integration,33,8,late,0.188782991202346,0.2719941348973607,32,available
GLM-4.7-Flash,Residual integration,residual_integration,33,9,late,0.2360703812316715,0.3229472140762462,32,available
GLM-4.7-Flash,Residual integration,residual_integration,33,10,late,0.1363636363636363,0.3291788856304985,32,available
GLM-4.7-Flash,Residual integration,residual_integration,33,11,late,0.1638563049853372,0.2126099706744868,32,available
GLM-4.7-Flash,Residual integration,residual_integration,34,0,early,0.0058651026392961,0.0923753665689149,32,available
GLM-4.7-Flash,Residual integration,residual_integration,34,1,early,-0.2254398826979472,-0.2269061583577712,32,available
GLM-4.7-Flash,Residual integration,residual_integration,34,2,early,-0.1821847507331378,-0.0916422287390029,32,available
GLM-4.7-Flash,Residual integration,residual_integration,34,3,early,-0.0197947214076246,0.0410557184750733,32,available
GLM-4.7-Flash,Residual integration,residual_integration,34,4,middle,-0.2071114369501466,-0.2423020527859237,32,available
GLM-4.7-Flash,Residual integration,residual_integration,34,5,middle,-0.0546187683284457,-0.0139296187683284,32,available
GLM-4.7-Flash,Residual integration,residual_integration,34,6,middle,-0.1506598240469208,-0.0597507331378299,32,available
GLM-4.7-Flash,Residual integration,residual_integration,34,7,middle,-0.0927419354838709,-0.0722140762463343,32,available
GLM-4.7-Flash,Residual integration,residual_integration,34,8,late,-0.2001466275659824,-0.1807184750733137,32,available
GLM-4.7-Flash,Residual integration,residual_integration,34,9,late,-0.1242668621700879,-0.0373900293255131,32,available
GLM-4.7-Flash,Residual integration,residual_integration,34,10,late,-0.1044721407624633,-0.0164956011730205,32,available
GLM-4.7-Flash,Residual integration,residual_integration,34,11,late,-0.1913489736070381,-0.094941348973607,32,available
GLM-4.7-Flash,Residual integration,residual_integration,35,0,early,0.1304985337243401,0.1081378299120234,32,available
GLM-4.7-Flash,Residual integration,residual_integration,35,1,early,-0.0208944281524926,-0.000366568914956,32,available
GLM-4.7-Flash,Residual integration,residual_integration,35,2,early,0.0124633431085043,0.0,32,available
GLM-4.7-Flash,Residual integration,residual_integration,35,3,early,0.1224340175953079,0.0788123167155425,32,available
GLM-4.7-Flash,Residual integration,residual_integration,35,4,middle,0.0399560117302052,-0.0879765395894428,32,available
GLM-4.7-Flash,Residual integration,residual_integration,35,5,middle,0.1213343108504398,0.0604838709677419,32,available
GLM-4.7-Flash,Residual integration,residual_integration,35,6,middle,0.0084310850439882,0.0047653958944281,32,available
GLM-4.7-Flash,Residual integration,residual_integration,35,7,middle,0.1253665689149559,0.0579178885630498,32,available
GLM-4.7-Flash,Residual integration,residual_integration,35,8,late,0.0502199413489736,0.0857771260997067,32,available
GLM-4.7-Flash,Residual integration,residual_integration,35,9,late,0.0586510263929618,0.0876099706744867,32,available
GLM-4.7-Flash,Residual integration,residual_integration,35,10,late,-0.001466275659824,0.1107038123167155,32,available
GLM-4.7-Flash,Residual integration,residual_integration,35,11,late,-0.0036656891495601,-0.0142961876832844,32,available
GLM-4.7-Flash,Residual integration,residual_integration,36,0,early,-0.06341642228739,0.1968475073313782,32,available
GLM-4.7-Flash,Residual integration,residual_integration,36,1,early,-0.3695014662756598,-0.1979472140762463,32,available
GLM-4.7-Flash,Residual integration,residual_integration,36,2,early,-0.1836510263929618,0.0062316715542521,32,available
GLM-4.7-Flash,Residual integration,residual_integration,36,3,early,-0.1495601173020527,0.0388563049853372,32,available
GLM-4.7-Flash,Residual integration,residual_integration,36,4,middle,-0.3027859237536657,-0.1656891495601173,32,available
GLM-4.7-Flash,Residual integration,residual_integration,36,5,middle,-0.0784457478005865,0.1220674486803519,32,available
GLM-4.7-Flash,Residual integration,residual_integration,36,6,middle,-0.2598973607038123,-0.0784457478005865,32,available
GLM-4.7-Flash,Residual integration,residual_integration,36,7,middle,-0.1715542521994134,-0.0109970674486803,32,available
GLM-4.7-Flash,Residual integration,residual_integration,36,8,late,-0.2965542521994135,-0.1799853372434017,32,available
GLM-4.7-Flash,Residual integration,residual_integration,36,9,late,-0.2181085043988269,-0.0146627565982404,32,available
GLM-4.7-Flash,Residual integration,residual_integration,36,10,late,-0.2236070381231671,-0.0549853372434017,32,available
GLM-4.7-Flash,Residual integration,residual_integration,36,11,late,-0.2785923753665689,-0.0663489736070381,32,available
GLM-4.7-Flash,Residual integration,residual_integration,37,0,early,0.0293255131964809,0.1033724340175953,32,available
GLM-4.7-Flash,Residual integration,residual_integration,37,1,early,-0.0883431085043988,0.0923753665689149,32,available
GLM-4.7-Flash,Residual integration,residual_integration,37,2,early,-0.0241935483870967,0.0707478005865102,32,available
GLM-4.7-Flash,Residual integration,residual_integration,37,3,early,-0.0828445747800586,0.0216275659824046,32,available
GLM-4.7-Flash,Residual integration,residual_integration,37,4,middle,0.0223607038123167,0.1557917888563049,32,available
GLM-4.7-Flash,Residual integration,residual_integration,37,5,middle,-0.064516129032258,0.0216275659824046,32,available
GLM-4.7-Flash,Residual integration,residual_integration,37,6,middle,-0.125733137829912,-0.0612170087976539,32,available
GLM-4.7-Flash,Residual integration,residual_integration,37,7,middle,0.0087976539589442,0.0780791788856304,32,available
GLM-4.7-Flash,Residual integration,residual_integration,37,8,late,-0.0271260997067448,0.0744134897360703,32,available
GLM-4.7-Flash,Residual integration,residual_integration,37,9,late,-0.1444281524926686,-0.0681818181818181,32,available
GLM-4.7-Flash,Residual integration,residual_integration,37,10,late,-0.1348973607038123,0.0982404692082111,32,available
GLM-4.7-Flash,Residual integration,residual_integration,37,11,late,-0.0846774193548387,0.0073313782991202,32,available
GLM-4.7-Flash,Residual integration,residual_integration,38,0,early,-0.1279325513196481,0.0175953079178885,32,available
GLM-4.7-Flash,Residual integration,residual_integration,38,1,early,-0.2598973607038123,0.0289589442815249,32,available
GLM-4.7-Flash,Residual integration,residual_integration,38,2,early,-0.1565249266862169,0.0524193548387096,32,available
GLM-4.7-Flash,Residual integration,residual_integration,38,3,early,-0.25183284457478,-0.0054985337243401,32,available
GLM-4.7-Flash,Residual integration,residual_integration,38,4,middle,-0.1961143695014662,0.064149560117302,32,available
GLM-4.7-Flash,Residual integration,residual_integration,38,5,middle,-0.1825513196480938,0.0355571847507331,32,available
GLM-4.7-Flash,Residual integration,residual_integration,38,6,middle,-0.1810850439882697,-0.0802785923753665,32,available
GLM-4.7-Flash,Residual integration,residual_integration,38,7,middle,-0.1107038123167155,0.0993401759530791,32,available
GLM-4.7-Flash,Residual integration,residual_integration,38,8,late,-0.18841642228739,0.001099706744868,32,available
GLM-4.7-Flash,Residual integration,residual_integration,38,9,late,-0.2573313782991202,-0.1165689149560117,32,available
GLM-4.7-Flash,Residual integration,residual_integration,38,10,late,-0.1972140762463343,0.0931085043988269,32,available
GLM-4.7-Flash,Residual integration,residual_integration,38,11,late,-0.188782991202346,0.0098973607038123,32,available
GLM-4.7-Flash,Residual integration,residual_integration,39,0,early,0.1671554252199413,0.0813782991202346,32,available
GLM-4.7-Flash,Residual integration,residual_integration,39,1,early,0.189149560117302,0.0278592375366568,32,available
GLM-4.7-Flash,Residual integration,residual_integration,39,2,early,0.094574780058651,-0.0993401759530791,32,available
GLM-4.7-Flash,Residual integration,residual_integration,39,3,early,0.1433284457478005,-0.0348240469208211,32,available
GLM-4.7-Flash,Residual integration,residual_integration,39,4,middle,0.0692815249266862,-0.1085043988269794,32,available
GLM-4.7-Flash,Residual integration,residual_integration,39,5,middle,0.19024926686217,0.0278592375366568,32,available
GLM-4.7-Flash,Residual integration,residual_integration,39,6,middle,0.1055718475073313,-0.0293255131964809,32,available
GLM-4.7-Flash,Residual integration,residual_integration,39,7,middle,0.2159090909090908,0.0351906158357771,32,available
GLM-4.7-Flash,Residual integration,residual_integration,39,8,late,0.1077712609970674,-0.0146627565982404,32,available
GLM-4.7-Flash,Residual integration,residual_integration,39,9,late,0.1330645161290322,0.0036656891495601,32,available
GLM-4.7-Flash,Residual integration,residual_integration,39,10,late,0.2294721407624632,0.0832111436950146,32,available
GLM-4.7-Flash,Residual integration,residual_integration,39,11,late,0.1370967741935483,0.0304252199413489,32,available
GLM-4.7-Flash,Residual integration,residual_integration,40,0,early,-0.1033724340175953,0.0362903225806451,32,available
GLM-4.7-Flash,Residual integration,residual_integration,40,1,early,-0.2617302052785923,-0.2093108504398826,32,available
GLM-4.7-Flash,Residual integration,residual_integration,40,2,early,-0.2661290322580645,-0.1631231671554251,32,available
GLM-4.7-Flash,Residual integration,residual_integration,40,3,early,-0.1136363636363636,-0.0685483870967741,32,available
GLM-4.7-Flash,Residual integration,residual_integration,40,4,middle,-0.3020527859237536,-0.2785923753665689,32,available
GLM-4.7-Flash,Residual integration,residual_integration,40,5,middle,-0.159457478005865,-0.0876099706744867,32,available
GLM-4.7-Flash,Residual integration,residual_integration,40,6,middle,-0.2719941348973607,-0.1649560117302052,32,available
GLM-4.7-Flash,Residual integration,residual_integration,40,7,middle,-0.1319648093841642,-0.0564516129032258,32,available
GLM-4.7-Flash,Residual integration,residual_integration,40,8,late,-0.1466275659824046,-0.000733137829912,32,available
GLM-4.7-Flash,Residual integration,residual_integration,40,9,late,-0.2525659824046921,-0.1484604105571847,32,available
GLM-4.7-Flash,Residual integration,residual_integration,40,10,late,-0.1935483870967741,-0.0681818181818181,32,available
GLM-4.7-Flash,Residual integration,residual_integration,40,11,late,-0.2991202346041055,-0.2181085043988269,32,available
GLM-4.7-Flash,Residual integration,residual_integration,41,0,early,-0.2679618768328445,-0.0388563049853372,32,available
GLM-4.7-Flash,Residual integration,residual_integration,41,1,early,-0.3251466275659824,0.0373900293255131,32,available
GLM-4.7-Flash,Residual integration,residual_integration,41,2,early,-0.2162756598240469,-0.0260263929618768,32,available
GLM-4.7-Flash,Residual integration,residual_integration,41,3,early,-0.3973607038123167,-0.1565249266862169,32,available
GLM-4.7-Flash,Residual integration,residual_integration,41,4,middle,-0.3695014662756598,-0.0571847507331378,32,available
GLM-4.7-Flash,Residual integration,residual_integration,41,5,middle,-0.2686950146627566,0.0593841642228738,32,available
GLM-4.7-Flash,Residual integration,residual_integration,41,6,middle,-0.2675953079178885,-0.0773460410557184,32,available
GLM-4.7-Flash,Residual integration,residual_integration,41,7,middle,-0.2316715542521994,0.0238269794721407,32,available
GLM-4.7-Flash,Residual integration,residual_integration,41,8,late,-0.3218475073313782,-0.1499266862170088,32,available
GLM-4.7-Flash,Residual integration,residual_integration,41,9,late,-0.2873900293255131,-0.1301319648093841,32,available
GLM-4.7-Flash,Residual integration,residual_integration,41,10,late,-0.3068181818181817,0.0212609970674486,32,available
GLM-4.7-Flash,Residual integration,residual_integration,41,11,late,-0.2540322580645161,-0.0685483870967741,32,available
GLM-4.7-Flash,Residual integration,residual_integration,42,0,early,-0.0905425219941348,0.1158357771260997,32,available
GLM-4.7-Flash,Residual integration,residual_integration,42,1,early,-0.1744868035190615,0.064882697947214,32,available
GLM-4.7-Flash,Residual integration,residual_integration,42,2,early,-0.0278592375366568,0.1678885630498533,32,available
GLM-4.7-Flash,Residual integration,residual_integration,42,3,early,-0.1037390029325513,0.1473607038123167,32,available
GLM-4.7-Flash,Residual integration,residual_integration,42,4,middle,-0.1033724340175953,0.1653225806451612,32,available
GLM-4.7-Flash,Residual integration,residual_integration,42,5,middle,-0.1048387096774193,0.1180351906158357,32,available
GLM-4.7-Flash,Residual integration,residual_integration,42,6,middle,-0.0843108504398826,0.0428885630498533,32,available
GLM-4.7-Flash,Residual integration,residual_integration,42,7,middle,-0.032991202346041,0.1678885630498533,32,available
GLM-4.7-Flash,Residual integration,residual_integration,42,8,late,-0.1187683284457477,0.0898093841642228,32,available
GLM-4.7-Flash,Residual integration,residual_integration,42,9,late,-0.0153958944281524,0.1990469208211143,32,available
GLM-4.7-Flash,Residual integration,residual_integration,42,10,late,-0.1011730205278592,0.1565249266862169,32,available
GLM-4.7-Flash,Residual integration,residual_integration,42,11,late,-0.0700146627565982,0.1099706744868035,32,available
GLM-4.7-Flash,Residual integration,residual_integration,43,0,early,0.0381231671554252,0.0707478005865102,32,available
GLM-4.7-Flash,Residual integration,residual_integration,43,1,early,-0.220674486803519,-0.1312316715542522,32,available
GLM-4.7-Flash,Residual integration,residual_integration,43,2,early,-0.1099706744868035,-0.0161290322580645,32,available
GLM-4.7-Flash,Residual integration,residual_integration,43,3,early,-0.0359237536656891,0.0472873900293255,32,available
GLM-4.7-Flash,Residual integration,residual_integration,43,4,middle,-0.0806451612903225,0.0300586510263929,32,available
GLM-4.7-Flash,Residual integration,residual_integration,43,5,middle,-0.1026392961876832,-0.0461876832844574,32,available
GLM-4.7-Flash,Residual integration,residual_integration,43,6,middle,-0.1656891495601173,-0.1323313782991202,32,available
GLM-4.7-Flash,Residual integration,residual_integration,43,7,middle,-0.0216275659824046,-0.0443548387096774,32,available
GLM-4.7-Flash,Residual integration,residual_integration,43,8,late,-0.0513196480938416,0.032991202346041,32,available
GLM-4.7-Flash,Residual integration,residual_integration,43,9,late,-0.1524926686217008,-0.0861436950146627,32,available
GLM-4.7-Flash,Residual integration,residual_integration,43,10,late,-0.1304985337243401,0.0978739002932551,32,available
GLM-4.7-Flash,Residual integration,residual_integration,43,11,late,-0.1433284457478005,-0.0304252199413489,32,available
GLM-4.7-Flash,Residual integration,residual_integration,44,0,early,-0.0069648093841642,0.0458211143695014,32,available
GLM-4.7-Flash,Residual integration,residual_integration,44,1,early,-0.2437683284457477,-0.2401026392961876,32,available
GLM-4.7-Flash,Residual integration,residual_integration,44,2,early,-0.346407624633431,-0.3046187683284457,32,available
GLM-4.7-Flash,Residual integration,residual_integration,44,3,early,-0.12683284457478,-0.1334310850439882,32,available
GLM-4.7-Flash,Residual integration,residual_integration,44,4,middle,-0.2375366568914955,-0.2327712609970674,32,available
GLM-4.7-Flash,Residual integration,residual_integration,44,5,middle,-0.1433284457478005,-0.0975073313782991,32,available
GLM-4.7-Flash,Residual integration,residual_integration,44,6,middle,-0.282624633431085,-0.2327712609970674,32,available
GLM-4.7-Flash,Residual integration,residual_integration,44,7,middle,-0.2734604105571847,-0.3390762463343108,32,available
GLM-4.7-Flash,Residual integration,residual_integration,44,8,late,-0.2635630498533724,-0.3277126099706744,32,available
GLM-4.7-Flash,Residual integration,residual_integration,44,9,late,-0.2910557184750733,-0.2778592375366568,32,available
GLM-4.7-Flash,Residual integration,residual_integration,44,10,late,-0.125,-0.1059384164222873,32,available
GLM-4.7-Flash,Residual integration,residual_integration,44,11,late,-0.3042521994134897,-0.2166422287390029,32,available
GLM-4.7-Flash,Residual integration,residual_integration,45,0,early,0.0821114369501466,0.1484604105571847,32,available
GLM-4.7-Flash,Residual integration,residual_integration,45,1,early,-0.1847507331378299,-0.1645894428152492,32,available
GLM-4.7-Flash,Residual integration,residual_integration,45,2,early,-0.3082844574780058,-0.1942815249266862,32,available
GLM-4.7-Flash,Residual integration,residual_integration,45,3,early,-0.2115102639296187,-0.1407624633431085,32,available
GLM-4.7-Flash,Residual integration,residual_integration,45,4,middle,-0.3042521994134897,-0.2606304985337243,32,available
GLM-4.7-Flash,Residual integration,residual_integration,45,5,middle,-0.1429618768328445,0.0219941348973607,32,available
GLM-4.7-Flash,Residual integration,residual_integration,45,6,middle,-0.2118768328445747,-0.1147360703812316,32,available
GLM-4.7-Flash,Residual integration,residual_integration,45,7,middle,-0.3247800586510263,-0.2932551319648093,32,available
GLM-4.7-Flash,Residual integration,residual_integration,45,8,late,-0.3200146627565982,-0.3420087976539589,32,available
GLM-4.7-Flash,Residual integration,residual_integration,45,9,late,-0.3046187683284457,-0.2364369501466275,32,available
GLM-4.7-Flash,Residual integration,residual_integration,45,10,late,-0.2335043988269794,-0.1719208211143695,32,available
GLM-4.7-Flash,Residual integration,residual_integration,45,11,late,-0.3632697947214076,-0.2576979472140762,32,available
GLM-4.7-Flash,Residual integration,residual_integration,46,0,early,-0.1645894428152492,-0.0747800586510263,32,available
GLM-4.7-Flash,Residual integration,residual_integration,46,1,early,-0.3398093841642228,-0.2565982404692081,32,available
GLM-4.7-Flash,Residual integration,residual_integration,46,2,early,-0.4736070381231671,-0.4970674486803519,32,available
GLM-4.7-Flash,Residual integration,residual_integration,46,3,early,-0.2437683284457477,-0.2756598240469208,32,available
GLM-4.7-Flash,Residual integration,residual_integration,46,4,middle,-0.3075513196480938,-0.346407624633431,32,available
GLM-4.7-Flash,Residual integration,residual_integration,46,5,middle,-0.4043255131964809,-0.4006598240469208,32,available
GLM-4.7-Flash,Residual integration,residual_integration,46,6,middle,-0.3757331378299119,-0.2690615835777126,32,available
GLM-4.7-Flash,Residual integration,residual_integration,46,7,middle,-0.3651026392961876,-0.3859970674486803,32,available
GLM-4.7-Flash,Residual integration,residual_integration,46,8,late,-0.4860703812316715,-0.5381231671554252,32,available
GLM-4.7-Flash,Residual integration,residual_integration,46,9,late,-0.4288856304985337,-0.376466275659824,32,available
GLM-4.7-Flash,Residual integration,residual_integration,46,10,late,-0.3247800586510263,-0.3640029325513196,32,available
GLM-4.7-Flash,Residual integration,residual_integration,46,11,late,-0.4039589442815249,-0.3680351906158357,32,available
