region_id,token_id,token_order_in_region,n_eeg_participants,human_attention,eeg_theta,qwen_integration,glm_integration,human_attention_rank,eeg_theta_rank,qwen_integration_rank,glm_integration_rank,program_id,semantic_type,alternative_section,region_estimable,included_in_figure,exclusion_reason
R002,R002_T001,1,15,0.11584458911504188,0.16095799622410162,0.8316937933680318,0.8435869069617493,1.0,7.0,5.0,6.0,P04,condition / branch,Control flow,True,True,
R002,R002_T002,2,16,0.5677209374578576,-0.11056968598206542,4.0184107469208845,0.05005129334628422,4.0,2.0,8.0,1.0,P04,condition / branch,Control flow,True,True,
R002,R002_T003,3,22,2.1611305926939846,0.09997260427727296,2.779268309049904,1.3782276554555895,6.0,5.0,7.0,8.0,P04,condition / branch,Control flow,True,True,
R002,R002_T004,4,25,3.0267736096469395,-0.10693643143041115,0.8438124069471211,0.6011121913228122,8.0,3.0,6.0,3.0,P04,condition / branch,Control flow,True,True,
R002,R002_T005,5,26,2.8849221468478556,0.15108214573539017,0.5468600253381773,1.0277737970431804,7.0,6.0,2.0,7.0,P04,condition / branch,Control flow,True,True,
R002,R002_T006,6,26,1.7677156612822904,0.09379899734476058,0.6270659739670063,0.48925852768332084,5.0,4.0,3.0,2.0,P04,condition / branch,Control flow,True,True,
R002,R002_T007,7,12,0.21556162855616093,0.5806283567941671,0.8128095140723941,0.6559049507934216,2.0,8.0,4.0,4.0,P04,condition / branch,Control flow,True,True,
R002,R002_T008,8,10,0.25961875978158083,-0.20771958866146006,0.5031054751491274,0.8171178929555469,3.0,1.0,1.0,5.0,P04,condition / branch,Control flow,True,True,
R004,R004_T001,1,7,-0.5320886612204849,-0.011982380307466947,-0.32484494254025637,-0.24006063624753723,5.0,7.0,3.0,6.0,P08,condition / branch,Control flow,True,True,
R004,R004_T002,2,10,-0.5560376995272102,-0.369015421104142,-1.2162100271125125,-0.4632130471457991,4.0,4.0,1.0,3.0,P08,condition / branch,Control flow,True,True,
R004,R004_T003,3,13,0.9969774654059705,-0.19898771223832373,-0.21668217522698874,0.5369249218478286,11.0,5.0,7.0,11.0,P08,condition / branch,Control flow,True,True,
R004,R004_T004,4,17,0.7011924718512721,0.14401109744108548,-0.27232235681539735,-0.20490119050515196,10.0,11.0,5.0,7.0,P08,condition / branch,Control flow,True,True,
R004,R004_T005,5,8,0.00610947576032986,0.10395827924609562,0.8372642450171451,0.172011071819837,9.0,9.0,11.0,10.0,P08,condition / branch,Control flow,True,True,
R004,R004_T006,6,3,-0.6979243093421986,0.048044741942283586,0.19156666952421664,-0.31780042105308365,2.0,8.0,10.0,5.0,P08,condition / branch,Control flow,True,True,
R004,R004_T007,7,3,-0.7936884342106495,-0.5387733248287386,-0.1345412099008385,0.09280501966121597,1.0,2.0,8.0,9.0,P08,condition / branch,Control flow,True,True,
R004,R004_T008,8,6,-0.5890823108878395,-0.12765508816003387,-0.23939317668921647,-0.0976055640929564,3.0,6.0,6.0,8.0,P08,condition / branch,Control flow,True,True,
R004,R004_T009,9,6,-0.17140361779018018,-0.4135818784779211,-0.3066854257284905,-0.5855361854765068,7.0,3.0,4.0,2.0,P08,condition / branch,Control flow,True,True,
R004,R004_T010,10,10,-0.41850194441216804,0.1330226573368199,0.09802144924302807,-0.3582633227598637,6.0,10.0,9.0,4.0,P08,condition / branch,Control flow,True,True,
R004,R004_T011,11,3,-0.06582537774618757,-0.6725435050174662,-0.6570325389545809,-0.6923307681467322,8.0,1.0,2.0,1.0,P08,condition / branch,Control flow,True,True,
R007,R007_T001,1,3,-0.31095697390368615,-0.19910291109546743,0.3006136718992512,-0.05311626019458182,4.0,2.0,2.0,6.0,P10,condition / branch,Control flow,True,True,
R007,R007_T002,2,6,-0.41564398172789413,0.6217819641738063,3.171594045840647,-0.7239128098249861,3.0,7.0,7.0,1.0,P10,condition / branch,Control flow,True,True,
R007,R007_T003,3,13,0.06448554135162672,0.0677505629431483,1.5728482593912185,0.00521570996623813,7.0,4.0,6.0,7.0,P10,condition / branch,Control flow,True,True,
R007,R007_T004,4,15,-0.06408188562581106,0.1507190867289407,1.0409611668707983,-0.4997936655534631,6.0,6.0,4.0,2.0,P10,condition / branch,Control flow,True,True,
R007,R007_T005,5,8,-0.16117024650608233,-0.13199952248986607,1.0668407960400588,-0.11336954929611302,5.0,3.0,5.0,4.0,P10,condition / branch,Control flow,True,True,
R007,R007_T006,6,4,-0.5581607353188314,0.10290430533095374,0.3940918571213184,-0.0597793125420604,1.0,5.0,3.0,5.0,P10,condition / branch,Control flow,True,True,
R007,R007_T007,7,4,-0.4862682982565636,-0.3121622980839045,-0.3978928582944427,-0.266298361180403,2.0,1.0,1.0,3.0,P10,condition / branch,Control flow,True,True,
R010,R010_T001,1,4,-0.7603735244473858,0.916904672956949,0.6925176823376584,-0.04034753953389621,2.0,7.0,6.0,6.0,P10,condition / branch,Control flow,True,True,
R010,R010_T002,2,2,-0.9252121000332002,-1.2365667099366988,-0.9037459500933925,-0.5936572010850701,1.0,1.0,1.0,2.0,P10,condition / branch,Control flow,True,True,
R010,R010_T003,3,6,-0.1824846020452148,0.40537866378217036,0.4103180723118278,0.09664731595064162,6.0,5.0,4.0,7.0,P10,condition / branch,Control flow,True,True,
R010,R010_T004,4,5,-0.5983236680215828,0.6584068823244132,0.20266956831158436,-0.6079573063877199,3.0,6.0,3.0,1.0,P10,condition / branch,Control flow,True,True,
R010,R010_T005,5,3,-0.1824485298446683,-0.58132009133464,0.8623610013922693,-0.5107778376964918,7.0,2.0,7.0,4.0,P10,condition / branch,Control flow,True,True,
R010,R010_T006,6,3,-0.3509881705616867,-0.3325018613738103,0.5615932130590348,-0.5626062233368586,5.0,3.0,5.0,3.0,P10,condition / branch,Control flow,True,True,
R010,R010_T007,7,3,-0.38239308258312743,0.2728275423332102,-0.04861899453275605,-0.29333300974549176,4.0,4.0,2.0,5.0,P10,condition / branch,Control flow,True,True,
R012,R012_T001,1,6,-0.06785695121012768,0.4903144879306305,0.6789869853677684,0.30916530485791255,3.0,7.0,5.0,6.0,P11,condition / branch,Control flow,True,True,
R012,R012_T002,2,5,-0.5367334543645058,-0.330673506895157,-0.895243724863811,-0.648034843016922,1.0,1.0,1.0,1.0,P11,condition / branch,Control flow,True,True,
R012,R012_T003,3,12,1.119098665665474,0.025375200305279844,1.057489853435168,0.9339655458515671,6.0,5.0,6.0,7.0,P11,condition / branch,Control flow,True,True,
R012,R012_T004,4,18,1.2503347930376862,-0.07104667648744395,0.01825951917573021,-0.1830432080652782,7.0,3.0,4.0,4.0,P11,condition / branch,Control flow,True,True,
R012,R012_T005,5,12,0.5596538561006404,-0.03082030000646295,2.527940247043071,0.20465556610323643,5.0,4.0,7.0,5.0,P11,condition / branch,Control flow,True,True,
R012,R012_T006,6,8,-0.18319894091882882,0.08328095447034517,-0.37860723322839956,-0.4122667295050695,2.0,6.0,3.0,2.0,P11,condition / branch,Control flow,True,True,
R012,R012_T007,7,13,0.2568559060193162,-0.18150638057089438,-0.7275839952440325,-0.22541167456362424,4.0,2.0,2.0,3.0,P11,condition / branch,Control flow,True,True,
R016,R016_T001,1,3,-0.7821110066300836,0.14258895350151865,-0.5789212476484816,0.019108184630997043,4.0,4.0,3.0,5.0,P15,condition / branch,Calls / returns,True,True,
R016,R016_T002,2,8,-0.4502861843850045,0.12473377777703248,-0.490779643001269,-0.15912909911219006,7.0,3.0,4.0,4.0,P15,condition / branch,Calls / returns,True,True,
R016,R016_T003,3,5,-0.9236454040554536,-0.13965187956763378,0.04580405403164106,0.3439804952227909,1.0,2.0,6.0,8.0,P15,condition / branch,Calls / returns,True,True,
R016,R016_T004,4,10,-0.16163819468325302,0.20749420527320508,0.05794342569328335,0.2810609821544119,8.0,5.0,7.0,7.0,P15,condition / branch,Calls / returns,True,True,
R016,R016_T005,5,4,-0.6699266695140462,1.116545310464495,-1.2935698554084263,-1.0516415233491803,6.0,8.0,1.0,1.0,P15,condition / branch,Calls / returns,True,True,
R016,R016_T006,6,2,-0.7989675939461995,-0.8884287137786695,-1.155157743484058,0.07784181513923911,3.0,1.0,2.0,6.0,P15,condition / branch,Calls / returns,True,True,
R016,R016_T007,7,3,-0.7654309814173228,0.6183243062690585,0.33183760976344534,-0.8669061853450414,5.0,6.0,8.0,2.0,P15,condition / branch,Calls / returns,True,True,
R016,R016_T008,8,2,-0.8249334145121893,0.7804397951433901,-0.433170677471122,-0.5728078537585155,2.0,7.0,5.0,3.0,P15,condition / branch,Calls / returns,True,True,
R017,R017_T001,1,4,-0.6600147385099399,0.3945044093579262,-1.1427492502941237,0.24824709788725133,8.0,10.0,1.0,9.0,P15,condition / branch,Calls / returns,True,True,
R017,R017_T002,2,1,-0.8661815700065455,0.08007023742473215,0.36338939551459243,-0.6498801496851451,5.0,7.0,9.0,3.0,P15,condition / branch,Calls / returns,True,True,
R017,R017_T003,3,13,-0.04919093831647289,-0.7601729513857958,-0.7758195428796854,-0.01211667370068995,11.0,2.0,4.0,7.0,P15,condition / branch,Calls / returns,True,True,
R017,R017_T004,4,3,-0.9393005906694838,-0.31088969894569085,-0.6380395288672004,0.26453785906441285,3.0,3.0,6.0,10.0,P15,condition / branch,Calls / returns,True,True,
R017,R017_T005,5,10,-0.2948232845665156,0.09661491833075105,-0.6502146396490315,-0.03362759400506458,10.0,8.0,5.0,5.0,P15,condition / branch,Calls / returns,True,True,
R017,R017_T006,6,1,-0.9952191448582602,0.09929055489715341,-0.4361053199466178,-0.024168217612785994,2.0,9.0,7.0,6.0,P15,condition / branch,Calls / returns,True,True,
R017,R017_T007,7,1,-1.0068964881526565,-0.9173625550338618,-1.0523013885127557,-0.22340394295900054,1.0,1.0,2.0,4.0,P15,condition / branch,Calls / returns,True,True,
R017,R017_T008,8,2,-0.8986317812743122,-0.17003235479052375,-0.8478664786348892,-0.8542165999785934,4.0,4.0,3.0,2.0,P15,condition / branch,Calls / returns,True,True,
R017,R017_T009,9,4,-0.6872787273985052,0.07430487851844517,1.0272290382391056,0.340937352394957,7.0,6.0,10.0,11.0,P15,condition / branch,Calls / returns,True,True,
R017,R017_T010,10,1,-0.6555227940781341,1.2880146683163418,-0.2944960689924041,-0.007205418559218302,9.0,11.0,8.0,8.0,P15,condition / branch,Calls / returns,True,True,
R017,R017_T011,11,2,-0.7360072095448796,0.04694904112678766,1.147447589547454,-0.8606182180577896,6.0,5.0,11.0,1.0,P15,condition / branch,Calls / returns,True,True,
R018,R018_T001,1,12,-0.17913603094263095,-0.13063416116367677,0.06737731783002898,0.44104178396716015,16.0,4.0,15.0,17.0,P17,condition / branch,Control flow,True,True,
R018,R018_T002,2,17,-0.03918935193162632,0.11731645350383225,-0.21350739086224255,0.5288045873316973,20.0,13.0,12.0,19.0,P17,condition / branch,Control flow,True,True,
R018,R018_T003,3,14,-0.25419632297688405,-0.12167201768624025,-0.07656550696348059,0.7862665576418296,15.0,5.0,14.0,21.0,P17,condition / branch,Control flow,True,True,
R018,R018_T004,4,23,0.9977470239239453,-0.0057867769502451035,-0.22617528720723312,0.6555028334646601,22.0,9.0,11.0,20.0,P17,condition / branch,Control flow,True,True,
R018,R018_T005,5,9,0.02271678328707824,-0.035252299243899436,-0.8116622225349256,0.20354745453388876,21.0,7.0,3.0,12.0,P17,condition / branch,Control flow,True,True,
R018,R018_T006,6,9,-0.41384368684721723,0.3858879717813432,0.523694100201214,0.42848056210233504,10.0,18.0,18.0,16.0,P17,condition / branch,Control flow,True,True,
R018,R018_T007,7,9,-0.45060245613904776,0.203291379391669,1.2091922019060906,0.0657308937108443,9.0,16.0,22.0,9.0,P17,condition / branch,Control flow,True,True,
R018,R018_T008,8,14,-0.27801477839239847,0.10216077874071562,1.047642034768545,-0.07487598307653705,14.0,12.0,20.0,7.0,P17,condition / branch,Control flow,True,True,
R018,R018_T009,9,11,-0.32846682485584,-0.008456576103803572,-0.612132305723533,-0.17707876414487367,13.0,8.0,9.0,5.0,P17,condition / branch,Control flow,True,True,
R018,R018_T010,10,5,-0.33499055936750727,0.4812094016883967,-0.365518842746449,0.21835233826439837,12.0,19.0,10.0,13.0,P17,condition / branch,Control flow,True,True,
R018,R018_T011,11,4,-0.6818040691920128,-0.8127803851545864,-1.0126855826642907,0.019783601647016164,7.0,2.0,2.0,8.0,P17,condition / branch,Control flow,True,True,
R018,R018_T012,12,1,-1.0532269800141505,1.238167715527635,0.8016029393725704,0.5125855451428696,3.0,21.0,19.0,18.0,P17,condition / branch,Control flow,True,True,
R018,R018_T013,13,5,-0.05474012014073013,-0.09547002668235434,0.16819391131677072,0.31413893068656035,19.0,6.0,16.0,15.0,P17,condition / branch,Control flow,True,True,
R018,R018_T014,14,2,-0.09769716982521026,-0.48284913780206795,0.3852889699814741,-0.19655197550210293,18.0,3.0,17.0,4.0,P17,condition / branch,Control flow,True,True,
R018,R018_T015,15,2,-0.8103165099555891,0.16802754296076128,-0.7520094089593611,-0.7485610232136951,5.0,14.0,5.0,1.0,P17,condition / branch,Control flow,True,True,
R018,R018_T016,16,1,-1.0212225586533445,0.8917436800350603,-0.7209087228467795,0.13629767067575513,4.0,20.0,6.0,11.0,P17,condition / branch,Control flow,True,True,
R018,R018_T017,17,4,-0.3713304869282091,0.017741310054839254,-0.6155928181926006,0.26915462942664775,11.0,11.0,8.0,14.0,P17,condition / branch,Control flow,True,True,
R018,R018_T018,18,1,-1.1035538039001314,-1.1651303891775655,-0.64281535853192,1.0988137211762743,1.0,1.0,7.0,22.0,P17,condition / branch,Control flow,True,True,
R018,R018_T019,19,2,-0.1595639618602324,0.013870842785688162,-0.18167788471540058,-0.1584064753969685,17.0,10.0,13.0,6.0,P17,condition / branch,Control flow,True,True,
R018,R018_T020,20,3,-0.5955990598012567,0.36922876230742546,-1.491797550270179,-0.40979179767848706,8.0,17.0,1.0,2.0,P17,condition / branch,Control flow,True,True,
R018,R018_T021,21,1,-1.1029570116536822,1.7059515486312429,-0.7892020022354336,0.10196405036576202,2.0,22.0,4.0,10.0,P17,condition / branch,Control flow,True,True,
R018,R018_T022,22,1,-0.7873518422633209,0.18128601046768641,1.1403558166748249,-0.22528269246357344,6.0,15.0,21.0,3.0,P17,condition / branch,Control flow,True,True,
R027,R027_T001,1,1,-0.8917485539101739,-0.18468478484738435,-0.3647794991494236,0.19002913666229307,3.0,4.0,4.0,6.0,P25,condition / branch,Calls / returns,True,True,
R027,R027_T002,2,1,-0.8057666649871414,-0.9459187018722843,-0.38995715160291594,-1.0383480044255051,4.0,1.0,3.0,1.0,P25,condition / branch,Calls / returns,True,True,
R027,R027_T003,3,4,-0.6938891498155133,-0.9254318328754565,-0.20233278149419118,0.06302443627114208,5.0,2.0,5.0,4.0,P25,condition / branch,Calls / returns,True,True,
R027,R027_T004,4,10,-0.17731827145562104,-0.4176679762437888,0.008509842189856398,0.1592680888120228,6.0,3.0,6.0,5.0,P25,condition / branch,Calls / returns,True,True,
R027,R027_T005,5,2,-0.9143976240694173,0.5218861987263048,-0.7242296042655613,-0.04548303040595706,1.0,6.0,2.0,2.0,P25,condition / branch,Calls / returns,True,True,
R027,R027_T006,6,3,-0.8979660861823807,-0.182336361578631,-0.9609415356471492,0.03878691205740629,2.0,5.0,1.0,3.0,P25,condition / branch,Calls / returns,True,True,
R029,R029_T001,1,6,-0.23180018667898442,-0.3480677820000097,0.6579589344922427,0.8877268608518958,3.0,2.0,4.0,6.0,P27,condition / branch,Calls / returns,True,True,
R029,R029_T002,2,8,-0.7452882969628557,0.3676689226942386,-0.7139068954211677,-0.3096990103994591,1.0,5.0,1.0,1.0,P27,condition / branch,Calls / returns,True,True,
R029,R029_T003,3,8,-0.6646226292047565,-0.3746073283228975,-0.415150349299473,0.30027926335191524,2.0,1.0,2.0,3.0,P27,condition / branch,Calls / returns,True,True,
R029,R029_T004,4,25,2.397526046197933,-0.009026449585014886,1.0410471890583073,0.03552577058834081,6.0,4.0,5.0,2.0,P27,condition / branch,Calls / returns,True,True,
R029,R029_T005,5,10,0.21212695414236668,-0.2784824082375829,-0.243255553482479,0.5313979748316714,4.0,3.0,3.0,5.0,P27,condition / branch,Calls / returns,True,True,
R029,R029_T006,6,12,1.1480427791224035,0.4298752126569552,1.7755312233577307,0.3419628515605617,5.0,6.0,6.0,4.0,P27,condition / branch,Calls / returns,True,True,
R031,R031_T001,1,4,-0.6720812556942404,0.20016761686669693,-0.6824823449113461,-0.3429564926793803,6.0,12.0,3.0,5.0,P32,condition / branch,Control flow,True,True,
R031,R031_T002,2,4,-0.8851911937731775,0.09428358014216665,-0.20124072008495827,-0.09155866750045931,3.0,9.0,10.0,9.0,P32,condition / branch,Control flow,True,True,
R031,R031_T003,3,14,-0.20244538496261535,-0.20221234665730778,-0.28041445410463417,-0.6810305291051213,13.0,3.0,8.0,1.0,P32,condition / branch,Control flow,True,True,
R031,R031_T004,4,14,0.5307421142476758,0.08269746008806104,-0.3759676741772228,0.6604111892800701,14.0,8.0,6.0,13.0,P32,condition / branch,Control flow,True,True,
R031,R031_T005,5,9,-0.24461793513857907,0.22762562774179212,-0.10329885055215998,1.3258668430600247,12.0,13.0,11.0,14.0,P32,condition / branch,Control flow,True,True,
R031,R031_T006,6,3,-0.7368082395861534,-0.07370857564778532,-0.26298206446759065,-0.19319004101253565,5.0,5.0,9.0,7.0,P32,condition / branch,Control flow,True,True,
R031,R031_T007,7,9,-0.6127771308209561,-0.09662209667362956,-0.08340129719947131,-0.002376267593459158,7.0,4.0,12.0,11.0,P32,condition / branch,Control flow,True,True,
R031,R031_T008,8,3,-0.5564431366478059,-1.0067420846285076,0.22059171336285535,0.3641531134587739,8.0,1.0,14.0,12.0,P32,condition / branch,Control flow,True,True,
R031,R031_T009,9,6,-0.39112276788287653,0.33037466934720777,-0.5713343414171783,-0.08825911488266396,10.0,14.0,4.0,10.0,P32,condition / branch,Control flow,True,True,
R031,R031_T010,10,3,-0.9862874126531139,0.19331611192788226,-0.5477897763611498,-0.5186811227643462,1.0,11.0,5.0,4.0,P32,condition / branch,Control flow,True,True,
R031,R031_T011,11,8,-0.3058435804384168,0.09505523693277698,-0.8123642574140444,-0.6269703363828447,11.0,10.0,2.0,2.0,P32,condition / branch,Control flow,True,True,
R031,R031_T012,12,5,-0.4257147452184647,0.03397475292365191,-0.30874286223543485,-0.5825955490005228,9.0,6.0,7.0,3.0,P32,condition / branch,Control flow,True,True,
R031,R031_T013,13,1,-0.8166073460901887,-0.8519025844539242,0.011940481108233175,-0.2811961006899756,4.0,2.0,13.0,6.0,P32,condition / branch,Control flow,True,True,
R031,R031_T014,14,1,-0.9051452018778726,0.06160910469340896,-1.001420669174748,-0.15693771155110436,2.0,7.0,1.0,8.0,P32,condition / branch,Control flow,True,True,
R040,R040_T001,1,14,0.12563396110357614,-0.1261327792083117,-0.32001399731642205,0.49539841645817756,7.0,4.0,4.0,10.0,P05,base case / return,Calls / returns,True,True,
R040,R040_T002,2,12,-0.23491812142557245,0.0736397862414942,0.05169064643566157,0.3697541252151631,4.0,7.0,6.0,9.0,P05,base case / return,Calls / returns,True,True,
R040,R040_T003,3,10,0.1800245110231775,-0.01365273763752851,0.5434922881795655,-0.3904648531800139,9.0,5.0,8.0,6.0,P05,base case / return,Calls / returns,True,True,
R040,R040_T004,4,7,-0.1893752087908965,0.30123605633832157,0.7195438330767562,-0.2231460160721066,5.0,9.0,10.0,8.0,P05,base case / return,Calls / returns,True,True,
R040,R040_T005,5,7,0.1606508933543396,0.29778473535469213,-0.6714994458539519,-0.8548384766059277,8.0,8.0,1.0,2.0,P05,base case / return,Calls / returns,True,True,
R040,R040_T006,6,10,0.4000297792333263,-0.1351347426429503,0.2546130277596485,-0.5148585249563075,10.0,3.0,7.0,5.0,P05,base case / return,Calls / returns,True,True,
R040,R040_T007,7,2,-0.7970807275984146,0.8817586175325711,0.718623697239973,-0.3452104281978954,1.0,10.0,9.0,7.0,P05,base case / return,Calls / returns,True,True,
R040,R040_T008,8,5,-0.13564770935138334,0.02439385301061613,0.01954223276557676,-0.7209857635886475,6.0,6.0,5.0,3.0,P05,base case / return,Calls / returns,True,True,
R040,R040_T009,9,3,-0.6648269008214694,-0.3949096749402899,-0.4114275364099798,-0.8658440962682503,2.0,1.0,3.0,1.0,P05,base case / return,Calls / returns,True,True,
R040,R040_T010,10,3,-0.3853005269726863,-0.39193084188591554,-0.4470620128120622,-0.7124873892836319,3.0,2.0,2.0,4.0,P05,base case / return,Calls / returns,True,True,
R045,R045_T001,1,6,-0.589635028507812,-0.05423412628900167,-0.08582734998114783,-0.24277247089917453,3.0,3.0,4.0,3.0,P08,base case / return,Calls / returns,True,True,
R045,R045_T002,2,5,-0.5533181424496326,-0.013749003569030504,-0.8851447627108273,-0.6675530144179107,5.0,5.0,1.0,1.0,P08,base case / return,Calls / returns,True,True,
R045,R045_T003,3,4,-0.5883167887807613,-0.03610941285730165,0.8017307474508027,0.6475601499194922,4.0,4.0,8.0,9.0,P08,base case / return,Calls / returns,True,True,
R045,R045_T004,4,12,0.3388149968913063,-0.4621657463560493,-0.5211310157731531,-0.2666853542550455,8.0,2.0,2.0,2.0,P08,base case / return,Calls / returns,True,True,
R045,R045_T005,5,9,0.7560628353547013,0.1532454166648316,-0.38394852837366183,-0.04482138992576021,9.0,8.0,3.0,6.0,P08,base case / return,Calls / returns,True,True,
R045,R045_T006,6,4,-0.46695361783609735,0.018353115721118363,0.28549505977766176,0.048957689624545074,6.0,6.0,6.0,7.0,P08,base case / return,Calls / returns,True,True,
R045,R045_T007,7,3,-0.8484240832882711,0.0297915823411898,-0.0540255409179754,-0.2184628655721815,1.0,7.0,5.0,4.0,P08,base case / return,Calls / returns,True,True,
R045,R045_T008,8,1,-0.24972144431799959,-1.1059276790787846,0.4306387747855723,-0.2160795020052724,7.0,1.0,7.0,5.0,P08,base case / return,Calls / returns,True,True,
R045,R045_T009,9,2,-0.758057737491626,1.7060668698640753,1.3258574092488868,0.18013078242082659,2.0,9.0,9.0,8.0,P08,base case / return,Calls / returns,True,True,
R047,R047_T001,1,3,-0.5683817756598044,1.146428200165892,-0.35400256573657307,-0.08873410740600039,4.0,12.0,3.0,5.0,P09,base case / return,Control flow,True,True,
R047,R047_T002,2,5,-0.22132894499945951,0.7389128428780589,-0.31620002429774124,-0.6857602967517039,7.0,11.0,4.0,1.0,P09,base case / return,Control flow,True,True,
R047,R047_T003,3,12,-0.17442598477993476,-0.007456089855125192,0.1766845864925488,0.24449162625482423,8.0,3.0,8.0,10.0,P09,base case / return,Control flow,True,True,
R047,R047_T004,4,12,0.011270493157260206,0.04182153148645962,-0.12194855568881634,0.2804597362423709,11.0,4.0,5.0,12.0,P09,base case / return,Control flow,True,True,
R047,R047_T005,5,9,-0.13526950289025974,0.37525071971689683,-0.39311762878383966,-0.22880292259507087,9.0,9.0,2.0,4.0,P09,base case / return,Control flow,True,True,
R047,R047_T006,6,7,-0.6952650306024909,0.5216398377360102,1.2961011973578567,0.20326618858880674,1.0,10.0,13.0,8.0,P09,base case / return,Control flow,True,True,
R047,R047_T007,7,12,-0.5397752432797961,0.08823294181458141,-0.005665291388570484,0.09146396433957055,5.0,6.0,7.0,7.0,P09,base case / return,Control flow,True,True,
R047,R047_T008,8,11,-0.09364941160114428,-0.07477594463889377,0.20714298373649412,0.4162110110053709,10.0,2.0,9.0,13.0,P09,base case / return,Control flow,True,True,
R047,R047_T009,9,9,-0.3583784208090179,0.23977735005173073,0.49442091894484497,-0.058538677995729364,6.0,8.0,11.0,6.0,P09,base case / return,Control flow,True,True,
R047,R047_T010,10,11,0.08740643680923088,0.21285600030372703,-0.04862549199823524,-0.33438497655644833,12.0,7.0,6.0,3.0,P09,base case / return,Control flow,True,True,
R047,R047_T011,11,6,-0.6081827541871508,0.08726239633865392,0.6212435128208011,-0.39617883364337453,2.0,5.0,12.0,2.0,P09,base case / return,Control flow,True,True,
R047,R047_T012,12,1,-0.5762646838776662,1.3358753101188603,0.46298838293575356,0.25633290052821134,3.0,13.0,10.0,11.0,P09,base case / return,Control flow,True,True,
R047,R047_T013,13,2,0.2830056110771806,-0.08712788536005314,-0.5297357524335201,0.23476616336651981,13.0,1.0,1.0,9.0,P09,base case / return,Control flow,True,True,
R048,R048_T001,1,8,-0.26840095612366194,0.05623254122406606,-0.9039557117295606,0.5410131428408543,8.0,5.0,1.0,8.0,P10,base case / return,Calls / returns,True,True,
R048,R048_T002,2,10,0.06769347226596364,0.07843111207433325,-0.45698497918544234,0.593447935270175,9.0,7.0,2.0,9.0,P10,base case / return,Calls / returns,True,True,
R048,R048_T003,3,5,-0.4210395292372664,0.5530871628839262,0.21687843384123187,-0.24142339307215002,7.0,8.0,7.0,7.0,P10,base case / return,Calls / returns,True,True,
R048,R048_T004,4,3,-0.8593635569494441,-0.8941562525624551,0.11708759694121512,-0.3301311086198388,1.0,1.0,6.0,6.0,P10,base case / return,Calls / returns,True,True,
R048,R048_T005,5,4,-0.5964742781070119,0.06154126633317919,0.0009018579758108455,-0.7562367401847959,4.0,6.0,4.0,1.0,P10,base case / return,Calls / returns,True,True,
R048,R048_T006,6,4,-0.5262120204550135,-0.445984574119166,0.1140243867063759,-0.5524847530505758,6.0,3.0,5.0,4.0,P10,base case / return,Calls / returns,True,True,
R048,R048_T007,7,1,-0.7890707013433934,-0.1332426990380589,0.4815950423341387,-0.7072411215495231,3.0,4.0,8.0,2.0,P10,base case / return,Calls / returns,True,True,
R048,R048_T008,8,1,-0.5638439463693814,0.6830340603329199,0.6411811639877087,-0.6725599310103497,5.0,9.0,9.0,3.0,P10,base case / return,Calls / returns,True,True,
R048,R048_T009,9,1,-0.8044946416136575,-0.5451404645386653,-0.24015558146181848,-0.5212165662611149,2.0,2.0,3.0,5.0,P10,base case / return,Calls / returns,True,True,
R050,R050_T001,1,3,-0.6657614646279321,-0.2844784692881483,-1.1551824197541014,-0.0010215281947172916,3.0,2.0,1.0,7.0,P12,base case / return,Control flow,True,True,
R050,R050_T002,2,3,-0.5775541326406145,-0.0012845915420532743,4.06873153791856,-0.0875602990515398,5.0,6.0,11.0,5.0,P12,base case / return,Control flow,True,True,
R050,R050_T003,3,6,-0.736385617831559,0.4242864970319953,0.5250060111586529,-0.20176061955879607,2.0,11.0,6.0,4.0,P12,base case / return,Control flow,True,True,
R050,R050_T004,4,14,-0.05717548204051611,0.3428564077829086,0.15812794891507279,-0.0206088368783142,10.0,10.0,5.0,6.0,P12,base case / return,Control flow,True,True,
R050,R050_T005,5,10,-0.6039272168508586,-0.173028448807454,-0.5198965107469898,0.43218984127737947,4.0,3.0,2.0,10.0,P12,base case / return,Control flow,True,True,
R050,R050_T006,6,13,0.10011703918122355,-0.1445340714652956,0.15185350009658527,0.08928833972574281,11.0,4.0,4.0,8.0,P12,base case / return,Control flow,True,True,
R050,R050_T007,7,10,-0.449115035258766,0.04807249771199915,-0.394500872275288,-0.48516069026179726,7.0,7.0,3.0,3.0,P12,base case / return,Control flow,True,True,
R050,R050_T008,8,1,-0.9969326342883615,-0.5885248983481555,0.9414946792124987,-0.7203953946758267,1.0,1.0,9.0,1.0,P12,base case / return,Control flow,True,True,
R050,R050_T009,9,9,-0.2541551804668805,0.2605786037351541,0.6069185741679446,-0.5333126914675345,9.0,9.0,7.0,2.0,P12,base case / return,Control flow,True,True,
R050,R050_T010,10,4,-0.5525613046316745,-0.05293253205439229,0.8132593388265285,0.7357955645699475,6.0,5.0,8.0,11.0,P12,base case / return,Control flow,True,True,
R050,R050_T011,11,4,-0.4342612469546805,0.13652602901107408,1.126854472554809,0.1690864340908572,8.0,8.0,10.0,9.0,P12,base case / return,Control flow,True,True,
R052,R052_T001,1,2,-0.8374771246859267,-0.358272847309442,0.023383896406090288,-0.17584872483633565,2.0,3.0,4.0,5.0,P12,base case / return,Control flow,True,True,
R052,R052_T002,2,4,-0.8056499429990912,-0.4463679199534366,-1.0192959811688442,-0.47044495617235543,3.0,2.0,1.0,2.0,P12,base case / return,Control flow,True,True,
R052,R052_T003,3,6,-0.6954055217540077,-0.3239027407358476,0.02485093477461039,-0.7030032315959822,5.0,4.0,5.0,1.0,P12,base case / return,Control flow,True,True,
R052,R052_T004,4,15,0.024131829071969573,0.33452834851896796,0.5047737562553625,-0.15906571863729999,8.0,8.0,7.0,6.0,P12,base case / return,Control flow,True,True,
R052,R052_T005,5,13,-0.41844732378051686,0.2767292567056421,-0.4293298310243223,-0.14644691820965508,7.0,7.0,3.0,7.0,P12,base case / return,Control flow,True,True,
R052,R052_T006,6,14,-0.45735611603667053,-0.19762053531437399,0.8740605598443109,-0.3114237155965994,6.0,5.0,8.0,4.0,P12,base case / return,Control flow,True,True,
R052,R052_T007,7,3,-0.9361526074650474,-0.6102092720525251,0.3014209596307413,-0.3311930834962519,1.0,1.0,6.0,3.0,P12,base case / return,Control flow,True,True,
R052,R052_T008,8,4,-0.6967270016737809,0.12233673848247226,-0.8591544556367054,0.1767308273763444,4.0,6.0,2.0,8.0,P12,base case / return,Control flow,True,True,
R054,R054_T001,1,4,-0.5746141018428425,0.28342464910332293,-0.2076943990482517,-0.738106641407749,5.0,5.0,4.0,6.0,P12,base case / return,Control flow,True,True,
R054,R054_T002,2,1,-0.8343066052159686,-0.6317834008238297,-0.44665776523034023,0.23442378158701474,3.0,1.0,3.0,7.0,P12,base case / return,Control flow,True,True,
R054,R054_T003,3,1,-1.0906619513460007,-0.38965177130088374,-0.7159427899846008,-1.4505658965640216,2.0,2.0,2.0,1.0,P12,base case / return,Control flow,True,True,
R054,R054_T004,4,14,-0.2255619741438918,0.5116633079005307,0.5213535294686023,-0.8579031911768232,7.0,7.0,5.0,4.0,P12,base case / return,Control flow,True,True,
R054,R054_T005,5,9,-0.7492079206443257,-0.02587111573135122,0.5925767997816834,-1.0530335292254693,4.0,3.0,6.0,2.0,P12,base case / return,Control flow,True,True,
R054,R054_T006,6,9,-0.4238078110626313,-0.019964780124694683,0.782225185652463,-0.9061778303504969,6.0,4.0,7.0,3.0,P12,base case / return,Control flow,True,True,
R054,R054_T007,7,2,-1.1250926087106936,0.47260721293095737,-1.2153980936039257,-0.8365205092230911,1.0,6.0,1.0,5.0,P12,base case / return,Control flow,True,True,
R056,R056_T001,1,8,-0.21616517582035577,0.31482810443407827,-0.11119348613840165,0.44905007608134495,12.0,10.0,8.0,12.0,P12,base case / return,Calls / returns,True,True,
R056,R056_T002,2,4,-0.9696612419111575,0.25404803543311566,0.9830395178226637,0.8230322338972181,3.0,8.0,13.0,13.0,P12,base case / return,Calls / returns,True,True,
R056,R056_T003,3,7,-0.46231549388930765,-0.4401905048422217,0.18538232924214962,0.43664871595719207,10.0,3.0,12.0,11.0,P12,base case / return,Calls / returns,True,True,
R056,R056_T004,4,12,0.014553902161734597,0.282689377233505,-0.40272392666749407,0.17948961627947776,13.0,9.0,5.0,10.0,P12,base case / return,Calls / returns,True,True,
R056,R056_T005,5,7,-0.45185456488241904,0.34608255573852953,0.10648897152965774,-0.29004659177944947,11.0,11.0,11.0,8.0,P12,base case / return,Calls / returns,True,True,
R056,R056_T006,6,4,-0.6657960708831826,0.13876266668817588,-0.29629805841655993,-0.5576256705553035,7.0,6.0,6.0,7.0,P12,base case / return,Calls / returns,True,True,
R056,R056_T007,7,2,-0.5380288071054031,0.41009855909530724,0.10435549755242823,-0.8261859488822539,9.0,12.0,10.0,4.0,P12,base case / return,Calls / returns,True,True,
R056,R056_T008,8,1,-1.1495219990911199,-0.08986655467980861,-0.7067716271067489,-0.5636041241198883,1.0,4.0,2.0,6.0,P12,base case / return,Calls / returns,True,True,
R056,R056_T009,9,2,-0.5551504004925728,-0.06587922349270298,-0.12874456020022473,-0.6044406643414164,8.0,5.0,7.0,5.0,P12,base case / return,Calls / returns,True,True,
R056,R056_T010,10,2,-0.7639082872365798,-0.6501561925345235,-0.6147628292891166,-1.0788395297890032,5.0,2.0,3.0,2.0,P12,base case / return,Calls / returns,True,True,
R056,R056_T011,11,1,-1.025171667327977,1.4003641913673601,-0.889397496225885,-0.9122013126019981,2.0,13.0,1.0,3.0,P12,base case / return,Calls / returns,True,True,
R056,R056_T012,12,5,-0.7322970698992389,0.23381598063330916,0.0006576364381696657,-0.06729158871345368,6.0,7.0,9.0,9.0,P12,base case / return,Calls / returns,True,True,
R056,R056_T013,13,1,-0.8956233668909263,-1.2567728520493633,-0.5140059093125754,-1.107051787432695,4.0,1.0,4.0,1.0,P12,base case / return,Calls / returns,True,True,
R060,R060_T001,1,5,-0.4832787736855761,-0.5252729173596984,-0.9758670254530101,0.37629189433460813,4.0,1.0,4.0,7.0,P16,base case / return,Control flow,True,True,
R060,R060_T002,2,4,-0.6440426385198669,-0.022863096283579604,-1.1888343291112529,-0.19723366828166397,1.0,2.0,1.0,2.0,P16,base case / return,Control flow,True,True,
R060,R060_T003,3,12,0.6418939967744927,0.0025835435322132624,-0.4181990558318429,0.5818631444349036,8.0,3.0,8.0,8.0,P16,base case / return,Control flow,True,True,
R060,R060_T004,4,7,-0.5811997040730262,0.6053131958197673,-0.5571947690861603,0.057017942744256145,2.0,9.0,7.0,4.0,P16,base case / return,Control flow,True,True,
R060,R060_T005,5,7,-0.22305011279971512,0.3333247848747938,-0.9139795014706525,0.23329141414936905,6.0,5.0,5.0,6.0,P16,base case / return,Control flow,True,True,
R060,R060_T006,6,5,-0.5108751940861116,0.23339580170561147,-0.7014933324191501,-0.19328863255831477,3.0,4.0,6.0,3.0,P16,base case / return,Control flow,True,True,
R060,R060_T007,7,2,-0.4370198590663123,0.39946782600289393,-0.09740308395080455,0.7601090606894935,5.0,6.0,9.0,9.0,P16,base case / return,Control flow,True,True,
R060,R060_T008,8,3,0.6890411475089332,0.5265695057254265,-1.0847487077025297,-0.36249437627074377,9.0,8.0,2.0,1.0,P16,base case / return,Control flow,True,True,
R060,R060_T009,9,2,0.049474889530579276,0.44427455827852014,-1.0305338277880882,0.06985272922364116,7.0,7.0,3.0,5.0,P16,base case / return,Control flow,True,True,
R065,R065_T001,1,3,-0.5653825845052457,-0.542729613771127,-0.7247755675042286,0.2003183678287396,8.0,1.0,1.0,5.0,P23,base case / return,Calls / returns,True,True,
R065,R065_T002,2,6,-0.681204174226008,0.22509537922729084,-0.17358354870797152,-0.2274954079260164,6.0,7.0,5.0,3.0,P23,base case / return,Calls / returns,True,True,
R065,R065_T003,3,4,-0.7175862602625038,-0.4123505776552606,0.28562645661627917,-0.11083180584273648,5.0,3.0,8.0,4.0,P23,base case / return,Calls / returns,True,True,
R065,R065_T004,4,3,-0.7650773516049686,-0.12058691526056027,0.04011040098684604,-1.0045323110055684,4.0,4.0,7.0,1.0,P23,base case / return,Calls / returns,True,True,
R065,R065_T005,5,3,-0.792747910270335,0.3801212323006126,-0.3120048519188437,0.2939271004256461,2.0,8.0,4.0,6.0,P23,base case / return,Calls / returns,True,True,
R065,R065_T006,6,5,-0.5818410108427396,-0.5073087730366387,-0.39928595284440876,-0.9437489894249023,7.0,2.0,2.0,2.0,P23,base case / return,Calls / returns,True,True,
R065,R065_T007,7,1,-0.81019098291265,0.15993531671296737,-0.3308252723587958,0.6492935063547433,1.0,5.0,3.0,8.0,P23,base case / return,Calls / returns,True,True,
R065,R065_T008,8,1,-0.7788648446492408,0.2158357300591437,-0.033078169333456975,0.3399198340080833,3.0,6.0,6.0,7.0,P23,base case / return,Calls / returns,True,True,
R066,R066_T001,1,1,-0.9828715357575265,-0.31174765965177537,-0.8220778272309532,-0.24299417306556045,3.0,5.0,1.0,5.0,P23,base case / return,Calls / returns,True,True,
R066,R066_T002,2,3,-0.5594719123635848,0.04736074232246986,-0.7886699948722534,-1.3399445665422747,6.0,6.0,2.0,2.0,P23,base case / return,Calls / returns,True,True,
R066,R066_T003,3,3,-0.3202045372418368,0.5069786715752845,0.3553883279881654,0.26870497541667865,8.0,8.0,8.0,7.0,P23,base case / return,Calls / returns,True,True,
R066,R066_T004,4,4,-0.6084965974599952,-0.37447228995746745,-0.22401069380708127,-0.9633694370822995,5.0,4.0,6.0,3.0,P23,base case / return,Calls / returns,True,True,
R066,R066_T005,5,2,-0.43439706454863614,-0.5716516178140613,-0.45815644258617433,0.2937697704366847,7.0,3.0,4.0,8.0,P23,base case / return,Calls / returns,True,True,
R066,R066_T006,6,1,-0.7403925222190644,-0.9174814382288199,0.03536908008209727,-1.5445929129697957,4.0,2.0,7.0,1.0,P23,base case / return,Calls / returns,True,True,
R066,R066_T007,7,1,-1.0260412779839836,-1.0580449142813968,-0.4146109540069012,-0.0300967278928664,2.0,1.0,5.0,6.0,P23,base case / return,Calls / returns,True,True,
R066,R066_T008,8,1,-1.0992710994891621,0.21363745551534047,-0.6980359662154586,-0.45168776768963914,1.0,7.0,3.0,4.0,P23,base case / return,Calls / returns,True,True,
R074,R074_T001,1,4,-0.20943792539229403,0.49409990011537375,-0.6908313252077848,1.28060909734274,6.0,5.0,2.0,7.0,P29,base case / return,Control flow,True,True,
R074,R074_T002,2,3,-0.6823094607005366,-0.1429296553227114,1.0767533600189383,-0.29590546521123356,3.0,1.0,7.0,1.0,P29,base case / return,Control flow,True,True,
R074,R074_T003,3,11,-0.09555226517133553,0.012704946856152043,0.49579843114530225,0.3551578309666697,7.0,3.0,6.0,5.0,P29,base case / return,Control flow,True,True,
R074,R074_T004,4,4,-0.440231032483676,0.45578784248452714,-0.16538596701633188,0.19064818478833537,5.0,4.0,5.0,4.0,P29,base case / return,Control flow,True,True,
R074,R074_T005,5,6,-0.7928238658299974,0.5871923321922227,-0.29855664247333813,1.249829580714789,2.0,6.0,4.0,6.0,P29,base case / return,Control flow,True,True,
R074,R074_T006,6,3,-0.8246622531734736,0.8163325165078733,-0.7387970135387932,-0.09814486296541568,1.0,7.0,1.0,2.0,P29,base case / return,Control flow,True,True,
R074,R074_T007,7,7,-0.5603647195355537,-0.009479012654620604,-0.5186096112127461,-0.025152047512859637,4.0,2.0,3.0,3.0,P29,base case / return,Control flow,True,True,
R085,R085_T001,1,13,-0.4443879047612018,0.3414442934375534,-0.3558816712503809,-0.29403335689986854,4.0,6.0,4.0,6.0,P15,recursion / function call,Calls / returns,True,True,
R085,R085_T002,2,4,-0.2994490970844297,-0.4000505540497581,-0.9701083334828972,-1.0827794913478361,5.0,1.0,1.0,2.0,P15,recursion / function call,Calls / returns,True,True,
R085,R085_T003,3,5,-0.5397249595938887,-0.1863667008476571,1.198994269876068,-1.1145321118239515,3.0,2.0,6.0,1.0,P15,recursion / function call,Calls / returns,True,True,
R085,R085_T004,4,6,0.21462862100416355,0.2603908568922107,0.6795004749943478,-0.4525505697755365,6.0,5.0,5.0,5.0,P15,recursion / function call,Calls / returns,True,True,
R085,R085_T005,5,4,-0.7446485265587333,0.15849741312233812,-0.8661138228523204,-0.6669339358520153,2.0,4.0,2.0,3.0,P15,recursion / function call,Calls / returns,True,True,
R085,R085_T006,6,2,-0.7642303547772741,-0.011835277947412542,-0.7995757089376836,-0.656636660875376,1.0,3.0,3.0,4.0,P15,recursion / function call,Calls / returns,True,True,
R087,R087_T001,1,4,-0.5549249691221875,0.2772464862662005,0.455597731862889,0.4477668633112264,5.0,6.0,7.0,7.0,P15,recursion / function call,Calls / returns,True,True,
R087,R087_T002,2,1,-1.038620164803818,-0.43305437513300643,-0.47142757124453344,-0.8519096846345255,1.0,2.0,3.0,2.0,P15,recursion / function call,Calls / returns,True,True,
R087,R087_T003,3,3,-0.8317476769342905,-0.0387737177296709,-1.091479258908995,-1.0844428495149645,3.0,3.0,1.0,1.0,P15,recursion / function call,Calls / returns,True,True,
R087,R087_T004,4,7,-0.49288892493099584,-0.5181624028546972,-0.41078144579778786,-0.5391430932665245,6.0,1.0,4.0,3.0,P15,recursion / function call,Calls / returns,True,True,
R087,R087_T005,5,10,-0.4865991623128425,0.20319657220895437,-0.11210977333751837,-0.11110980930000942,7.0,5.0,5.0,5.0,P15,recursion / function call,Calls / returns,True,True,
R087,R087_T006,6,1,-0.8909853407053799,1.7362259638413284,-0.5152005051467724,-0.5178331229120333,2.0,7.0,2.0,4.0,P15,recursion / function call,Calls / returns,True,True,
R087,R087_T007,7,4,-0.6776134510718643,-0.03743426508360481,0.15171724717755705,0.31352880300176417,4.0,4.0,6.0,6.0,P15,recursion / function call,Calls / returns,True,True,
R089,R089_T001,1,20,1.001154095604827,-0.08088090786409127,0.7478384716824121,0.012935869140104861,12.0,5.0,13.0,10.0,P20,recursion / function call,Calls / returns,True,True,
R089,R089_T002,2,22,2.734102522699489,-0.05004740775278882,-0.14017148004782806,0.392324053090924,14.0,6.0,6.0,13.0,P20,recursion / function call,Calls / returns,True,True,
R089,R089_T003,3,14,-0.04917052736105743,0.23764158265595445,0.9526509464821246,-0.1894890746724961,9.0,11.0,14.0,5.0,P20,recursion / function call,Calls / returns,True,True,
R089,R089_T004,4,20,2.274433957217362,-0.04254293030560276,-0.14375847568767805,0.003501393721421812,13.0,7.0,5.0,9.0,P20,recursion / function call,Calls / returns,True,True,
R089,R089_T005,5,9,-0.1757935955152419,0.3949093464854215,0.17322414910196726,-0.2537966590214289,8.0,13.0,8.0,4.0,P20,recursion / function call,Calls / returns,True,True,
R089,R089_T006,6,10,0.31736831054535025,-0.15084218399008303,0.4144651584137633,0.3102480174667685,11.0,4.0,10.0,12.0,P20,recursion / function call,Calls / returns,True,True,
R089,R089_T007,7,7,-0.3086431622287462,0.05767849074103339,0.16215211984026945,-0.2564396949586314,6.0,9.0,7.0,3.0,P20,recursion / function call,Calls / returns,True,True,
R089,R089_T008,8,4,0.027569899725502386,0.01831024483343907,0.5437106257267762,-0.038952133119890424,10.0,8.0,12.0,7.0,P20,recursion / function call,Calls / returns,True,True,
R089,R089_T009,9,3,-0.8488483126014469,0.05839212163230334,-0.14725568442577017,0.08925637514667918,2.0,10.0,4.0,11.0,P20,recursion / function call,Calls / returns,True,True,
R089,R089_T010,10,4,-0.24423793543545044,0.3694535935274075,-0.19785731230557588,0.5168176130480809,7.0,12.0,3.0,14.0,P20,recursion / function call,Calls / returns,True,True,
R089,R089_T011,11,3,-0.6928479562247354,0.5813739877253508,-0.34849827975510855,-0.04618369992019805,5.0,14.0,2.0,6.0,P20,recursion / function call,Calls / returns,True,True,
R089,R089_T012,12,2,-0.7149340201859822,-0.25751524160254813,0.40851202901225325,-0.021056661147184314,4.0,3.0,9.0,8.0,P20,recursion / function call,Calls / returns,True,True,
R089,R089_T013,13,2,-0.7612094023592825,-0.37825553472648576,-0.48712307654857523,-0.7939077532933826,3.0,1.0,1.0,1.0,P20,recursion / function call,Calls / returns,True,True,
R089,R089_T014,14,1,-0.9314025628909232,-0.2809452243723779,0.5403311556440406,-0.5388320357774834,1.0,2.0,11.0,2.0,P20,recursion / function call,Calls / returns,True,True,
R092,R092_T001,1,7,0.04793519615146743,0.16393787953917696,-0.6618890366104203,0.36625339591172895,3.0,3.0,3.0,7.0,P24,recursion / function call,Calls / returns,True,True,
R092,R092_T002,2,15,1.0184791949642868,-0.07974413955252956,-0.3046785729661728,0.07655050921300442,6.0,1.0,6.0,6.0,P24,recursion / function call,Calls / returns,True,True,
R092,R092_T003,3,14,-0.16873949423259949,0.0300428011248712,-0.7074768834330335,-0.28563326223286095,2.0,2.0,2.0,1.0,P24,recursion / function call,Calls / returns,True,True,
R092,R092_T004,4,11,1.1427507816547429,0.38518603376088495,-0.41367225338068003,-0.19532964494189808,7.0,5.0,5.0,3.0,P24,recursion / function call,Calls / returns,True,True,
R092,R092_T005,5,10,0.4539846675836074,0.46053525157863673,-0.21900861068872665,0.04515223159275237,4.0,6.0,7.0,5.0,P24,recursion / function call,Calls / returns,True,True,
R092,R092_T006,6,4,-0.29434710735320424,0.7105330700035242,-0.5817005067263509,-0.18563557740447068,1.0,7.0,4.0,4.0,P24,recursion / function call,Calls / returns,True,True,
R092,R092_T007,7,7,0.5643213372346926,0.17623030855283342,-1.1391496649970791,-0.21702745087992723,5.0,4.0,1.0,2.0,P24,recursion / function call,Calls / returns,True,True,
R101,R101_T001,1,9,-0.46567033106741745,0.04510696853610114,-0.816326752571292,-0.06249269257608484,1.0,4.0,1.0,4.0,P02,variable update,Scalar / other,True,True,
R101,R101_T002,2,17,0.07853399194426802,-0.028526472757645867,-0.19487924331283732,-0.08066561231376997,5.0,3.0,4.0,3.0,P02,variable update,Scalar / other,True,True,
R101,R101_T003,3,16,-0.3662886394456899,-0.15546040269983857,-0.687785092890878,-0.29860152513488886,2.0,1.0,2.0,1.0,P02,variable update,Scalar / other,True,True,
R101,R101_T004,4,15,-0.05847329534895168,0.21182319343324776,1.4845673021313688,-0.23764650941285104,3.0,5.0,5.0,2.0,P02,variable update,Scalar / other,True,True,
R101,R101_T005,5,19,0.06765584221993302,-0.02930298017765164,-0.6598218614018835,0.104937006505738,4.0,2.0,3.0,5.0,P02,variable update,Scalar / other,True,True,
R103,R103_T001,1,14,-0.521885145763022,0.023832961352943494,-0.6785170456176847,-0.4496014248276541,4.0,6.0,2.0,3.0,P02,variable update,Scalar / other,True,True,
R103,R103_T002,2,16,0.47965951005494073,0.22458928850405088,-0.1585598911184243,0.12789576691903712,9.0,7.0,6.0,6.0,P02,variable update,Scalar / other,True,True,
R103,R103_T003,3,8,-0.5508367825865902,-0.5808738197685787,-0.5942423750363901,0.4461830912201769,3.0,2.0,3.0,8.0,P02,variable update,Scalar / other,True,True,
R103,R103_T004,4,13,0.3089785616049739,0.24706893078742007,-0.302100281336588,0.1949246317554644,8.0,8.0,5.0,7.0,P02,variable update,Scalar / other,True,True,
R103,R103_T005,5,5,-0.3209581301038095,-1.181803590858446,0.013143101654677516,-0.10968922841927627,5.0,1.0,7.0,4.0,P02,variable update,Scalar / other,True,True,
R103,R103_T006,6,2,-0.7249437337002574,-0.42256861685006863,-0.4657426969029872,0.45223064493398263,2.0,3.0,4.0,9.0,P02,variable update,Scalar / other,True,True,
R103,R103_T007,7,7,0.03492397369330071,-0.36769168582663586,0.7390463523336096,0.1198937180635597,7.0,4.0,9.0,5.0,P02,variable update,Scalar / other,True,True,
R103,R103_T008,8,1,-0.9146591326711526,-0.3257756551594435,-1.2090279727034603,-0.5910308642180406,1.0,5.0,1.0,1.0,P02,variable update,Scalar / other,True,True,
R103,R103_T009,9,1,-0.2766092702043785,1.232613635501903,0.21307448597260126,-0.5008955567179268,6.0,9.0,8.0,2.0,P02,variable update,Scalar / other,True,True,
R104,R104_T001,1,13,0.03990657097909004,-0.3766303666182125,0.05242700464038893,0.7888676264266179,6.0,2.0,5.0,6.0,P03,variable update,Scalar / other,True,True,
R104,R104_T002,2,27,2.392276026295908,-0.09450399835635738,1.4994530084871398,0.9765520143364109,10.0,7.0,10.0,10.0,P03,variable update,Scalar / other,True,True,
R104,R104_T003,3,15,0.13112230668187666,0.042430295301841205,0.05773429566683567,0.8414087794799597,7.0,8.0,6.0,8.0,P03,variable update,Scalar / other,True,True,
R104,R104_T004,4,9,-0.727460208098356,-0.2705493729163027,0.4717539907928627,0.7850145622094963,3.0,3.0,7.0,5.0,P03,variable update,Scalar / other,True,True,
R104,R104_T005,5,14,0.3621682824108652,-0.19173082380876347,0.6005160592416218,0.8468889835567835,9.0,4.0,8.0,9.0,P03,variable update,Scalar / other,True,True,
R104,R104_T006,6,8,-0.3158054660974963,-0.12235666185868904,-0.5374609404074345,0.41035667631706213,5.0,6.0,3.0,3.0,P03,variable update,Scalar / other,True,True,
R104,R104_T007,7,9,0.14424202641675854,0.23046525162064768,0.7508529520102275,0.8354738549278821,8.0,9.0,9.0,7.0,P03,variable update,Scalar / other,True,True,
R104,R104_T008,8,2,-0.9635443366677211,-0.7902741090240846,-0.8553974068173948,-0.21224032210577723,2.0,1.0,1.0,1.0,P03,variable update,Scalar / other,True,True,
R104,R104_T009,9,6,-0.6585287122321638,0.8063112410282457,-0.8500597308754357,0.49211293748166246,4.0,10.0,2.0,4.0,P03,variable update,Scalar / other,True,True,
R104,R104_T010,10,1,-1.0725219012932732,-0.12417742075300058,-0.05060335195377216,0.20215881841366493,1.0,5.0,4.0,2.0,P03,variable update,Scalar / other,True,True,
R106,R106_T001,1,18,1.117231322923698,0.11815884075944523,1.1451565238821149,0.7339863524324984,4.0,5.0,6.0,6.0,P04,variable update,Scalar / other,True,True,
R106,R106_T002,2,19,0.6417905780762566,0.20095450810370602,-0.5761109282095942,0.1278754509631408,2.0,6.0,2.0,3.0,P04,variable update,Scalar / other,True,True,
R106,R106_T003,3,21,1.8205481825101428,-0.1523504264313646,-0.15436231074992326,0.31424495468966535,6.0,1.0,3.0,4.0,P04,variable update,Scalar / other,True,True,
R106,R106_T004,4,22,0.9274137637500331,-0.08073762055495988,-0.8728848169168842,-0.2113409392740401,3.0,2.0,1.0,1.0,P04,variable update,Scalar / other,True,True,
R106,R106_T005,5,18,0.34308223010644706,0.017223088226589658,0.20161834903037879,0.0646666101170034,1.0,4.0,4.0,2.0,P04,variable update,Scalar / other,True,True,
R106,R106_T006,6,15,1.213702942376931,-0.04537270964570575,0.23166858791845982,0.64168186238846,5.0,3.0,5.0,5.0,P04,variable update,Scalar / other,True,True,
R109,R109_T001,1,17,0.5428579117848881,0.047661514456907215,0.3316489892075602,0.06385627316315168,3.0,4.0,2.0,4.0,P06,variable update,Calls / returns,True,True,
R109,R109_T002,2,18,0.030884704162838644,0.07229886290967495,0.5566165774947759,-1.2734129405125276,1.0,5.0,3.0,1.0,P06,variable update,Calls / returns,True,True,
R109,R109_T003,3,18,0.30411731849055235,-0.38322426493459866,-0.6205378413895283,0.5077189017225748,2.0,1.0,1.0,6.0,P06,variable update,Calls / returns,True,True,
R109,R109_T004,4,29,2.0178672368487174,-0.0980639460408968,3.360899997149742,0.02917284910788916,5.0,2.0,6.0,3.0,P06,variable update,Calls / returns,True,True,
R109,R109_T005,5,31,3.6967134235047463,0.1712738649640703,1.1417255499071175,-0.36657111339212367,6.0,6.0,5.0,2.0,P06,variable update,Calls / returns,True,True,
R109,R109_T006,6,14,0.6074934980452461,-0.044099322690552556,0.7979131340461775,0.17125530335501427,4.0,3.0,4.0,5.0,P06,variable update,Calls / returns,True,True,
R110,R110_T001,1,10,0.4022112046505624,0.41166095312341333,-0.15574859199469568,0.8957770240959803,4.0,7.0,3.0,6.0,P06,variable update,Calls / returns,True,True,
R110,R110_T002,2,16,0.5233112562906986,-0.2324275778400779,0.2629052279651525,0.04778870857553652,5.0,2.0,5.0,3.0,P06,variable update,Calls / returns,True,True,
R110,R110_T003,3,13,-0.221432863500675,-0.19227256376822835,-0.2975335594690213,0.13180009269542747,2.0,3.0,2.0,4.0,P06,variable update,Calls / returns,True,True,
R110,R110_T004,4,10,-0.03699052558969161,-0.03572679975536623,-0.4672872766628276,0.6316560277565256,3.0,5.0,1.0,5.0,P06,variable update,Calls / returns,True,True,
R110,R110_T005,5,26,2.5063448004962288,-0.11221767275424568,0.28676432996837165,1.2029960917966822,7.0,4.0,6.0,7.0,P06,variable update,Calls / returns,True,True,
R110,R110_T006,6,12,0.7432043869273558,0.028302514787503567,0.3883105726573161,-0.12689128825565213,6.0,6.0,7.0,2.0,P06,variable update,Calls / returns,True,True,
R110,R110_T007,7,7,-0.26052070699054075,-0.44804095570227853,-0.04537766634364352,-0.15888057734897212,1.0,1.0,4.0,1.0,P06,variable update,Calls / returns,True,True,
R111,R111_T001,1,16,0.39959824314991826,0.23033975313121907,-0.7152616126803323,0.06121531594425611,5.0,8.0,2.0,5.0,P06,variable update,Calls / returns,True,True,
R111,R111_T002,2,17,0.10056538633470095,0.1825920476100962,0.8780992104040406,-0.24621545465057762,3.0,7.0,8.0,3.0,P06,variable update,Calls / returns,True,True,
R111,R111_T003,3,20,0.8320200134666322,-0.2688574470376142,-0.2598835740478371,-0.32530725233872687,6.0,3.0,3.0,1.0,P06,variable update,Calls / returns,True,True,
R111,R111_T004,4,13,0.10007933509801537,0.13100403383354325,-0.7697310687461297,0.6545278093113449,2.0,5.0,1.0,7.0,P06,variable update,Calls / returns,True,True,
R111,R111_T005,5,20,2.8733399552389063,0.14407610021700257,0.5619971489355802,1.0472534559578428,8.0,6.0,6.0,8.0,P06,variable update,Calls / returns,True,True,
R111,R111_T006,6,9,1.1542230650549643,-0.03910159497309408,0.5219262608856224,-0.05952674214208894,7.0,4.0,5.0,4.0,P06,variable update,Calls / returns,True,True,
R111,R111_T007,7,4,0.09189487676665488,-0.46851255735721287,0.7251728684437607,-0.3056933414045478,1.0,2.0,7.0,2.0,P06,variable update,Calls / returns,True,True,
R111,R111_T008,8,1,0.2771012703292767,-0.8479171290099816,0.2926188593187317,0.6101908608227798,4.0,1.0,4.0,6.0,P06,variable update,Calls / returns,True,True,
R116,R116_T001,1,24,1.9097089640193028,0.14338005452268723,-0.6627476108851112,0.20020619863067934,5.0,3.0,1.0,5.0,P10,variable update,Scalar / other,True,True,
R116,R116_T002,2,12,0.5549781871826667,-0.018568995053537707,-0.4425426527119432,-0.05440864839895437,4.0,2.0,3.0,2.0,P10,variable update,Scalar / other,True,True,
R116,R116_T003,3,3,-0.8301860704592848,-0.12507992082559968,-0.662319460749752,-0.3578429744899119,1.0,1.0,2.0,1.0,P10,variable update,Scalar / other,True,True,
R116,R116_T004,4,3,-0.8122220154792852,1.2370277126339335,0.5794369673577459,0.008064190938807114,2.0,5.0,4.0,3.0,P10,variable update,Scalar / other,True,True,
R116,R116_T005,5,4,-0.7674420165246935,0.8726750226113967,1.4370535662101478,0.07852449811220996,3.0,4.0,5.0,4.0,P10,variable update,Scalar / other,True,True,
R129,R129_T001,1,14,-0.30188349616060456,-0.08975446131175967,-0.1654549370802693,0.5520826949256036,2.0,2.0,3.0,2.0,P11,variable update,Scalar / other,True,True,
R129,R129_T002,2,22,1.3504926615152553,0.05254233249473151,0.10570764846396123,0.8528787924120277,5.0,5.0,4.0,6.0,P11,variable update,Scalar / other,True,True,
R129,R129_T003,3,21,0.825334573181995,-0.20189454845965496,-0.4127180597930457,0.6596119024966244,4.0,1.0,2.0,4.0,P11,variable update,Scalar / other,True,True,
R129,R129_T004,4,24,3.4687687716319844,0.03681091299212438,-0.5496481774213758,0.17707509978521715,6.0,4.0,1.0,1.0,P11,variable update,Scalar / other,True,True,
R129,R129_T005,5,7,-0.5596273370949872,-0.06556137843548078,0.15282105477594157,0.5589111021142505,1.0,3.0,5.0,3.0,P11,variable update,Scalar / other,True,True,
R129,R129_T006,6,13,0.47849595633590064,0.4807148146482269,1.2386155457571455,0.6897957783930911,3.0,6.0,6.0,5.0,P11,variable update,Scalar / other,True,True,
R133,R133_T001,1,21,0.7260428782711501,0.053182866711333245,0.8176666839281556,0.868833052331795,5.0,5.0,5.0,5.0,P11,variable update,Scalar / other,True,True,
R133,R133_T002,2,13,-0.14859872404806487,-0.16577662634482848,-0.07589780024125221,0.3154400077599105,2.0,1.0,3.0,4.0,P11,variable update,Scalar / other,True,True,
R133,R133_T003,3,25,4.087184224071766,-0.035914697305913096,-0.543760651152653,-0.6484022637418767,6.0,3.0,2.0,1.0,P11,variable update,Scalar / other,True,True,
R133,R133_T004,4,9,0.08025138723573293,-0.035820137177613204,0.898205697636361,0.9295494242179684,4.0,4.0,6.0,6.0,P11,variable update,Scalar / other,True,True,
R133,R133_T005,5,11,-0.23592701110179246,0.20548287375028604,-0.039259791927824084,-0.1210713000783168,1.0,6.0,4.0,3.0,P11,variable update,Scalar / other,True,True,
R133,R133_T006,6,6,0.037235270919291956,-0.12545924870973177,-0.8784379926315352,-0.4749223271180793,3.0,2.0,1.0,2.0,P11,variable update,Scalar / other,True,True,
R136,R136_T001,1,9,-0.07614239814835717,0.07326607608047592,-1.3659144500537617,-0.46569322033139326,1.0,4.0,1.0,1.0,P13,variable update,Scalar / other,True,True,
R136,R136_T002,2,32,4.19523989552555,0.16339750567429567,-0.19697377774808955,-0.133010236941856,5.0,5.0,4.0,3.0,P13,variable update,Scalar / other,True,True,
R136,R136_T003,3,25,1.6620125446632663,-0.03715907782633532,-0.6328029074257214,-0.03820526818438661,3.0,3.0,2.0,4.0,P13,variable update,Scalar / other,True,True,
R136,R136_T004,4,32,6.746456994224968,-0.04315354628862528,-0.22912990852623052,0.039409756422306035,6.0,1.0,3.0,6.0,P13,variable update,Scalar / other,True,True,
R136,R136_T005,5,24,3.407597098766516,-0.04142353609916264,0.015658441827234037,-0.13926196374949817,4.0,2.0,5.0,2.0,P13,variable update,Scalar / other,True,True,
R136,R136_T006,6,8,1.344906026258327,0.5245669846840434,0.6768123937300402,0.031200453791500216,2.0,6.0,6.0,5.0,P13,variable update,Scalar / other,True,True,
R137,R137_T001,1,9,-0.5249235545687957,0.060518406297225935,-1.31175258897039,-0.6000844410025246,2.0,6.0,1.0,1.0,P13,variable update,Scalar / other,True,True,
R137,R137_T002,2,7,-0.6541798167641212,-0.5096666134767517,0.7245912339907044,-0.45854557845819127,1.0,1.0,5.0,2.0,P13,variable update,Scalar / other,True,True,
R137,R137_T003,3,28,3.891761267383398,-0.04190260719568343,-0.3312637405127139,-0.34589877408257164,6.0,3.0,3.0,3.0,P13,variable update,Scalar / other,True,True,
R137,R137_T004,4,23,2.098536248517194,0.03204832339958131,-0.011977520015029913,0.16600702880895205,5.0,4.0,4.0,5.0,P13,variable update,Scalar / other,True,True,
R137,R137_T005,5,22,0.9008274396124696,0.03975118225542916,1.216965359138774,1.2618961646342686,3.0,5.0,6.0,6.0,P13,variable update,Scalar / other,True,True,
R137,R137_T006,6,24,1.606758597830287,-0.07137355781736261,-0.6008269509915047,-0.16975947577271341,4.0,2.0,2.0,4.0,P13,variable update,Scalar / other,True,True,
R147,R147_T001,1,17,1.0356977120775357,-0.10128128838312063,0.1494698143825166,-0.5248580933439676,5.0,2.0,3.0,2.0,P17,variable update,Scalar / other,True,True,
R147,R147_T002,2,23,1.7559924100514432,0.1222912131215166,0.9378066760834095,-0.41826360755154973,6.0,4.0,5.0,3.0,P17,variable update,Scalar / other,True,True,
R147,R147_T003,3,18,0.8216308885208106,0.3113218168766027,0.7834626806251812,-0.1488903638776615,4.0,6.0,4.0,6.0,P17,variable update,Scalar / other,True,True,
R147,R147_T004,4,5,-0.21625275829285742,-0.24713096716641783,-0.4503864070614713,-0.5974041734005997,2.0,1.0,2.0,1.0,P17,variable update,Scalar / other,True,True,
R147,R147_T005,5,5,0.06238891356006419,0.14763039957742807,1.50935773919063,-0.30354272392728915,3.0,5.0,6.0,4.0,P17,variable update,Scalar / other,True,True,
R147,R147_T006,6,1,-0.719349261414723,-0.09485053779527029,-0.46567895265462184,-0.179001029594142,1.0,3.0,1.0,5.0,P17,variable update,Scalar / other,True,True,
R150,R150_T001,1,23,1.10645091288533,-0.017371412310682965,0.6967141895212063,0.9017925204295437,7.0,6.0,6.0,8.0,P20,variable update,Calls / returns,True,True,
R150,R150_T002,2,19,0.20917345104825982,-0.16459741646590326,-0.2136339130664281,0.9693422011878748,4.0,3.0,2.0,9.0,P20,variable update,Calls / returns,True,True,
R150,R150_T003,3,26,2.6737929191708587,-0.21643269338575907,0.8236178057910536,0.8367572295811079,9.0,1.0,7.0,7.0,P20,variable update,Calls / returns,True,True,
R150,R150_T004,4,26,2.0855001712939067,0.004151465075313652,0.9442423458056134,0.6725472042242265,8.0,7.0,9.0,6.0,P20,variable update,Calls / returns,True,True,
R150,R150_T005,5,16,0.5771665158192948,0.31479110255907905,0.9069376412550311,0.27950864027994193,6.0,9.0,8.0,4.0,P20,variable update,Calls / returns,True,True,
R150,R150_T006,6,13,0.14743997701955347,-0.12095835661469777,0.5031563223853398,0.46175830139754787,3.0,4.0,5.0,5.0,P20,variable update,Calls / returns,True,True,
R150,R150_T007,7,14,-0.02666048991150573,0.10679002819862024,-0.5924230549583237,-0.4086515968285343,2.0,8.0,1.0,1.0,P20,variable update,Calls / returns,True,True,
R150,R150_T008,8,9,-0.36678357543041357,-0.20712380763745075,0.169341532878404,-0.35461963582333106,1.0,2.0,3.0,2.0,P20,variable update,Calls / returns,True,True,
R150,R150_T009,9,13,0.26585196176041354,-0.09492069387089443,0.31190356544515,0.1381577015044276,5.0,5.0,4.0,3.0,P20,variable update,Calls / returns,True,True,
R151,R151_T001,1,8,0.23850295272704428,0.04828443605966587,0.1026718001287742,-0.22566488493038683,8.0,7.0,8.0,8.0,P20,variable update,Calls / returns,True,True,
R151,R151_T002,2,9,-0.015000226123497468,-0.0836275929176263,-0.8137493721414719,-0.621085233620858,5.0,4.0,2.0,4.0,P20,variable update,Calls / returns,True,True,
R151,R151_T003,3,7,0.8185632457497644,-0.2722188699795262,-0.5156605665588975,-0.659628881856643,9.0,2.0,6.0,3.0,P20,variable update,Calls / returns,True,True,
R151,R151_T004,4,9,0.21524791373838978,0.04875524863705674,-0.5899876387510629,-0.5792847335973552,7.0,8.0,3.0,5.0,P20,variable update,Calls / returns,True,True,
R151,R151_T005,5,3,-0.07985105251631339,-0.0012057037384549663,0.1441275409012149,-0.9620099444239313,4.0,5.0,9.0,1.0,P20,variable update,Calls / returns,True,True,
R151,R151_T006,6,5,0.1403919371449498,0.0033761646811107937,-0.4008690478352908,-0.4852141813093021,6.0,6.0,7.0,7.0,P20,variable update,Calls / returns,True,True,
R151,R151_T007,7,1,-0.49164846469622353,-0.8672553155144762,-0.8421312164553881,-0.8110279907641321,2.0,1.0,1.0,2.0,P20,variable update,Calls / returns,True,True,
R151,R151_T008,8,2,-0.5965777612800095,-0.22364746191021134,-0.5374452191108751,-0.5075246331370358,1.0,3.0,4.0,6.0,P20,variable update,Calls / returns,True,True,
R151,R151_T009,9,1,-0.27586937469761813,0.22801598719957322,-0.5328697928182282,0.2210777819967276,3.0,9.0,5.0,9.0,P20,variable update,Calls / returns,True,True,
R152,R152_T001,1,4,-0.3230874406778535,0.3673598894620746,-0.7424035579634592,0.27917443048677915,2.0,5.0,1.0,3.0,P21,variable update,Scalar / other,True,True,
R152,R152_T002,2,22,0.7275073308458975,0.10696517260288987,0.2877869903649232,0.10584147727724184,4.0,3.0,3.0,1.0,P21,variable update,Scalar / other,True,True,
R152,R152_T003,3,14,-0.36637742773245113,-0.3294949922307816,-0.30451332323876107,0.28097023293334206,1.0,1.0,2.0,4.0,P21,variable update,Scalar / other,True,True,
R152,R152_T004,4,17,1.323755969626569,-0.20955044277346538,0.35753399403837954,0.2660825515172405,5.0,2.0,4.0,2.0,P21,variable update,Scalar / other,True,True,
R152,R152_T005,5,10,0.5042298295070755,0.22360721707817577,0.8615042350481005,0.31137807688655594,3.0,4.0,5.0,5.0,P21,variable update,Scalar / other,True,True,
R153,R153_T001,1,9,-0.21855086227309004,0.145216280091953,0.037772511635359315,0.4616639079380105,3.0,2.0,5.0,5.0,P21,variable update,Scalar / other,True,True,
R153,R153_T002,2,2,-0.7736943641794135,0.8334730867813931,-0.6203935886135308,0.20669793929019953,1.0,5.0,1.0,4.0,P21,variable update,Scalar / other,True,True,
R153,R153_T003,3,6,0.7538477554525024,0.4297125909397123,-0.32831419030173065,-0.05783640196020221,5.0,4.0,3.0,3.0,P21,variable update,Scalar / other,True,True,
R153,R153_T004,4,2,0.2184439190177616,0.08046674174607382,-0.3701511363030108,-0.6010086455233609,4.0,1.0,2.0,1.0,P21,variable update,Scalar / other,True,True,
R153,R153_T005,5,1,-0.4905778945083236,0.23238143939662942,-0.09589211453899511,-0.5474109211172142,2.0,3.0,4.0,2.0,P21,variable update,Scalar / other,True,True,
R155,R155_T001,1,4,-0.505229963003488,0.15820431666872745,-0.25499477179546015,-0.3320692644188333,7.0,3.0,5.0,5.0,P23,variable update,Scalar / other,True,True,
R155,R155_T002,2,4,-0.9079677661552225,0.31353461675978145,-0.14334872655364292,-0.5558678176408959,2.0,4.0,6.0,2.0,P23,variable update,Scalar / other,True,True,
R155,R155_T003,3,4,-0.8663839363640623,1.024192783155456,-0.5092145910189202,-0.2043125511560011,3.0,7.0,3.0,6.0,P23,variable update,Scalar / other,True,True,
R155,R155_T004,4,4,-0.7831492900443792,-0.0006722538572423165,-0.3611220524402201,0.12087066563132522,5.0,1.0,4.0,7.0,P23,variable update,Scalar / other,True,True,
R155,R155_T005,5,2,-0.616199012226932,0.43509447496603587,-0.8209348925632106,-0.7220790155718931,6.0,6.0,2.0,1.0,P23,variable update,Scalar / other,True,True,
R155,R155_T006,6,2,-0.8165822268109308,0.4175257859403624,-0.0857219419383521,-0.47649862402012194,4.0,5.0,7.0,4.0,P23,variable update,Scalar / other,True,True,
R155,R155_T007,7,2,-1.0591539923695061,0.07017799489419455,-1.391634722041484,-0.49702804360197916,1.0,2.0,1.0,3.0,P23,variable update,Scalar / other,True,True,
R156,R156_T001,1,1,-0.5901473902318083,-0.20295282522964184,-0.5447050528742862,-0.7205251026603694,5.0,3.0,3.0,6.0,P23,variable update,Scalar / other,True,True,
R156,R156_T002,2,6,-0.6164541743517423,-0.9758989932012788,-0.5442270041320075,-0.9433179642937527,4.0,1.0,4.0,5.0,P23,variable update,Scalar / other,True,True,
R156,R156_T003,3,3,-0.9306905200578391,-0.5506001438100575,-1.0280652700650477,-1.328737616414953,2.0,2.0,2.0,2.0,P23,variable update,Scalar / other,True,True,
R156,R156_T004,4,3,-0.8340186165617055,0.7702575804418968,-1.0680205972179175,-1.646222842876794,3.0,6.0,1.0,1.0,P23,variable update,Scalar / other,True,True,
R156,R156_T005,5,6,-0.3378775931603412,-0.1912876271017416,0.6064654760273375,-1.0552238075405318,7.0,4.0,7.0,3.0,P23,variable update,Scalar / other,True,True,
R156,R156_T006,6,1,-0.9665948672729959,0.8472839941959237,-0.3163892959145378,-0.9916206759899282,1.0,7.0,5.0,4.0,P23,variable update,Scalar / other,True,True,
R156,R156_T007,7,4,-0.43076884971226237,0.75515430617351,0.3517512558953099,-0.37057527346373925,6.0,5.0,6.0,7.0,P23,variable update,Scalar / other,True,True,
R161,R161_T001,1,10,-0.4227648791834962,0.16155921905392331,-0.5050643172159169,0.6642442666876773,2.0,4.0,3.0,5.0,P25,variable update,Calls / returns,True,True,
R161,R161_T002,2,13,0.1771952914957379,-0.4263742844972365,-0.14156442769322575,0.16173230194371993,4.0,1.0,5.0,4.0,P25,variable update,Calls / returns,True,True,
R161,R161_T003,3,6,-0.6869144736966964,0.030465640257905584,-0.7158846864323007,-0.11015510484726586,1.0,3.0,2.0,2.0,P25,variable update,Calls / returns,True,True,
R161,R161_T004,4,16,0.18467776324311072,0.2620487550070512,-0.33627216856996284,-0.10609971116023616,5.0,5.0,4.0,3.0,P25,variable update,Calls / returns,True,True,
R161,R161_T005,5,14,-0.22250637683682725,-0.23814638777373692,-1.176382446631955,-0.28973282829875285,3.0,2.0,1.0,1.0,P25,variable update,Calls / returns,True,True,
R163,R163_T001,1,19,2.954885062359857,-0.2565053354522068,0.030406909499246886,1.3455885147144067,5.0,1.0,4.0,5.0,P27,variable update,Calls / returns,True,True,
R163,R163_T002,2,15,2.4251260516173425,0.23722624657046876,0.31120610569135904,0.24295335210848826,4.0,5.0,5.0,2.0,P27,variable update,Calls / returns,True,True,
R163,R163_T003,3,6,-0.49334433427068847,0.10929145906569293,0.019019382486114362,0.5233187575766225,1.0,4.0,3.0,3.0,P27,variable update,Calls / returns,True,True,
R163,R163_T004,4,8,-0.20343044043676306,0.07468631992464872,-0.10833949984193264,0.5417007118393954,2.0,3.0,2.0,4.0,P27,variable update,Calls / returns,True,True,
R163,R163_T005,5,10,2.01833133263099,-0.07158502413456544,-0.1797539270689895,-0.16893072618955715,3.0,2.0,1.0,1.0,P27,variable update,Calls / returns,True,True,
R167,R167_T001,1,7,-0.5659405948634227,-0.47823175064935697,-0.15920878405602945,-0.3597664763376333,4.0,2.0,4.0,1.0,P29,variable update,Scalar / other,True,True,
R167,R167_T002,2,9,-0.6202699088481247,-0.15680419328241074,-0.3814610013682675,-0.1493976582344586,2.0,3.0,3.0,3.0,P29,variable update,Scalar / other,True,True,
R167,R167_T003,3,6,-0.5786056477270448,0.1311937364911432,-0.6774881213312214,0.14850087379269003,3.0,4.0,2.0,5.0,P29,variable update,Scalar / other,True,True,
R167,R167_T004,4,2,-1.0891674034832655,-0.5906301726553461,-0.9386742164217711,-0.27104445287702766,1.0,1.0,1.0,2.0,P29,variable update,Scalar / other,True,True,
R167,R167_T005,5,14,-0.10829681395911915,0.21544061539623022,0.03100211093621193,-0.1420984905651889,5.0,5.0,5.0,4.0,P29,variable update,Scalar / other,True,True,
R168,R168_T001,1,7,-0.6483702365442433,-0.27315442093506526,1.0761341678946585,-0.06698695399197097,5.0,4.0,5.0,5.0,P29,variable update,Scalar / other,True,True,
R168,R168_T002,2,5,-0.7690393754411483,-0.7041451066072468,-0.04733992040261786,-0.38055180194747956,3.0,3.0,3.0,2.0,P29,variable update,Scalar / other,True,True,
R168,R168_T003,3,2,-1.0440132925700836,-0.7178471632767023,-1.4669746856897052,-0.2956981157251921,1.0,2.0,1.0,4.0,P29,variable update,Scalar / other,True,True,
R168,R168_T004,4,2,-1.0110972732086492,-1.1103501413113834,-0.40287438867308206,-0.6162259763322748,2.0,1.0,2.0,1.0,P29,variable update,Scalar / other,True,True,
R168,R168_T005,5,3,-0.7633313730426746,0.39461870649858155,0.0702027619085317,-0.32538298684251227,4.0,5.0,4.0,3.0,P29,variable update,Scalar / other,True,True,
R173,R173_T001,1,4,-0.3079241175724105,0.059512766733926414,-0.6215840268540164,0.4271631537272491,5.0,3.0,2.0,6.0,P32,variable update,Scalar / other,True,True,
R173,R173_T002,2,10,-0.23682633666791783,0.2928424535386384,4.156488201639319,-0.04408877318242857,6.0,4.0,6.0,5.0,P32,variable update,Scalar / other,True,True,
R173,R173_T003,3,11,-0.5393076162832445,-0.0739636813786506,0.9587545709107846,-0.6818963843809295,4.0,1.0,5.0,1.0,P32,variable update,Scalar / other,True,True,
R173,R173_T004,4,6,-0.7694029217564567,0.6972213229755743,-0.6480131945795157,-0.27971049237464723,3.0,6.0,1.0,3.0,P32,variable update,Scalar / other,True,True,
R173,R173_T005,5,4,-0.879534757084913,0.47513625753422406,0.005419152517652165,-0.5480678906905102,2.0,5.0,4.0,2.0,P32,variable update,Scalar / other,True,True,
R173,R173_T006,6,6,-0.9481854023602754,0.03561363949470179,-0.28784086593946795,-0.2603323348769943,1.0,2.0,3.0,4.0,P32,variable update,Scalar / other,True,True,
R179,R179_T001,1,13,-0.3055837555614533,-0.4820425757724924,-0.1971976210123687,-0.2496014184540357,5.0,3.0,4.0,3.0,P02,array/index access,Array expressions,True,True,
R179,R179_T002,2,7,-0.45344140266178184,-0.1452406445377766,-0.15085435879226616,0.0001585079823657002,3.0,7.0,5.0,7.0,P02,array/index access,Array expressions,True,True,
R179,R179_T003,3,13,0.26209503006566515,-0.21163864980067454,-0.4508964435072258,-0.008780415212428607,6.0,6.0,2.0,6.0,P02,array/index access,Array expressions,True,True,
R179,R179_T004,4,6,-0.44426273061044474,-0.21398074837273207,-1.1706777649978164,-0.4656460315913667,4.0,5.0,1.0,1.0,P02,array/index access,Array expressions,True,True,
R179,R179_T005,5,13,0.6947106026812278,-0.5152055484208818,-0.1236950704256169,-0.2450694080316372,7.0,2.0,6.0,4.0,P02,array/index access,Array expressions,True,True,
R179,R179_T006,6,7,-0.4564226369762942,-0.3346225061493375,-0.2014852614281258,-0.15446104898416316,2.0,4.0,3.0,5.0,P02,array/index access,Array expressions,True,True,
R179,R179_T007,7,1,-0.9549327069417934,-0.9530474631301293,0.44208459912965914,-0.280317045678238,1.0,1.0,7.0,2.0,P02,array/index access,Array expressions,True,True,
R181,R181_T001,1,2,-0.18265137580179633,-0.05165965283923413,-0.3690585856559663,-0.8046479848711167,9.0,2.0,3.0,4.0,P03,array/index access,Array expressions,True,True,
R181,R181_T002,2,10,0.1392844903820344,0.30478382252162906,2.326237713097209,1.063639529461897,11.0,8.0,12.0,12.0,P03,array/index access,Array expressions,True,True,
R181,R181_T003,3,9,-0.48820427682591605,-0.047007439396222345,0.5010760015869139,0.364668168605605,6.0,3.0,9.0,9.0,P03,array/index access,Array expressions,True,True,
R181,R181_T004,4,4,-0.8855146671083486,0.6872893887860636,-0.86904397743718,-0.9410308175664647,2.0,11.0,2.0,3.0,P03,array/index access,Array expressions,True,True,
R181,R181_T005,5,15,0.045208326262342176,0.03503268136341767,0.6567287449609864,0.918180703266613,10.0,4.0,10.0,11.0,P03,array/index access,Array expressions,True,True,
R181,R181_T006,6,5,-0.3782321899653622,0.6809517302438266,-0.36043512525195526,-0.31187572776567934,7.0,10.0,4.0,6.0,P03,array/index access,Array expressions,True,True,
R181,R181_T007,7,12,0.282905110673866,0.4262932234978722,0.3618721348410679,-1.1829455683539989,12.0,9.0,8.0,1.0,P03,array/index access,Array expressions,True,True,
R181,R181_T008,8,10,-0.2530027755302335,0.18290106156949193,-0.2746089283429369,-1.0099151574911696,8.0,7.0,5.0,2.0,P03,array/index access,Array expressions,True,True,
R181,R181_T009,9,3,-0.9265280986791762,0.06983184117651653,-0.09915458320087596,-0.5484073602498634,1.0,5.0,6.0,5.0,P03,array/index access,Array expressions,True,True,
R181,R181_T010,10,2,-0.6935087431470813,0.8538667452073956,1.1153315737645215,0.17452160071490838,5.0,12.0,11.0,7.0,P03,array/index access,Array expressions,True,True,
R181,R181_T011,11,2,-0.8627274424973034,-0.37887256216451126,-0.03915982938440211,0.567310682271063,3.0,1.0,7.0,10.0,P03,array/index access,Array expressions,True,True,
R181,R181_T012,12,5,-0.8325202753388335,0.09989551138561974,-1.2025978148541563,0.19438054135102611,4.0,6.0,1.0,8.0,P03,array/index access,Array expressions,True,True,
R185,R185_T001,1,9,-0.3661799000377059,-0.2953598642237845,-0.5867821039109656,0.1037444480254156,6.0,4.0,4.0,9.0,P06,array/index access,Control flow,True,True,
R185,R185_T002,2,3,-0.7011739631438517,-0.4083030114175406,-0.9255337655012665,-0.15604665663233966,4.0,3.0,1.0,4.0,P06,array/index access,Control flow,True,True,
R185,R185_T003,3,14,0.41486076415170564,-0.2846804243285782,-0.5251441121597394,0.04118174493727725,11.0,5.0,5.0,7.0,P06,array/index access,Control flow,True,True,
R185,R185_T004,4,15,-0.02110795587377834,-0.09176744910516042,0.0838277846850174,0.28719281791055784,8.0,7.0,10.0,10.0,P06,array/index access,Control flow,True,True,
R185,R185_T005,5,9,0.021151401680613732,0.2805553355755326,-0.31123367047351885,-0.07021102643313044,10.0,8.0,6.0,6.0,P06,array/index access,Control flow,True,True,
R185,R185_T006,6,8,-0.00391142345650571,-0.1550824164959945,0.3403594465260206,-0.3137831342889265,9.0,6.0,11.0,2.0,P06,array/index access,Control flow,True,True,
R185,R185_T007,7,13,0.7550225245316368,0.41610328137935304,-0.14576868770712198,-0.7564593525285525,12.0,10.0,8.0,1.0,P06,array/index access,Control flow,True,True,
R185,R185_T008,8,5,-0.03013558253581018,-0.5681389850457373,-0.16641623871488695,0.6021480435144672,7.0,2.0,7.0,11.0,P06,array/index access,Control flow,True,True,
R185,R185_T009,9,1,-0.7181117201481967,0.664636454364966,-0.8869063597951258,-0.24999025605555425,3.0,11.0,3.0,3.0,P06,array/index access,Control flow,True,True,
R185,R185_T010,10,1,-0.5833331510731665,1.5733734477447145,0.5326135682328043,1.026464154672275,5.0,12.0,12.0,12.0,P06,array/index access,Control flow,True,True,
R185,R185_T011,11,1,-0.9181768273827315,0.2981604830277338,-0.07613307962363476,-0.13250683478044328,2.0,9.0,9.0,5.0,P06,array/index access,Control flow,True,True,
R185,R185_T012,12,1,-1.000786082098997,-0.8228942774978143,-0.9044302493246624,0.049720900832473235,1.0,1.0,2.0,8.0,P06,array/index access,Control flow,True,True,
R187,R187_T001,1,13,-0.056505784801810253,0.1615135206880409,-0.31029247155685397,-0.28448671711802664,6.0,5.0,3.0,6.0,P09,array/index access,Array expressions,True,True,
R187,R187_T002,2,9,-0.36103663516174417,0.06787138175540017,0.45599927431730736,-0.37350205615579646,5.0,3.0,7.0,4.0,P09,array/index access,Array expressions,True,True,
R187,R187_T003,3,5,-0.6647849507078475,0.34747288816572636,0.0007749711254792327,-0.49142192844238125,3.0,6.0,6.0,2.0,P09,array/index access,Array expressions,True,True,
R187,R187_T004,4,7,-0.6863088850762296,0.07197046339739592,-0.3677125698835529,-0.9514543056927528,2.0,4.0,1.0,1.0,P09,array/index access,Array expressions,True,True,
R187,R187_T005,5,12,0.15170662375175017,-0.2673542722245635,-0.24655362094350372,-0.3783924492886297,7.0,2.0,5.0,3.0,P09,array/index access,Array expressions,True,True,
R187,R187_T006,6,5,-0.7003392528128173,-0.5247375272475546,-0.3167528137004901,-0.37292349957564147,1.0,1.0,2.0,5.0,P09,array/index access,Array expressions,True,True,
R187,R187_T007,7,7,-0.36127908961483307,0.4600211727071183,-0.2888155286481356,-0.19882308877064647,4.0,7.0,4.0,7.0,P09,array/index access,Array expressions,True,True,
R189,R189_T001,1,7,0.08391739110828195,0.3520459079104808,-0.3194028428222526,-0.30129213824253687,2.0,6.0,3.0,4.0,P13,array/index access,Control flow,True,True,
R189,R189_T002,2,6,-0.567248337328094,-0.13744338496849423,-0.7331463378252033,-0.7149840957574506,1.0,2.0,1.0,2.0,P13,array/index access,Control flow,True,True,
R189,R189_T003,3,25,5.148370932383319,0.14161140015689266,-0.5605606113195734,-0.49981563443994137,7.0,5.0,2.0,3.0,P13,array/index access,Control flow,True,True,
R189,R189_T004,4,12,1.2995601174937137,0.4418011760728806,0.190244015486802,0.5131850465773818,4.0,7.0,5.0,6.0,P13,array/index access,Control flow,True,True,
R189,R189_T005,5,15,0.30529751414634815,-0.08882904932114587,0.6755491786464828,-0.7469719066723299,3.0,3.0,6.0,1.0,P13,array/index access,Control flow,True,True,
R189,R189_T006,6,15,2.1448311645333757,0.08737010112605406,0.06769862014704005,-0.2612582711838043,5.0,4.0,4.0,5.0,P13,array/index access,Control flow,True,True,
R189,R189_T007,7,9,2.4047445705926305,-0.17476129617406444,1.1225594392660776,0.6403416548591099,6.0,1.0,7.0,7.0,P13,array/index access,Control flow,True,True,
R190,R190_T001,1,16,0.4604754183208934,0.22047325703220222,-0.602530266517623,0.44488409241927834,6.0,8.0,1.0,8.0,P14,array/index access,Array expressions,True,True,
R190,R190_T002,2,12,-0.08839628154663119,0.07887770324083045,0.820535233668609,0.5662691408409749,5.0,5.0,8.0,9.0,P14,array/index access,Array expressions,True,True,
R190,R190_T003,3,22,0.5424338162757057,-0.18055657433969083,0.26066863040835553,0.22924138137631023,7.0,2.0,6.0,6.0,P14,array/index access,Array expressions,True,True,
R190,R190_T004,4,31,2.860087703070071,0.1661215020306521,-0.2962104556131503,-0.21433002389205438,9.0,7.0,3.0,4.0,P14,array/index access,Array expressions,True,True,
R190,R190_T005,5,14,-0.31497347693001315,-0.31189688101084506,-0.464584749761338,-0.3666738081689261,2.0,1.0,2.0,2.0,P14,array/index access,Array expressions,True,True,
R190,R190_T006,6,17,-0.16396828759037071,0.030769501191512633,0.0367535859574572,-0.28671935308828095,4.0,4.0,4.0,3.0,P14,array/index access,Array expressions,True,True,
R190,R190_T007,7,22,0.8926004797691128,-0.03562856465130474,0.14772861787320266,-0.5288470658326996,8.0,3.0,5.0,1.0,P14,array/index access,Array expressions,True,True,
R190,R190_T008,8,7,-0.5104369414469483,0.16243522182476575,0.9670402676518556,0.16435982915939093,1.0,6.0,9.0,5.0,P14,array/index access,Array expressions,True,True,
R190,R190_T009,9,6,-0.2762614033404231,0.5861374980296629,0.5832978600423598,0.3757868812656078,3.0,9.0,7.0,7.0,P14,array/index access,Array expressions,True,True,
R193,R193_T001,1,10,-0.6798011039231172,0.3142988156781804,0.2633194417835805,-0.8862021426461341,5.0,7.0,4.0,4.0,P14,array/index access,Array expressions,True,True,
R193,R193_T002,2,11,-0.08128103890477241,0.06767012916607591,0.6226348624063132,-0.09910476362958748,8.0,5.0,8.0,6.0,P14,array/index access,Array expressions,True,True,
R193,R193_T003,3,3,-0.499558352500169,0.0011071902256819162,0.490429465199644,-0.7927948529791493,7.0,4.0,6.0,5.0,P14,array/index access,Array expressions,True,True,
R193,R193_T004,4,1,-0.9044374247561402,-0.22553859298713022,0.17616470145477894,-1.4066159347602776,3.0,2.0,3.0,1.0,P14,array/index access,Array expressions,True,True,
R193,R193_T005,5,2,-0.6139689714407975,0.4821670026927083,-0.9917010836629846,0.5849028795278658,6.0,8.0,1.0,7.0,P14,array/index access,Array expressions,True,True,
R193,R193_T006,6,2,-0.738443813602602,-0.16016113680022895,0.3798921135904166,1.2618500139701372,4.0,3.0,5.0,8.0,P14,array/index access,Array expressions,True,True,
R193,R193_T007,7,1,-1.0569946467820408,0.2222298463758793,-0.9705120543388844,-0.9916174676583633,1.0,6.0,2.0,2.0,P14,array/index access,Array expressions,True,True,
R193,R193_T008,8,1,-0.9218932575370283,-0.3934845986329955,0.5894059274150825,-0.9845170255115067,2.0,1.0,7.0,3.0,P14,array/index access,Array expressions,True,True,
R195,R195_T001,1,10,0.0836328137505035,0.3789296894857845,0.37307637713338754,0.732024853388498,18.0,19.0,13.0,19.0,P18,array/index access,Array expressions,True,True,
R195,R195_T002,2,7,-0.4444519055547624,0.31311815650607233,0.10909934395476968,0.2578379336867855,8.0,15.0,10.0,14.0,P18,array/index access,Array expressions,True,True,
R195,R195_T003,3,5,-0.38006809191248303,-0.3562582788208616,-0.570098249940083,0.1434995242352509,11.0,7.0,5.0,10.0,P18,array/index access,Array expressions,True,True,
R195,R195_T004,4,8,-0.38696965362316776,0.1924727265831761,0.8676318028919563,0.09825124261308742,10.0,10.0,18.0,8.0,P18,array/index access,Array expressions,True,True,
R195,R195_T005,5,9,-0.022033166512644184,0.24581223317152132,0.48820585791624027,-0.2640666170447567,17.0,13.0,15.0,5.0,P18,array/index access,Array expressions,True,True,
R195,R195_T006,6,4,0.38579520853631505,-0.4245514152311003,0.171519493066538,0.17308671269647202,20.0,5.0,11.0,11.0,P18,array/index access,Array expressions,True,True,
R195,R195_T007,7,3,-0.7747987823288719,-0.6143181608368086,-0.027318908315508355,0.2155186820562477,1.0,3.0,9.0,13.0,P18,array/index access,Array expressions,True,True,
R195,R195_T008,8,2,-0.339271148375943,0.2270381069472439,1.3735710336220615,1.1785931294957348,13.0,11.0,20.0,20.0,P18,array/index access,Array expressions,True,True,
R195,R195_T009,9,4,-0.6852928946791063,-0.8581752406816561,0.5455397321236349,-0.18703098017691056,3.0,1.0,17.0,7.0,P18,array/index access,Array expressions,True,True,
R195,R195_T010,10,3,-0.27676485097271947,0.3208863325743902,1.3569583437871202,0.3960605216521298,14.0,16.0,19.0,15.0,P18,array/index access,Array expressions,True,True,
R195,R195_T011,11,4,-0.6739948735876674,0.35222814302429617,-0.6342588268587764,-0.32631649972224697,4.0,17.0,3.0,4.0,P18,array/index access,Array expressions,True,True,
R195,R195_T012,12,6,-0.35897407623510746,-0.12621511183784775,-0.5976858556664647,-0.24233795091998037,12.0,9.0,4.0,6.0,P18,array/index access,Array expressions,True,True,
R195,R195_T013,13,3,-0.19644596282269258,0.2425899605174674,0.30876679002602675,-0.6764067782393086,15.0,12.0,12.0,1.0,P18,array/index access,Array expressions,True,True,
R195,R195_T014,14,2,-0.4065367068362656,-0.6194653655226647,-0.737176149046502,0.1177001204961499,9.0,2.0,1.0,9.0,P18,array/index access,Array expressions,True,True,
R195,R195_T015,15,3,-0.6453038035439448,-0.5560111424181308,-0.6609167173965229,-0.35504035703032555,5.0,4.0,2.0,3.0,P18,array/index access,Array expressions,True,True,
R195,R195_T016,16,2,-0.6171714395437108,0.3648953667775675,0.4727926091911694,0.6345304738444927,6.0,18.0,14.0,18.0,P18,array/index access,Array expressions,True,True,
R195,R195_T017,17,5,-0.08338731313472708,-0.385524469328058,-0.3332660113819817,0.47114436028705287,16.0,6.0,6.0,16.0,P18,array/index access,Array expressions,True,True,
R195,R195_T018,18,4,-0.7428296105725979,0.6347764876266809,-0.036523230985827694,0.5607889253226265,2.0,20.0,8.0,17.0,P18,array/index access,Array expressions,True,True,
R195,R195_T019,19,3,-0.4950252795587022,-0.30785250056363095,0.5223574386506872,0.18987877933105976,7.0,8.0,16.0,12.0,P18,array/index access,Array expressions,True,True,
R195,R195_T020,20,1,0.12803774289415035,0.26019268101166576,-0.18360408756876415,-0.43916114296099273,19.0,14.0,7.0,2.0,P18,array/index access,Array expressions,True,True,
R198,R198_T001,1,6,-0.4170668491291328,-0.12428224408082217,-0.901340036369485,-0.03569234914990623,7.0,6.0,2.0,6.0,P20,array/index access,Array expressions,True,True,
R198,R198_T002,2,14,-0.12641675259623872,0.37067443215361423,0.2778656016107513,-0.4066209775081089,8.0,8.0,6.0,3.0,P20,array/index access,Array expressions,True,True,
R198,R198_T003,3,8,-0.532628094406793,-0.1860100538166829,-0.1264611627542235,0.5982836635899732,5.0,5.0,3.0,9.0,P20,array/index access,Array expressions,True,True,
R198,R198_T004,4,3,-0.7511228198084341,-0.382670635448162,0.4507247482496341,-0.03409874497845,3.0,3.0,8.0,7.0,P20,array/index access,Array expressions,True,True,
R198,R198_T005,5,8,-0.7906115364782105,0.0402522240843467,0.30942382239956423,-1.0828607919598623,2.0,7.0,7.0,1.0,P20,array/index access,Array expressions,True,True,
R198,R198_T006,6,11,-0.10174719717084783,-0.2080108190750752,0.4751233178673604,-0.07248802564460877,9.0,4.0,9.0,5.0,P20,array/index access,Array expressions,True,True,
R198,R198_T007,7,5,-0.49554178070946914,0.4442235155516219,-0.031035794754637747,-0.019793973151942385,6.0,9.0,4.0,8.0,P20,array/index access,Array expressions,True,True,
R198,R198_T008,8,5,-0.736072490389069,-0.5216787193616761,-0.9569475280929661,-0.2199246243524208,4.0,2.0,1.0,4.0,P20,array/index access,Array expressions,True,True,
R198,R198_T009,9,1,-0.8679747055512262,-0.6912152865120307,0.029516023164695888,-0.5078244049941639,1.0,1.0,5.0,2.0,P20,array/index access,Array expressions,True,True,
R202,R202_T001,1,18,1.5901861607689123,-0.07245125126070838,1.9527918047987314,-1.9491326514195306,8.0,3.0,9.0,1.0,P22,array/index access,Array expressions,True,True,
R202,R202_T002,2,19,1.1391370487667787,-0.13393746099373816,1.6334898618369447,0.5871531789660106,6.0,2.0,8.0,7.0,P22,array/index access,Array expressions,True,True,
R202,R202_T003,3,9,-0.6019606838845226,0.01377241046178889,-0.015339172714403437,-0.3254071780775743,1.0,5.0,3.0,6.0,P22,array/index access,Array expressions,True,True,
R202,R202_T004,4,22,1.716738885785536,0.08552387574148267,0.9127806585501549,0.6654995958567897,9.0,7.0,6.0,8.0,P22,array/index access,Array expressions,True,True,
R202,R202_T005,5,19,1.5467479199561824,0.21744020455216345,0.41027528016254095,0.7518171894765776,7.0,8.0,4.0,9.0,P22,array/index access,Array expressions,True,True,
R202,R202_T006,6,6,-0.5500938396930973,0.31755407402424096,1.0800978395564558,-1.0015071464596275,2.0,9.0,7.0,3.0,P22,array/index access,Array expressions,True,True,
R202,R202_T007,7,13,0.4064034149561293,-0.42702746018767657,-0.3244786849806547,-1.5007060951398943,4.0,1.0,1.0,2.0,P22,array/index access,Array expressions,True,True,
R202,R202_T008,8,9,0.40930043544045375,0.02432422647767779,0.6424251534334237,-0.6223310595081061,5.0,6.0,5.0,5.0,P22,array/index access,Array expressions,True,True,
R202,R202_T009,9,5,0.12345854759627163,-0.05433470170597254,-0.2766217461079475,-0.9913550329843019,3.0,4.0,2.0,4.0,P22,array/index access,Array expressions,True,True,
R204,R204_T001,1,15,1.0099083149231802,0.37784898959294905,0.3774725017605037,-0.7205882654402037,5.0,7.0,3.0,5.0,P22,array/index access,Array expressions,True,True,
R204,R204_T002,2,19,1.4882394621697008,-0.3413767279904533,1.7679143257643908,-0.421329137977182,7.0,3.0,8.0,6.0,P22,array/index access,Array expressions,True,True,
R204,R204_T003,3,11,-0.41393079218511936,-0.5886179938990662,-0.22929808170100766,-1.0481313162037829,3.0,2.0,2.0,1.0,P22,array/index access,Array expressions,True,True,
R204,R204_T004,4,20,1.0793063066260122,0.06581680123305741,1.1393790237612642,0.6867303016670457,6.0,6.0,6.0,8.0,P22,array/index access,Array expressions,True,True,
R204,R204_T005,5,13,1.7265908122910083,-0.0337136796155454,0.6516495116673504,0.660999759073973,8.0,5.0,4.0,7.0,P22,array/index access,Array expressions,True,True,
R204,R204_T006,6,2,-0.46134024243843647,1.0671164833728497,1.6470690907405459,-0.9823224165994944,2.0,8.0,7.0,2.0,P22,array/index access,Array expressions,True,True,
R204,R204_T007,7,6,-0.06335160050561188,-0.09147943337069608,-0.5241650652168238,-0.9282478638757387,4.0,4.0,1.0,3.0,P22,array/index access,Array expressions,True,True,
R204,R204_T008,8,2,-0.5762620510876474,-1.440138364690132,0.7259728212639519,-0.7469543259726011,1.0,1.0,5.0,4.0,P22,array/index access,Array expressions,True,True,
R209,R209_T001,1,19,0.618612587976913,-0.14778171314371352,0.14931059732839494,0.32864792338239524,9.0,3.0,6.0,3.0,P28,array/index access,Array expressions,True,True,
R209,R209_T002,2,15,0.18572779048369017,0.07317057719405153,-1.1751014206718808,-0.04131118434409253,6.0,7.0,1.0,1.0,P28,array/index access,Array expressions,True,True,
R209,R209_T003,3,25,2.4301798300735165,0.14827909645652315,0.39665545593538515,0.3588222547801961,10.0,8.0,9.0,4.0,P28,array/index access,Array expressions,True,True,
R209,R209_T004,4,12,0.20325050750575002,-0.09617710903792376,-0.32390277735816425,0.651619755219916,7.0,4.0,3.0,7.0,P28,array/index access,Array expressions,True,True,
R209,R209_T005,5,14,0.16182220461585706,0.043256888425106665,-1.033782761259049,0.678986553562989,5.0,5.0,2.0,8.0,P28,array/index access,Array expressions,True,True,
R209,R209_T006,6,14,0.6100253114878947,-0.15821560629834633,0.22940171604227266,0.2963344925159855,8.0,2.0,7.0,2.0,P28,array/index access,Array expressions,True,True,
R209,R209_T007,7,4,-0.5975302287361653,0.2741866316117902,-0.11570310809119884,0.5127512343766275,2.0,9.0,4.0,5.0,P28,array/index access,Array expressions,True,True,
R209,R209_T008,8,2,-0.12728431676711802,-0.2845476048886567,0.09713366263343483,0.5394976253745348,4.0,1.0,5.0,6.0,P28,array/index access,Array expressions,True,True,
R209,R209_T009,9,3,-0.6313476245717381,0.05410781076325214,0.27734905937259363,2.0161671703673716,1.0,6.0,8.0,10.0,P28,array/index access,Array expressions,True,True,
R209,R209_T010,10,2,-0.1949896339680479,0.6755465515290457,0.5112105965748645,0.9372041835257438,3.0,10.0,10.0,9.0,P28,array/index access,Array expressions,True,True,
R211,R211_T001,1,8,-0.1706195934146677,-0.13178842933147458,-0.23678963358142327,0.595212553458535,2.0,2.0,4.0,3.0,P28,array/index access,Array expressions,True,True,
R211,R211_T002,2,6,-0.35291889343256294,0.029945856039125435,-0.3064235276232882,-0.7195406120237909,1.0,4.0,2.0,1.0,P28,array/index access,Array expressions,True,True,
R211,R211_T003,3,15,1.6972314657799468,0.18882451439606068,0.01852454516739203,0.24397424797141257,5.0,6.0,6.0,2.0,P28,array/index access,Array expressions,True,True,
R211,R211_T004,4,14,0.6540859164438152,-0.2876837929110821,-0.2712876065652767,0.8264560373893852,3.0,1.0,3.0,6.0,P28,array/index access,Array expressions,True,True,
R211,R211_T005,5,16,1.3096333883435105,0.052843687863325134,-0.06659460491092604,0.70169115041826,4.0,5.0,5.0,5.0,P28,array/index access,Array expressions,True,True,
R211,R211_T006,6,13,1.8260556678412236,-0.009683614988379833,-1.2238361609658508,0.6428191702883502,6.0,3.0,1.0,4.0,P28,array/index access,Array expressions,True,True,
R213,R213_T001,1,6,0.7189715104527155,-0.11301196992205136,-0.31095648650709684,0.7176125006543567,5.0,2.0,4.0,6.0,P28,array/index access,Control flow,True,True,
R213,R213_T002,2,6,0.16112535879421963,0.21312201820393653,0.16094373401993092,-0.16459229059226374,4.0,4.0,6.0,1.0,P28,array/index access,Control flow,True,True,
R213,R213_T003,3,15,0.79564272358305,-0.18865498708614625,-0.6588062523491865,0.1674759085488887,6.0,1.0,3.0,3.0,P28,array/index access,Control flow,True,True,
R213,R213_T004,4,8,0.01110867226869427,0.29189790842798097,-0.3027157682947785,0.5174681553716513,3.0,5.0,5.0,5.0,P28,array/index access,Control flow,True,True,
R213,R213_T005,5,6,-0.2626696331040553,0.39323166853536584,-0.9678040338951813,0.19521572317268654,2.0,6.0,2.0,4.0,P28,array/index access,Control flow,True,True,
R213,R213_T006,6,6,-0.6279863746292307,0.13495020795031426,-1.181908483177058,0.14145212453760306,1.0,3.0,1.0,2.0,P28,array/index access,Control flow,True,True,
R214,R214_T001,1,8,-0.2897162516215755,0.566350150947901,-0.7761991959100453,-0.09366513172395867,4.0,5.0,3.0,4.0,P31,array/index access,Array expressions,True,True,
R214,R214_T002,2,2,-0.763519196835396,-0.02867229405081384,-0.4232783053296379,0.0038691486274336864,2.0,3.0,4.0,5.0,P31,array/index access,Array expressions,True,True,
R214,R214_T003,3,8,0.12288996687726732,-0.3891529543344371,-0.38653278749010234,0.08129535395573377,6.0,2.0,5.0,6.0,P31,array/index access,Array expressions,True,True,
R214,R214_T004,4,1,-0.5410569959916041,0.509680126048651,-1.1732314210345782,-0.5804580836863571,3.0,4.0,2.0,2.0,P31,array/index access,Array expressions,True,True,
R214,R214_T005,5,2,-0.13204216208106462,-0.44011642379707727,-0.37327525085486113,-0.4735134305516397,5.0,1.0,6.0,3.0,P31,array/index access,Array expressions,True,True,
R214,R214_T006,6,1,-0.9217800246450477,1.4366924481797747,-1.2818464872831223,-0.580990248976767,1.0,6.0,1.0,1.0,P31,array/index access,Array expressions,True,True,
R215,R215_T001,1,7,-0.46556940054175106,0.5478689532077154,0.020589418944918114,0.20358920621266333,2.0,6.0,4.0,6.0,P02,loop condition / boundary,Control flow,True,True,
R215,R215_T002,2,9,-0.7231074518847901,0.13152314126907794,0.48854706554945954,-0.6177240230803517,1.0,4.0,5.0,1.0,P02,loop condition / boundary,Control flow,True,True,
R215,R215_T003,3,23,1.5906682988860574,0.06245818053601527,1.2095655419037492,0.07212226917255939,5.0,2.0,6.0,5.0,P02,loop condition / boundary,Control flow,True,True,
R215,R215_T004,4,16,0.14965508267672475,0.10691142999228143,-0.7608096858682806,-0.20461803784813015,4.0,3.0,1.0,3.0,P02,loop condition / boundary,Control flow,True,True,
R215,R215_T005,5,23,1.796627643164471,0.20876434126427226,-0.34621948005640774,-0.1159384850715484,6.0,5.0,3.0,4.0,P02,loop condition / boundary,Control flow,True,True,
R215,R215_T006,6,10,-0.040909886357703935,-0.006872233295060132,-0.7063962957909139,-0.44257121982158515,3.0,1.0,2.0,2.0,P02,loop condition / boundary,Control flow,True,True,
R221,R221_T001,1,12,-0.2856498603251487,0.16466712454610868,0.5410614874699272,0.3430880507760971,7.0,11.0,11.0,10.0,P08,loop condition / boundary,Calls / returns,True,True,
R221,R221_T002,2,9,-0.4036524395150156,-0.1054817078893613,1.657026783482052,0.6016085896844241,6.0,3.0,14.0,14.0,P08,loop condition / boundary,Calls / returns,True,True,
R221,R221_T003,3,17,0.5658108669874842,0.14145436741556625,0.43033107897186484,0.5491084741190865,13.0,9.0,10.0,13.0,P08,loop condition / boundary,Calls / returns,True,True,
R221,R221_T004,4,14,0.14548883667318369,0.08274451256613595,0.11051408922207184,0.3697459154576897,12.0,8.0,8.0,11.0,P08,loop condition / boundary,Calls / returns,True,True,
R221,R221_T005,5,11,0.5828365553691577,0.012396147127327239,0.4206019282657702,-0.4776939234925963,14.0,6.0,9.0,3.0,P08,loop condition / boundary,Calls / returns,True,True,
R221,R221_T006,6,13,-0.17757253694147193,-0.09919576595866715,1.3503945559462325,0.43826332861008094,11.0,4.0,13.0,12.0,P08,loop condition / boundary,Calls / returns,True,True,
R221,R221_T007,7,6,-0.763042094571024,-0.05985685310812513,-0.6079953482247483,0.8131406941740783,4.0,5.0,1.0,15.0,P08,loop condition / boundary,Calls / returns,True,True,
R221,R221_T008,8,10,-0.2042909061518491,0.40615024660645876,1.275227850206199,-0.1578838649741301,10.0,13.0,12.0,6.0,P08,loop condition / boundary,Calls / returns,True,True,
R221,R221_T009,9,8,-0.27424613508038026,0.03283271442170317,-0.5971095159511747,-1.3167202174750356,9.0,7.0,2.0,1.0,P08,loop condition / boundary,Calls / returns,True,True,
R221,R221_T010,10,18,1.1091918961413647,0.14786618075475158,0.005315660389825537,-0.45210931145482686,15.0,10.0,5.0,4.0,P08,loop condition / boundary,Calls / returns,True,True,
R221,R221_T011,11,7,-0.41389665430258393,-0.5576398839797777,-0.20025029215338455,-0.27584916726302433,5.0,2.0,4.0,5.0,P08,loop condition / boundary,Calls / returns,True,True,
R221,R221_T012,12,2,-0.279451454206991,-0.6169260728379422,0.06993697019623284,-0.6560135069750012,8.0,1.0,7.0,2.0,P08,loop condition / boundary,Calls / returns,True,True,
R221,R221_T013,13,1,-1.0087264296264147,0.9364156500625901,2.006195024096935,0.05643327065971171,1.0,15.0,15.0,9.0,P08,loop condition / boundary,Calls / returns,True,True,
R221,R221_T014,14,1,-0.7850670307130286,0.897199315327927,0.04850577147280586,-0.08147606282716317,3.0,14.0,6.0,7.0,P08,loop condition / boundary,Calls / returns,True,True,
R221,R221_T015,15,2,-0.9323603426569491,0.39325109525065904,-0.3033278275828403,-0.07013431460906634,2.0,12.0,3.0,8.0,P08,loop condition / boundary,Calls / returns,True,True,
R222,R222_T001,1,7,-0.4124127884875441,0.0650149060592883,-0.369857255415398,0.2238748049208427,7.0,6.0,5.0,10.0,P09,loop condition / boundary,Control flow,True,True,
R222,R222_T002,2,3,-1.0786618936111088,-0.3395978729046279,-0.26179300409152456,-0.1346007869986892,2.0,2.0,6.0,6.0,P09,loop condition / boundary,Control flow,True,True,
R222,R222_T003,3,14,-0.1087474644089757,-0.17506873262421843,-0.5443288851186882,0.09029908816739517,11.0,4.0,3.0,7.0,P09,loop condition / boundary,Control flow,True,True,
R222,R222_T004,4,19,-0.08624123494226826,0.07063612376352355,-0.5385671153289749,0.2621384398020312,13.0,7.0,4.0,11.0,P09,loop condition / boundary,Control flow,True,True,
R222,R222_T005,5,11,-0.5351527568449835,-0.1783102316939792,0.5619882682677538,-0.31372218801056123,6.0,3.0,11.0,2.0,P09,loop condition / boundary,Control flow,True,True,
R222,R222_T006,6,9,-0.5498114108434856,0.18941869258361763,1.3772018483924058,0.590321206269912,4.0,8.0,13.0,14.0,P09,loop condition / boundary,Control flow,True,True,
R222,R222_T007,7,8,-0.27550737560998334,0.5336827354735534,-0.1262012712384016,0.45657350874707997,9.0,13.0,8.0,13.0,P09,loop condition / boundary,Control flow,True,True,
R222,R222_T008,8,12,-0.08774451011807183,0.3083996097641199,1.8477837593966548,0.2028818387248148,12.0,10.0,14.0,9.0,P09,loop condition / boundary,Control flow,True,True,
R222,R222_T009,9,8,-0.20483714913960527,-0.37043281363209934,-0.1959168131630371,-0.8155587311716405,10.0,1.0,7.0,1.0,P09,loop condition / boundary,Control flow,True,True,
R222,R222_T010,10,16,0.9058818206823537,-0.03477166371054219,0.9686313045833144,0.3817991848961164,14.0,5.0,12.0,12.0,P09,loop condition / boundary,Control flow,True,True,
R222,R222_T011,11,5,-0.301546698216624,0.403390479961106,0.4455136206735936,0.1693255570439157,8.0,11.0,10.0,8.0,P09,loop condition / boundary,Control flow,True,True,
R222,R222_T012,12,4,-0.8455076224957202,0.19969392758927626,0.16451050823765634,-0.14841888164561068,3.0,9.0,9.0,5.0,P09,loop condition / boundary,Control flow,True,True,
R222,R222_T013,13,4,-0.5489906240838001,0.8214260187877518,-1.206350753653952,-0.22240963138173012,5.0,14.0,1.0,3.0,P09,loop condition / boundary,Control flow,True,True,
R222,R222_T014,14,1,-1.1158014710777453,0.45788693656760765,-0.6885721029600137,-0.18805897975310723,1.0,12.0,2.0,4.0,P09,loop condition / boundary,Control flow,True,True,
R224,R224_T001,1,15,-0.09635530084789472,0.08778295922758485,0.03356272331936996,0.7394167160629967,1.0,6.0,3.0,4.0,P11,loop condition / boundary,Control flow,True,True,
R224,R224_T002,2,14,0.22648919961363612,-0.2796222147388359,-0.4562087072531387,-0.047037419169789096,2.0,1.0,2.0,1.0,P11,loop condition / boundary,Control flow,True,True,
R224,R224_T003,3,28,2.5915384043695666,-0.09788862639292402,1.9828096253657417,1.1024765908758398,6.0,2.0,7.0,7.0,P11,loop condition / boundary,Control flow,True,True,
R224,R224_T004,4,27,2.7734437558286564,-0.03629179833492129,0.30353527493073285,0.1260991367631998,7.0,4.0,4.0,3.0,P11,loop condition / boundary,Control flow,True,True,
R224,R224_T005,5,21,0.9593051294874861,0.06209142803686848,1.835588027776007,0.8022168350779967,4.0,5.0,6.0,6.0,P11,loop condition / boundary,Control flow,True,True,
R224,R224_T006,6,16,0.45842927767814584,0.18124214842913022,0.3389257728210043,0.7848597361469087,3.0,7.0,5.0,5.0,P11,loop condition / boundary,Control flow,True,True,
R224,R224_T007,7,14,1.0060676738305458,-0.048030965021103024,-0.8115562621639651,0.10783273352319268,5.0,3.0,1.0,2.0,P11,loop condition / boundary,Control flow,True,True,
R225,R225_T001,1,8,-0.397147749573755,0.1686585559088668,-0.23723554362343535,0.9911197132482027,5.0,12.0,6.0,15.0,P13,loop condition / boundary,Control flow,True,True,
R225,R225_T002,2,10,-0.638369059041708,-0.04822120207520395,2.890739026319936,-0.31949172698080874,2.0,8.0,15.0,2.0,P13,loop condition / boundary,Control flow,True,True,
R225,R225_T003,3,23,1.3019722584072542,-0.18332640021179555,-0.2561233929926741,-0.11549072509428789,12.0,6.0,5.0,5.0,P13,loop condition / boundary,Control flow,True,True,
R225,R225_T004,4,23,1.6282105132335196,-0.23126924813345381,-0.6494186453008172,0.25992283710329084,13.0,4.0,3.0,10.0,P13,loop condition / boundary,Control flow,True,True,
R225,R225_T005,5,29,1.9011447908187062,0.001634104651602012,0.02359016507201638,-0.28366198603954623,14.0,9.0,8.0,3.0,P13,loop condition / boundary,Control flow,True,True,
R225,R225_T006,6,30,7.2309386302078,-0.2145400131698356,0.1990697549055164,0.6120805470258558,15.0,5.0,10.0,12.0,P13,loop condition / boundary,Control flow,True,True,
R225,R225_T007,7,25,0.7562327954477626,0.01984431752574796,0.04243487121147312,0.14727981892946654,8.0,10.0,9.0,9.0,P13,loop condition / boundary,Control flow,True,True,
R225,R225_T008,8,18,1.212363013202963,0.053813102316029315,0.8986156414275562,0.8614951169982629,11.0,11.0,13.0,14.0,P13,loop condition / boundary,Control flow,True,True,
R225,R225_T009,9,20,1.0942854675164406,-0.15720759470892193,-1.1433491444976063,0.02454929160831552,10.0,7.0,1.0,8.0,P13,loop condition / boundary,Control flow,True,True,
R225,R225_T010,10,15,0.6578475965233327,-0.42689471653388117,-0.03787089282621586,0.4156646823047765,7.0,3.0,7.0,11.0,P13,loop condition / boundary,Control flow,True,True,
R225,R225_T011,11,14,1.015300538510851,0.3056471057848718,-0.712308812626726,-0.11573367371492109,9.0,14.0,2.0,4.0,P13,loop condition / boundary,Control flow,True,True,
R225,R225_T012,12,3,-0.27404326099064175,0.8908208599932502,0.6302979165857023,0.6325963227552185,6.0,15.0,11.0,13.0,P13,loop condition / boundary,Control flow,True,True,
R225,R225_T013,13,2,-0.47348148759844877,-0.5571679641558831,0.7685466560290225,-0.3560566329376426,4.0,2.0,12.0,1.0,P13,loop condition / boundary,Control flow,True,True,
R225,R225_T014,14,2,-0.9826133479156152,-0.7436628128530776,1.0150429832675396,0.023356699190174246,1.0,1.0,14.0,7.0,P13,loop condition / boundary,Control flow,True,True,
R225,R225_T015,15,2,-0.5882555228699731,0.24433687211613242,-0.4798269595103403,-0.05335971668767341,3.0,13.0,4.0,6.0,P13,loop condition / boundary,Control flow,True,True,
R227,R227_T001,1,10,-0.24185635792067228,0.6684611113785135,-0.195924603935951,0.5318077819653176,4.0,14.0,9.0,8.0,P14,loop condition / boundary,Control flow,True,True,
R227,R227_T002,2,7,-0.617922944704051,-0.38001187936450975,-0.3439087160874373,0.7113342336708497,1.0,1.0,6.0,10.0,P14,loop condition / boundary,Control flow,True,True,
R227,R227_T003,3,20,0.685780419427569,0.023616394592661245,-0.3405294432187121,0.8045369569416558,13.0,10.0,7.0,11.0,P14,loop condition / boundary,Control flow,True,True,
R227,R227_T004,4,19,0.7737179318701736,-0.23874740510308246,-0.6710266076404982,0.5636867054747853,14.0,3.0,4.0,9.0,P14,loop condition / boundary,Control flow,True,True,
R227,R227_T005,5,21,0.3534624204637775,-0.11551567234856597,-0.4549186687576074,-0.8407147304944176,11.0,4.0,5.0,1.0,P14,loop condition / boundary,Control flow,True,True,
R227,R227_T006,6,17,0.2573735404708964,0.12229361054773585,-0.2915339234860772,0.8089978428325314,10.0,12.0,8.0,12.0,P14,loop condition / boundary,Control flow,True,True,
R227,R227_T007,7,18,0.03833236741690971,-0.07976881105934469,-0.0336458346048071,0.4278361861671816,8.0,6.0,12.0,7.0,P14,loop condition / boundary,Control flow,True,True,
R227,R227_T008,8,16,-0.014862516190245985,-0.02664354575025818,-0.10603651155374312,0.9649026504809598,5.0,9.0,10.0,13.0,P14,loop condition / boundary,Control flow,True,True,
R227,R227_T009,9,15,0.37251127583303417,-0.2490015144401595,-0.7907720983209438,0.2597164702932258,12.0,2.0,3.0,6.0,P14,loop condition / boundary,Control flow,True,True,
R227,R227_T010,10,10,-0.4828449255457552,-0.07494117644176265,1.3559503721839716,1.1446198694857996,3.0,7.0,14.0,14.0,P14,loop condition / boundary,Control flow,True,True,
R227,R227_T011,11,13,0.024578334962745294,0.3568341781142289,-0.09458667583205817,-0.15367460968515306,7.0,13.0,11.0,2.0,P14,loop condition / boundary,Control flow,True,True,
R227,R227_T012,12,9,-0.514105370219008,-0.04545002002823635,1.2503159328019076,0.16195191518610483,2.0,8.0,13.0,5.0,P14,loop condition / boundary,Control flow,True,True,
R227,R227_T013,13,13,-0.005583539069869213,0.05502621061371075,-0.9289247191231375,0.02818372689242869,6.0,11.0,1.0,3.0,P14,loop condition / boundary,Control flow,True,True,
R227,R227_T014,14,13,0.25213663109558965,-0.08205445485465926,-0.8963457314554325,0.11478275310019119,9.0,5.0,2.0,4.0,P14,loop condition / boundary,Control flow,True,True,
R229,R229_T001,1,17,0.5592456392816475,0.30172436589477164,0.22543218645455312,0.5220948538121973,7.0,13.0,10.0,10.0,P15,loop condition / boundary,Calls / returns,True,True,
R229,R229_T002,2,14,-0.3579742041758472,-0.288320042107058,-0.000733871303161863,-1.2516432988906494,1.0,2.0,6.0,1.0,P15,loop condition / boundary,Calls / returns,True,True,
R229,R229_T003,3,11,-0.09762525926029327,0.24010977220986457,2.498545800043481,1.367546890120001,2.0,12.0,14.0,14.0,P15,loop condition / boundary,Calls / returns,True,True,
R229,R229_T004,4,10,0.3084669708898739,-0.030703999507651864,-0.3947299345878493,0.1634522133177907,6.0,8.0,4.0,5.0,P15,loop condition / boundary,Calls / returns,True,True,
R229,R229_T005,5,14,0.0660554230000306,0.3456872518719815,1.943770902819721,0.570034587617425,3.0,14.0,13.0,12.0,P15,loop condition / boundary,Calls / returns,True,True,
R229,R229_T006,6,18,1.0121808722776102,0.15592941484924264,-0.0024584624050313455,0.2142457094874292,9.0,10.0,5.0,7.0,P15,loop condition / boundary,Calls / returns,True,True,
R229,R229_T007,7,18,1.9080032171803996,-0.11944191686440415,0.11230249382469386,0.23831752790219518,13.0,4.0,9.0,8.0,P15,loop condition / boundary,Calls / returns,True,True,
R229,R229_T008,8,13,2.611637008180889,-0.0995765264226296,-0.5921529284735708,0.18635226500529925,14.0,6.0,2.0,6.0,P15,loop condition / boundary,Calls / returns,True,True,
R229,R229_T009,9,7,1.8035243562366274,-0.11941175076379039,1.035823362626791,0.5675766844092192,12.0,5.0,11.0,11.0,P15,loop condition / boundary,Calls / returns,True,True,
R229,R229_T010,10,6,0.7680484119465328,-0.09489348019161603,0.08914577624317621,0.2589496811488437,8.0,7.0,8.0,9.0,P15,loop condition / boundary,Calls / returns,True,True,
R229,R229_T011,11,7,0.14964665584307663,-0.12499081846411382,1.0819564463934142,0.7628243563002588,4.0,3.0,12.0,13.0,P15,loop condition / boundary,Calls / returns,True,True,
R229,R229_T012,12,6,0.3049723744857515,-0.4232758630804819,-0.48934952223335215,-0.11923993400057604,5.0,1.0,3.0,4.0,P15,loop condition / boundary,Calls / returns,True,True,
R229,R229_T013,13,8,1.245705643836882,0.12448925682237552,-0.6342279845738821,-0.5245942061589137,11.0,9.0,1.0,2.0,P15,loop condition / boundary,Calls / returns,True,True,
R229,R229_T014,14,5,1.0685321183879675,0.17830574297633012,0.084907284831345,-0.3543468054532151,10.0,11.0,7.0,3.0,P15,loop condition / boundary,Calls / returns,True,True,
R231,R231_T001,1,4,-0.8163271041965176,-0.10359148263192694,-0.14491750093609157,0.4244394034962326,3.0,10.0,8.0,8.0,P16,loop condition / boundary,Control flow,True,True,
R231,R231_T002,2,5,-0.7358931980322195,-0.545458750679295,4.183819041142961,-0.26170002133541187,5.0,3.0,13.0,3.0,P16,loop condition / boundary,Control flow,True,True,
R231,R231_T003,3,8,-0.6032190449854958,-0.34751423684430816,0.2177881289420792,0.5152040313817201,6.0,5.0,10.0,11.0,P16,loop condition / boundary,Control flow,True,True,
R231,R231_T004,4,10,-0.5376899703400689,-0.09940136945338623,-0.7668925803095853,0.44963462246245234,7.0,11.0,5.0,9.0,P16,loop condition / boundary,Control flow,True,True,
R231,R231_T005,5,14,-0.11733838211539967,-0.35196544761265885,-0.4467455298620866,-0.4214071688749031,12.0,4.0,7.0,1.0,P16,loop condition / boundary,Control flow,True,True,
R231,R231_T006,6,11,-0.35259034361100455,-0.2995475062873576,0.0939115484652171,2.36353122217127,9.0,6.0,9.0,13.0,P16,loop condition / boundary,Control flow,True,True,
R231,R231_T007,7,13,-0.32474751185717926,-0.24471912524893794,0.8507555123915242,-0.2821974129857006,10.0,7.0,12.0,2.0,P16,loop condition / boundary,Control flow,True,True,
R231,R231_T008,8,11,-0.35382103085842687,-0.18748535336865357,0.556409688300209,1.0970196299998347,8.0,8.0,11.0,12.0,P16,loop condition / boundary,Control flow,True,True,
R231,R231_T009,9,14,-0.1390150249532259,-0.16551027677697033,-1.2156303775578665,0.32520771138986365,11.0,9.0,1.0,6.0,P16,loop condition / boundary,Control flow,True,True,
R231,R231_T010,10,9,0.044014164893567055,0.2434457629626048,-0.8100650120271133,0.5089061995634396,13.0,13.0,4.0,10.0,P16,loop condition / boundary,Control flow,True,True,
R231,R231_T011,11,2,-0.7856726619804214,-0.9805587323918608,-0.5860537968897394,0.3671655205706192,4.0,1.0,6.0,7.0,P16,loop condition / boundary,Control flow,True,True,
R231,R231_T012,12,1,-1.0122090394599346,-0.899924346316516,-1.0369387270995916,0.20079081580921612,1.0,2.0,3.0,5.0,P16,loop condition / boundary,Control flow,True,True,
R231,R231_T013,13,1,-0.8867865489111911,0.06703733589060118,-1.207760943064841,0.08876484618561979,2.0,12.0,2.0,4.0,P16,loop condition / boundary,Control flow,True,True,
R233,R233_T001,1,1,-1.1833136165525806,-1.3377668088016657,0.6968644542631472,0.22972096970052305,1.0,1.0,13.0,12.0,P19,loop condition / boundary,Calls / returns,True,True,
R233,R233_T002,2,9,-0.3289944878144692,-0.225281583371213,0.568025111725186,-0.09400623774475299,15.0,7.0,10.0,4.0,P19,loop condition / boundary,Calls / returns,True,True,
R233,R233_T003,3,9,-0.31325608638326524,-0.04902340344706692,-0.7837018413192824,0.08500935888632534,16.0,11.0,3.0,8.0,P19,loop condition / boundary,Calls / returns,True,True,
R233,R233_T004,4,10,-0.5346712276518917,-0.27909099623988143,-0.7400297877423663,-0.1930514110025359,12.0,6.0,4.0,2.0,P19,loop condition / boundary,Calls / returns,True,True,
R233,R233_T005,5,10,-0.45715584675651916,-0.42629704347029007,0.8884325952459973,1.860734025779722,13.0,2.0,14.0,19.0,P19,loop condition / boundary,Calls / returns,True,True,
R233,R233_T006,6,3,-0.7480282278995118,0.6230496921486304,0.9464591051105279,0.7125018235505918,4.0,17.0,16.0,17.0,P19,loop condition / boundary,Calls / returns,True,True,
R233,R233_T007,7,10,-0.36445037280369935,-0.033595584948900664,1.0495098716803681,0.6149660166126134,14.0,12.0,18.0,16.0,P19,loop condition / boundary,Calls / returns,True,True,
R233,R233_T008,8,8,-0.7309830344399995,-0.20244917304491877,-1.205204727833764,-0.8664838734404167,5.0,8.0,1.0,1.0,P19,loop condition / boundary,Calls / returns,True,True,
R233,R233_T009,9,13,0.03687300755294298,-0.17116011131629266,-0.24053889802546566,0.09590433634857869,18.0,9.0,8.0,9.0,P19,loop condition / boundary,Calls / returns,True,True,
R233,R233_T010,10,15,0.4074642575245339,-0.3148746060300555,-0.34640265073457255,0.21458220507295603,19.0,4.0,7.0,11.0,P19,loop condition / boundary,Calls / returns,True,True,
R233,R233_T011,11,6,-0.60159500274551,-0.32256075133265744,-0.4867878525208205,0.07929225040230288,11.0,3.0,6.0,7.0,P19,loop condition / boundary,Calls / returns,True,True,
R233,R233_T012,12,6,-0.7301023948621997,-0.3135905506960846,0.9708306760613556,0.44404094359284446,6.0,5.0,17.0,15.0,P19,loop condition / boundary,Calls / returns,True,True,
R233,R233_T013,13,6,-0.28201540670483255,0.5962180137063737,0.6625069312782723,0.7325695486919935,17.0,16.0,12.0,18.0,P19,loop condition / boundary,Calls / returns,True,True,
R233,R233_T014,14,1,-0.8178959149921443,1.7472394582058046,0.9267687820822758,0.36570575075928113,3.0,19.0,15.0,14.0,P19,loop condition / boundary,Calls / returns,True,True,
R233,R233_T015,15,8,-0.7234386334717997,-0.11454521902080944,1.608503744433489,0.335723725548458,7.0,10.0,19.0,13.0,P19,loop condition / boundary,Calls / returns,True,True,
R233,R233_T016,16,4,-0.6129593921690671,0.46221270569027384,-0.053138140366166244,0.20108799959138626,10.0,14.0,9.0,10.0,P19,loop condition / boundary,Calls / returns,True,True,
R233,R233_T017,17,2,-0.8487426605048182,0.05142653349547931,0.5711396845796887,-0.17357136742493764,2.0,13.0,11.0,3.0,P19,loop condition / boundary,Calls / returns,True,True,
R233,R233_T018,18,1,-0.7046419819173991,1.0610600693804944,-0.8901641967317212,-0.05659911461684419,8.0,18.0,2.0,5.0,P19,loop condition / boundary,Calls / returns,True,True,
R233,R233_T019,19,3,-0.6708001071580468,0.5125980001626508,-0.5196740485650919,-0.05615140958115542,9.0,15.0,5.0,6.0,P19,loop condition / boundary,Calls / returns,True,True,
R236,R236_T001,1,19,0.6440499993451498,0.3210526096727295,0.09280735706565357,-0.3982210790922501,4.0,9.0,5.0,5.0,P22,loop condition / boundary,Control flow,True,True,
R236,R236_T002,2,15,-0.06538080003146858,-0.2608070666568872,0.8042133814127223,0.6056339979671229,1.0,1.0,7.0,9.0,P22,loop condition / boundary,Control flow,True,True,
R236,R236_T003,3,17,0.30972783345679694,-0.12552617061147295,-0.2736018570585343,0.5889329783769139,3.0,2.0,3.0,8.0,P22,loop condition / boundary,Control flow,True,True,
R236,R236_T004,4,23,1.8852891203642452,0.030389682972117624,-0.35766154071416995,-0.5796950166484377,8.0,6.0,2.0,3.0,P22,loop condition / boundary,Control flow,True,True,
R236,R236_T005,5,26,1.6889376906249005,0.17114939292116782,0.8091446359043033,-0.46011072253760493,7.0,8.0,8.0,4.0,P22,loop condition / boundary,Control flow,True,True,
R236,R236_T006,6,23,1.1266793508933957,-0.11032659131029826,-0.05972858328263681,-0.9705187199735548,5.0,4.0,4.0,1.0,P22,loop condition / boundary,Control flow,True,True,
R236,R236_T007,7,25,3.7958546863855447,0.13004524292487696,0.9073125507008362,-0.7923351395481378,9.0,7.0,9.0,2.0,P22,loop condition / boundary,Control flow,True,True,
R236,R236_T008,8,9,-0.03723958627345055,-0.113210415830458,0.27307575274402535,-0.1044595443348917,2.0,3.0,6.0,7.0,P22,loop condition / boundary,Control flow,True,True,
R236,R236_T009,9,15,1.281598072999354,0.0031482132355796777,-1.0759637732448872,-0.2031297732225782,6.0,5.0,1.0,6.0,P22,loop condition / boundary,Control flow,True,True,
R237,R237_T001,1,10,0.9878655297185164,0.04070028073184413,0.49530551231825953,0.14688209302850405,8.0,6.0,5.0,9.0,P22,loop condition / boundary,Control flow,True,True,
R237,R237_T002,2,10,-0.4607268909558961,0.16158463721941102,-0.054028269156235265,-0.19662871032147164,3.0,8.0,2.0,8.0,P22,loop condition / boundary,Control flow,True,True,
R237,R237_T003,3,11,-0.5263645290801265,0.3079475862822533,1.6700559451243198,-0.2896679212891509,2.0,9.0,9.0,7.0,P22,loop condition / boundary,Control flow,True,True,
R237,R237_T004,4,16,0.7276994149515877,0.03419382718062496,0.5315728854001173,-0.3997259615226774,6.0,5.0,6.0,5.0,P22,loop condition / boundary,Control flow,True,True,
R237,R237_T005,5,15,0.9194662030367797,-0.06965906902612845,0.5555634570247728,-0.8918092729653636,7.0,4.0,7.0,3.0,P22,loop condition / boundary,Control flow,True,True,
R237,R237_T006,6,21,0.3538406236244624,-0.12786258635769954,0.22719669684372712,-1.1320602017663,5.0,2.0,4.0,1.0,P22,loop condition / boundary,Control flow,True,True,
R237,R237_T007,7,19,1.0930445873164911,-0.11862270441904099,0.8519736268712421,-1.0695826922949734,9.0,3.0,8.0,2.0,P22,loop condition / boundary,Control flow,True,True,
R237,R237_T008,8,2,-0.7136797581572599,0.07787255329940948,-0.005438446986951377,-0.4188542996318459,1.0,7.0,3.0,4.0,P22,loop condition / boundary,Control flow,True,True,
R237,R237_T009,9,7,-0.19869341420185213,-0.48164707429862247,-0.8079055786122512,-0.3762119775864446,4.0,1.0,1.0,6.0,P22,loop condition / boundary,Control flow,True,True,
R240,R240_T001,1,8,0.1575612009737377,0.06621816955841306,0.402729627287763,1.2050371482872488,9.0,10.0,8.0,11.0,P28,loop condition / boundary,Control flow,True,True,
R240,R240_T002,2,2,-0.045543686529849664,-0.39359932241858797,1.098463296440915,-0.18474147927916282,7.0,1.0,11.0,2.0,P28,loop condition / boundary,Control flow,True,True,
R240,R240_T003,3,17,0.268016176864724,0.12967708954509452,0.32837737084273383,1.0979362504161991,11.0,11.0,6.0,10.0,P28,loop condition / boundary,Control flow,True,True,
R240,R240_T004,4,18,0.31967756635682654,-0.19701156561151711,-0.7450782397682408,0.7580426592958145,12.0,2.0,1.0,7.0,P28,loop condition / boundary,Control flow,True,True,
R240,R240_T005,5,17,0.38984566679071503,0.05209514778303628,-0.35593390935695224,-0.34422439560102597,13.0,9.0,5.0,1.0,P28,loop condition / boundary,Control flow,True,True,
R240,R240_T006,6,11,-0.2069330898523837,0.31174206140659877,1.4039583565717162,1.5247871539555469,5.0,12.0,13.0,13.0,P28,loop condition / boundary,Control flow,True,True,
R240,R240_T007,7,11,-0.0711845828345904,-0.13098559626150968,0.9924317960558801,-0.13271273198317646,6.0,3.0,10.0,3.0,P28,loop condition / boundary,Control flow,True,True,
R240,R240_T008,8,10,-0.47188064902829013,-0.09237637294458866,1.1558392822896026,1.3859455941985956,3.0,5.0,12.0,12.0,P28,loop condition / boundary,Control flow,True,True,
R240,R240_T009,9,17,0.1731021919187619,0.03783661232119286,-0.3810873082023487,0.20658762043615694,10.0,7.0,4.0,4.0,P28,loop condition / boundary,Control flow,True,True,
R240,R240_T010,10,9,-0.4461213560910802,-0.10791311392030765,-0.6030514526456595,1.085788405311622,4.0,4.0,3.0,9.0,P28,loop condition / boundary,Control flow,True,True,
R240,R240_T011,11,9,-0.5194438416071278,0.04265008195821421,0.3293641298251366,0.682922274648352,2.0,8.0,7.0,6.0,P28,loop condition / boundary,Control flow,True,True,
R240,R240_T012,12,7,-0.5832354799791182,0.6740151420030284,0.4888627339203553,0.5536985365518406,1.0,13.0,9.0,5.0,P28,loop condition / boundary,Control flow,True,True,
R240,R240_T013,13,12,0.14481631968305686,-0.03270985244857654,-0.6131015993346184,0.9203681582608388,8.0,6.0,2.0,8.0,P28,loop condition / boundary,Control flow,True,True,
R242,R242_T001,1,8,0.9421906790059423,0.011995481977169355,-0.8859925594326595,0.7136823408031524,15.0,11.0,3.0,12.0,P28,loop condition / boundary,Control flow,True,True,
R242,R242_T002,2,6,-0.07276870377960977,-0.06592297055645863,-0.22081565666826064,-0.355367976895979,10.0,8.0,12.0,2.0,P28,loop condition / boundary,Control flow,True,True,
R242,R242_T003,3,13,1.2744597105213675,-0.23775118141274165,0.3382798843264923,0.93557457494079,16.0,7.0,15.0,15.0,P28,loop condition / boundary,Control flow,True,True,
R242,R242_T004,4,12,0.4677976805547599,-0.03887342350871607,-0.09168846210302169,0.572384940293902,13.0,9.0,13.0,10.0,P28,loop condition / boundary,Control flow,True,True,
R242,R242_T005,5,8,-0.17197684208987385,0.15440175386199456,-0.2792267714820093,-0.4181565201594631,9.0,12.0,11.0,1.0,P28,loop condition / boundary,Control flow,True,True,
R242,R242_T006,6,12,0.2396459500230589,0.1725833694513742,-0.31828334942243763,1.2264447781441128,12.0,13.0,9.0,16.0,P28,loop condition / boundary,Control flow,True,True,
R242,R242_T007,7,8,0.8006267738184732,-0.42788826944235525,-0.7902261821200828,-0.03230088585836566,14.0,4.0,5.0,4.0,P28,loop condition / boundary,Control flow,True,True,
R242,R242_T008,8,7,-0.48750790863874705,-0.03078076844561119,-0.5660712931080055,0.55116819115088,6.0,10.0,7.0,9.0,P28,loop condition / boundary,Control flow,True,True,
R242,R242_T009,9,5,-0.5093171904999146,-0.3922418822104746,-0.9556107688894718,0.2942770380224408,4.0,5.0,2.0,7.0,P28,loop condition / boundary,Control flow,True,True,
R242,R242_T010,10,4,-0.3558955597428235,0.2674443501258614,-0.061705272871741094,0.3321737097208189,7.0,15.0,14.0,8.0,P28,loop condition / boundary,Control flow,True,True,
R242,R242_T011,11,7,0.12210242030568978,-0.6991198248502599,-1.1295415453870874,-0.06553260988457177,11.0,3.0,1.0,3.0,P28,loop condition / boundary,Control flow,True,True,
R242,R242_T012,12,6,-0.31827809774809895,0.19878933535682708,-0.8664059552178672,0.8212966336905954,8.0,14.0,4.0,14.0,P28,loop condition / boundary,Control flow,True,True,
R242,R242_T013,13,1,-1.098359781268895,-1.0173950097557998,-0.4791285130459025,0.15704510875568437,1.0,2.0,8.0,5.0,P28,loop condition / boundary,Control flow,True,True,
R242,R242_T014,14,1,-0.5836763474330234,-1.7351153933613799,0.474100738718313,0.6255934440498483,3.0,1.0,16.0,11.0,P28,loop condition / boundary,Control flow,True,True,
R242,R242_T015,15,3,-0.49794540108233787,0.8003711516649381,-0.3169506540490837,0.21242482310187671,5.0,16.0,10.0,6.0,P28,loop condition / boundary,Control flow,True,True,
R242,R242_T016,16,1,-0.84190772851366,-0.3185457710545113,-0.690623913442754,0.7433004142064498,2.0,6.0,6.0,13.0,P28,loop condition / boundary,Control flow,True,True,
R243,R243_T001,1,6,0.6723734100143735,-0.4162017246339554,-0.43618575796295384,0.9818894378722928,12.0,3.0,6.0,10.0,P28,loop condition / boundary,Control flow,True,True,
R243,R243_T002,2,4,0.09195346120758119,-0.5109489531427418,-0.15785090607226512,0.5052240758254142,10.0,2.0,7.0,5.0,P28,loop condition / boundary,Control flow,True,True,
R243,R243_T003,3,16,-0.0883843242510675,-0.3545210184015131,0.5465951734819153,1.1488736903227943,9.0,4.0,11.0,11.0,P28,loop condition / boundary,Control flow,True,True,
R243,R243_T004,4,12,-0.26761356787969853,-0.05062482265518123,-0.542636790467132,0.3612049756967435,5.0,8.0,5.0,4.0,P28,loop condition / boundary,Control flow,True,True,
R243,R243_T005,5,13,-0.22069957395009154,-0.24317134571621277,5.572404350680701e-05,0.7317398782039923,7.0,5.0,8.0,9.0,P28,loop condition / boundary,Control flow,True,True,
R243,R243_T006,6,13,-0.25621916161057084,0.1751813806310859,0.5454977880665631,1.3014519792946972,6.0,10.0,10.0,12.0,P28,loop condition / boundary,Control flow,True,True,
R243,R243_T007,7,8,-0.18228442452358343,-0.23462738091476018,-0.6378176336414279,-0.11828574158045391,8.0,6.0,4.0,2.0,P28,loop condition / boundary,Control flow,True,True,
R243,R243_T008,8,9,-0.5512281676295366,-0.20270193540368087,0.7787341733690157,0.713569765442541,4.0,7.0,12.0,8.0,P28,loop condition / boundary,Control flow,True,True,
R243,R243_T009,9,8,0.21229757482561418,0.16050982110696077,-0.7558894626603135,-0.2814140978492966,11.0,9.0,3.0,1.0,P28,loop condition / boundary,Control flow,True,True,
R243,R243_T010,10,2,-0.9366146534624212,1.2200641096357399,0.23855525866835392,0.5541369494385168,1.0,12.0,9.0,6.0,P28,loop condition / boundary,Control flow,True,True,
R243,R243_T011,11,2,-0.7182766484242604,0.4722028735061654,-1.0820641593774485,0.6535100283868379,3.0,11.0,2.0,7.0,P28,loop condition / boundary,Control flow,True,True,
R243,R243_T012,12,1,-0.8315617476679104,-0.748452597372417,-1.208351992073009,0.34150536704743767,2.0,1.0,1.0,3.0,P28,loop condition / boundary,Control flow,True,True,
R244,R244_T001,1,2,-1.0062269912000916,0.10930309057117782,-0.9045769538301794,0.18995477878145992,1.0,9.0,4.0,12.0,P30,loop condition / boundary,Control flow,True,True,
R244,R244_T002,2,2,-0.9138328596193904,-0.6546037581024298,-0.8668278845720727,-0.34432896437331834,3.0,1.0,6.0,3.0,P30,loop condition / boundary,Control flow,True,True,
R244,R244_T003,3,13,0.3840978072630478,-0.031033923488244,-0.8745399909175579,-0.06495692509150908,10.0,5.0,5.0,7.0,P30,loop condition / boundary,Control flow,True,True,
R244,R244_T004,4,12,0.7984152748440715,0.16342648815033667,-0.7756734608730794,-0.02723794536962576,13.0,10.0,7.0,9.0,P30,loop condition / boundary,Control flow,True,True,
R244,R244_T005,5,12,0.8308073651468177,0.3371495343244162,-0.5529313451224517,-0.510828974346769,14.0,11.0,9.0,2.0,P30,loop condition / boundary,Control flow,True,True,
R244,R244_T006,6,6,-0.01985162353951383,0.04844064273545409,0.0018325772742520858,0.35457833174590836,8.0,7.0,12.0,14.0,P30,loop condition / boundary,Control flow,True,True,
R244,R244_T007,7,8,0.2350115778662828,0.4132248955441794,0.7949368949732399,-0.9772894163542888,9.0,13.0,14.0,1.0,P30,loop condition / boundary,Control flow,True,True,
R244,R244_T008,8,9,0.47056346203092597,-0.08686078644011212,0.2241331397041475,0.2029926270502166,12.0,3.0,13.0,13.0,P30,loop condition / boundary,Control flow,True,True,
R244,R244_T009,9,6,0.4182595973461643,0.08869784239526635,-1.2044894739223344,-0.06280982023652466,11.0,8.0,2.0,8.0,P30,loop condition / boundary,Control flow,True,True,
R244,R244_T010,10,5,-0.17347341514743883,0.000732001088052292,-0.620467001661757,-0.11030964349641575,7.0,6.0,8.0,6.0,P30,loop condition / boundary,Control flow,True,True,
R244,R244_T011,11,3,-0.5630264330528942,0.37183472005594914,-0.4046287532058845,0.16621459086070126,4.0,12.0,10.0,11.0,P30,loop condition / boundary,Control flow,True,True,
R244,R244_T012,12,1,-0.3780464386741654,0.5956434266703979,-0.3896989707201997,0.0034299208324579666,6.0,14.0,11.0,10.0,P30,loop condition / boundary,Control flow,True,True,
R244,R244_T013,13,3,-0.44009146800546595,-0.33793029023515087,-1.1009258933010138,-0.3023304224981805,5.0,2.0,3.0,4.0,P30,loop condition / boundary,Control flow,True,True,
R244,R244_T014,14,1,-0.9908470689999817,-0.07939632477967691,-1.3179567835676707,-0.2608739716078257,2.0,4.0,1.0,5.0,P30,loop condition / boundary,Control flow,True,True,
