region_id,token_id,token_order_in_region,n_eeg_participants,human_attention,eeg_theta,qwen_integration,glm_integration,human_attention_rank,eeg_theta_rank,qwen_integration_rank,glm_integration_rank,program_id,semantic_type,alternative_section,region_estimable,included_in_figure,exclusion_reason
R001,R001_T001,1,5,-0.3353182716623735,0.31191261088201905,0.3313041139514535,0.7435437934474391,4.0,5.0,3.0,5.0,P03,condition / branch,,True,False,not_selected_under_75_percent_constraints
R001,R001_T002,2,5,-0.6310053505766967,1.0562322181876467,3.7188824709075567,-0.7786355314074042,2.0,7.0,7.0,1.0,P03,condition / branch,,True,False,not_selected_under_75_percent_constraints
R001,R001_T003,3,23,1.1411560848882911,-0.14879260896708993,2.3250794463574227,1.113625170916279,7.0,2.0,6.0,7.0,P03,condition / branch,,True,False,not_selected_under_75_percent_constraints
R001,R001_T004,4,16,-0.1797320152198384,-0.19872498400153424,0.35468724992121586,0.39564224536783726,5.0,1.0,4.0,4.0,P03,condition / branch,,True,False,not_selected_under_75_percent_constraints
R001,R001_T005,5,16,0.15328656873596383,0.02164393339696364,1.3524345874463366,0.972745877137651,6.0,3.0,5.0,6.0,P03,condition / branch,,True,False,not_selected_under_75_percent_constraints
R001,R001_T006,6,8,-0.7460921111071421,0.11701453014348667,0.07909047611515588,0.38106103523032303,1.0,4.0,2.0,3.0,P03,condition / branch,,True,False,not_selected_under_75_percent_constraints
R001,R001_T007,7,5,-0.476220398101139,0.6690916109779579,-0.9693298479639255,0.022188669128591992,3.0,6.0,1.0,2.0,P03,condition / branch,,True,False,not_selected_under_75_percent_constraints
R002,R002_T001,1,15,0.11584458911504188,0.16095799622410162,0.8316937933680318,0.8435869069617493,1.0,7.0,5.0,6.0,P04,condition / branch,Control flow,True,True,
R002,R002_T002,2,16,0.5677209374578576,-0.11056968598206542,4.0184107469208845,0.05005129334628422,4.0,2.0,8.0,1.0,P04,condition / branch,Control flow,True,True,
R002,R002_T003,3,22,2.1611305926939846,0.09997260427727296,2.779268309049904,1.3782276554555895,6.0,5.0,7.0,8.0,P04,condition / branch,Control flow,True,True,
R002,R002_T004,4,25,3.0267736096469395,-0.10693643143041115,0.8438124069471211,0.6011121913228122,8.0,3.0,6.0,3.0,P04,condition / branch,Control flow,True,True,
R002,R002_T005,5,26,2.8849221468478556,0.15108214573539017,0.5468600253381773,1.0277737970431804,7.0,6.0,2.0,7.0,P04,condition / branch,Control flow,True,True,
R002,R002_T006,6,26,1.7677156612822904,0.09379899734476058,0.6270659739670063,0.48925852768332084,5.0,4.0,3.0,2.0,P04,condition / branch,Control flow,True,True,
R002,R002_T007,7,12,0.21556162855616093,0.5806283567941671,0.8128095140723941,0.6559049507934216,2.0,8.0,4.0,4.0,P04,condition / branch,Control flow,True,True,
R002,R002_T008,8,10,0.25961875978158083,-0.20771958866146006,0.5031054751491274,0.8171178929555469,3.0,1.0,1.0,5.0,P04,condition / branch,Control flow,True,True,
R003,R003_T001,1,9,-0.23958860788385794,-0.43317563170546763,-0.7594538242108175,0.5700888090610529,17.0,3.0,6.0,17.0,P07,condition / branch,,True,False,not_selected_under_75_percent_constraints
R003,R003_T002,2,12,0.34139864280929316,0.09923390691264812,-0.4623520372597576,0.6404444136609632,21.0,11.0,9.0,20.0,P07,condition / branch,,True,False,not_selected_under_75_percent_constraints
R003,R003_T003,3,8,-0.20906214342150875,-0.22414851791275897,0.11983035598888897,0.6403664631492868,18.0,7.0,18.0,19.0,P07,condition / branch,,True,False,not_selected_under_75_percent_constraints
R003,R003_T004,4,12,-0.3236088057241731,-0.027290235621475294,-0.18671066927206315,1.9933162646594775,15.0,10.0,15.0,21.0,P07,condition / branch,,True,False,not_selected_under_75_percent_constraints
R003,R003_T005,5,7,-0.5813286768343219,-0.12701077726986748,-1.0010010652627483,0.34115991863374445,9.0,8.0,5.0,13.0,P07,condition / branch,,True,False,not_selected_under_75_percent_constraints
R003,R003_T006,6,3,-0.9044012367437215,0.44422947696695125,-0.12543228120020464,0.4019749872395459,3.0,18.0,17.0,14.0,P07,condition / branch,,True,False,not_selected_under_75_percent_constraints
R003,R003_T007,7,3,-0.36330877306799914,-0.07049930634899755,-0.20962609109817087,-0.5753073833028858,14.0,9.0,13.0,3.0,P07,condition / branch,,True,False,not_selected_under_75_percent_constraints
R003,R003_T008,8,6,-0.40197799773581483,0.21054079095589887,-0.15887005427354747,0.10511430054749767,13.0,12.0,16.0,11.0,P07,condition / branch,,True,False,not_selected_under_75_percent_constraints
R003,R003_T009,9,1,-0.4063657978479634,0.34255242814086967,-0.5486107898210515,0.0938020675861055,12.0,16.0,8.0,10.0,P07,condition / branch,,True,False,not_selected_under_75_percent_constraints
R003,R003_T010,10,3,-0.4111268677808773,-0.45527480625810207,-0.26603965343376096,0.2245182469608694,11.0,2.0,10.0,12.0,P07,condition / branch,,True,False,not_selected_under_75_percent_constraints
R003,R003_T011,11,2,-1.1008708195994696,0.6925193397642375,-1.003297457094846,0.053403631297903015,1.0,19.0,4.0,9.0,P07,condition / branch,,True,False,not_selected_under_75_percent_constraints
R003,R003_T012,12,1,-0.5007023630053046,1.1777231105190389,0.30418009368344845,0.564858293811942,10.0,21.0,20.0,16.0,P07,condition / branch,,True,False,not_selected_under_75_percent_constraints
R003,R003_T013,13,2,-0.6633922154654072,0.2565499495801756,-0.21200389070512016,0.4336510761931724,8.0,13.0,12.0,15.0,P07,condition / branch,,True,False,not_selected_under_75_percent_constraints
R003,R003_T014,14,3,-0.09128925270941289,0.3403343696576277,-0.19852374830784822,-0.5173521739946421,20.0,15.0,14.0,4.0,P07,condition / branch,,True,False,not_selected_under_75_percent_constraints
R003,R003_T015,15,2,-0.2498153725109875,-0.36153433235376836,-0.2293922486468872,-0.36873518163789515,16.0,4.0,11.0,5.0,P07,condition / branch,,True,False,not_selected_under_75_percent_constraints
R003,R003_T016,16,2,-0.16086624529947333,0.3512563754506259,-0.6593822647008575,-0.5966373464488671,19.0,17.0,7.0,2.0,P07,condition / branch,,True,False,not_selected_under_75_percent_constraints
R003,R003_T017,17,1,-0.7908057056216649,-0.3297041851843267,0.25538933214293874,-0.12202032126068825,6.0,5.0,19.0,7.0,P07,condition / branch,,True,False,not_selected_under_75_percent_constraints
R003,R003_T018,18,3,-0.7824269457511445,0.2769268117745034,-1.5193470907556597,-0.7727981598550063,7.0,14.0,1.0,1.0,P07,condition / branch,,True,False,not_selected_under_75_percent_constraints
R003,R003_T019,19,1,-1.0177005600628735,-0.2887148190347023,-1.2340342864051346,-0.006366769010977084,2.0,6.0,3.0,8.0,P07,condition / branch,,True,False,not_selected_under_75_percent_constraints
R003,R003_T020,20,1,-0.8963394753053892,0.7487169072271822,-1.265752605879773,-0.3509329161356516,4.0,20.0,2.0,6.0,P07,condition / branch,,True,False,not_selected_under_75_percent_constraints
R003,R003_T021,21,1,-0.8276744468348474,-0.45782868901976936,0.3342389939930523,0.5801034559693766,5.0,1.0,21.0,18.0,P07,condition / branch,,True,False,not_selected_under_75_percent_constraints
R004,R004_T001,1,7,-0.5320886612204849,-0.011982380307466947,-0.32484494254025637,-0.24006063624753723,5.0,7.0,3.0,6.0,P08,condition / branch,Control flow,True,True,
R004,R004_T002,2,10,-0.5560376995272102,-0.369015421104142,-1.2162100271125125,-0.4632130471457991,4.0,4.0,1.0,3.0,P08,condition / branch,Control flow,True,True,
R004,R004_T003,3,13,0.9969774654059705,-0.19898771223832373,-0.21668217522698874,0.5369249218478286,11.0,5.0,7.0,11.0,P08,condition / branch,Control flow,True,True,
R004,R004_T004,4,17,0.7011924718512721,0.14401109744108548,-0.27232235681539735,-0.20490119050515196,10.0,11.0,5.0,7.0,P08,condition / branch,Control flow,True,True,
R004,R004_T005,5,8,0.00610947576032986,0.10395827924609562,0.8372642450171451,0.172011071819837,9.0,9.0,11.0,10.0,P08,condition / branch,Control flow,True,True,
R004,R004_T006,6,3,-0.6979243093421986,0.048044741942283586,0.19156666952421664,-0.31780042105308365,2.0,8.0,10.0,5.0,P08,condition / branch,Control flow,True,True,
R004,R004_T007,7,3,-0.7936884342106495,-0.5387733248287386,-0.1345412099008385,0.09280501966121597,1.0,2.0,8.0,9.0,P08,condition / branch,Control flow,True,True,
R004,R004_T008,8,6,-0.5890823108878395,-0.12765508816003387,-0.23939317668921647,-0.0976055640929564,3.0,6.0,6.0,8.0,P08,condition / branch,Control flow,True,True,
R004,R004_T009,9,6,-0.17140361779018018,-0.4135818784779211,-0.3066854257284905,-0.5855361854765068,7.0,3.0,4.0,2.0,P08,condition / branch,Control flow,True,True,
R004,R004_T010,10,10,-0.41850194441216804,0.1330226573368199,0.09802144924302807,-0.3582633227598637,6.0,10.0,9.0,4.0,P08,condition / branch,Control flow,True,True,
R004,R004_T011,11,3,-0.06582537774618757,-0.6725435050174662,-0.6570325389545809,-0.6923307681467322,8.0,1.0,2.0,1.0,P08,condition / branch,Control flow,True,True,
R005,R005_T001,1,2,-0.6839050306460907,-0.6283023680851383,-0.2062221306820046,0.37794690512105733,1.0,1.0,2.0,3.0,P08,condition / branch,,False,False,insufficient_or_undefined
R005,R005_T002,2,8,-0.3497966325142022,-0.10706141613336678,1.7394938026365336,0.34672173301433434,3.0,2.0,3.0,2.0,P08,condition / branch,,False,False,insufficient_or_undefined
R005,R005_T003,3,10,-0.47092038476641696,0.06369693665605722,-0.8685796309739137,-0.2513892162431929,2.0,3.0,1.0,1.0,P08,condition / branch,,False,False,insufficient_or_undefined
R006,R006_T001,1,5,-0.20491287321720364,0.5722026129121589,0.3542561996598719,0.2084603070570025,3.0,6.0,6.0,4.0,P10,condition / branch,,True,False,nonpositive_in_at_least_three_panels
R006,R006_T002,2,8,0.24829633541006355,0.5004883317073571,-0.7000458731184495,-0.32300838194877274,5.0,4.0,1.0,1.0,P10,condition / branch,,True,False,nonpositive_in_at_least_three_panels
R006,R006_T003,3,12,0.5099808470864075,0.3571911584560823,0.08298658926068765,0.45085575930451327,6.0,3.0,3.0,6.0,P10,condition / branch,,True,False,nonpositive_in_at_least_three_panels
R006,R006_T004,4,19,0.9066152050614927,-0.17419420526563206,0.26754209480821095,-0.051773382839167735,7.0,1.0,4.0,2.0,P10,condition / branch,,True,False,nonpositive_in_at_least_three_panels
R006,R006_T005,5,10,-0.5052070649901297,0.2403981939331869,0.42089891948224095,0.3879816700154472,1.0,2.0,7.0,5.0,P10,condition / branch,,True,False,nonpositive_in_at_least_three_panels
R006,R006_T006,6,7,-0.500918618830713,0.5978741728684348,0.32557397694885276,0.4754110265488705,2.0,7.0,5.0,7.0,P10,condition / branch,,True,False,nonpositive_in_at_least_three_panels
R006,R006_T007,7,8,-0.15936493460270448,0.5495345092131957,-0.6815659161374933,0.15985099394396315,4.0,5.0,2.0,3.0,P10,condition / branch,,True,False,nonpositive_in_at_least_three_panels
R007,R007_T001,1,3,-0.31095697390368615,-0.19910291109546743,0.3006136718992512,-0.05311626019458182,4.0,2.0,2.0,6.0,P10,condition / branch,Control flow,True,True,
R007,R007_T002,2,6,-0.41564398172789413,0.6217819641738063,3.171594045840647,-0.7239128098249861,3.0,7.0,7.0,1.0,P10,condition / branch,Control flow,True,True,
R007,R007_T003,3,13,0.06448554135162672,0.0677505629431483,1.5728482593912185,0.00521570996623813,7.0,4.0,6.0,7.0,P10,condition / branch,Control flow,True,True,
R007,R007_T004,4,15,-0.06408188562581106,0.1507190867289407,1.0409611668707983,-0.4997936655534631,6.0,6.0,4.0,2.0,P10,condition / branch,Control flow,True,True,
R007,R007_T005,5,8,-0.16117024650608233,-0.13199952248986607,1.0668407960400588,-0.11336954929611302,5.0,3.0,5.0,4.0,P10,condition / branch,Control flow,True,True,
R007,R007_T006,6,4,-0.5581607353188314,0.10290430533095374,0.3940918571213184,-0.0597793125420604,1.0,5.0,3.0,5.0,P10,condition / branch,Control flow,True,True,
R007,R007_T007,7,4,-0.4862682982565636,-0.3121622980839045,-0.3978928582944427,-0.266298361180403,2.0,1.0,1.0,3.0,P10,condition / branch,Control flow,True,True,
R008,R008_T001,1,4,0.4976695840425322,-0.4657873838402208,0.03862635799806918,-0.37904828381913475,6.0,1.0,2.0,3.0,P10,condition / branch,,True,False,nonpositive_in_at_least_three_panels
R008,R008_T002,2,4,-0.004213172589247099,-0.0028139396075189116,-1.07250619897088,-0.9360397998137951,5.0,6.0,1.0,1.0,P10,condition / branch,,True,False,nonpositive_in_at_least_three_panels
R008,R008_T003,3,9,-0.4988926369250251,-0.08322159702624224,0.4981368121918422,0.16158200479764906,2.0,4.0,3.0,6.0,P10,condition / branch,,True,False,nonpositive_in_at_least_three_panels
R008,R008_T004,4,14,-0.07775062314300228,-0.14165899603684248,0.9092620470692765,-0.569811971598437,4.0,3.0,6.0,2.0,P10,condition / branch,,True,False,nonpositive_in_at_least_three_panels
R008,R008_T005,5,3,-0.6637951175508741,-0.46375926350805363,0.801586247675235,-0.2002653580231071,1.0,2.0,5.0,4.0,P10,condition / branch,,True,False,nonpositive_in_at_least_three_panels
R008,R008_T006,6,2,-0.2822486494034198,-0.01428931296259539,0.5851485789359243,-0.17788538943314425,3.0,5.0,4.0,5.0,P10,condition / branch,,True,False,nonpositive_in_at_least_three_panels
R009,R009_T001,1,3,0.444979683361809,0.05897678421914553,1.1601360887864676,-0.2688052605339567,7.0,5.0,6.0,6.0,P10,condition / branch,,True,False,not_selected_under_75_percent_constraints
R009,R009_T002,2,6,-0.13572524777763878,0.017917719040284844,0.22830552023110576,-1.062932795143688,6.0,4.0,1.0,1.0,P10,condition / branch,,True,False,not_selected_under_75_percent_constraints
R009,R009_T003,3,3,-0.36736524207463583,-0.3540994332727389,1.433941500608565,0.15463425846909074,5.0,1.0,7.0,7.0,P10,condition / branch,,True,False,not_selected_under_75_percent_constraints
R009,R009_T004,4,7,-0.5171431324631528,0.2557436642997529,0.5754823411780005,-0.6142143876535991,3.0,6.0,3.0,3.0,P10,condition / branch,,True,False,not_selected_under_75_percent_constraints
R009,R009_T005,5,4,-0.684470122206187,-0.35061270588531157,1.048336794509713,-0.49214725987533453,2.0,2.0,5.0,5.0,P10,condition / branch,,True,False,not_selected_under_75_percent_constraints
R009,R009_T006,6,5,-0.37985635469728213,-0.03359486083318387,0.6521175327683358,-0.7042816864059662,4.0,3.0,4.0,2.0,P10,condition / branch,,True,False,not_selected_under_75_percent_constraints
R009,R009_T007,7,1,-0.8376641320081871,0.88252331753644,0.3415377356443443,-0.6013163448607688,1.0,7.0,2.0,4.0,P10,condition / branch,,True,False,not_selected_under_75_percent_constraints
R010,R010_T001,1,4,-0.7603735244473858,0.916904672956949,0.6925176823376584,-0.04034753953389621,2.0,7.0,6.0,6.0,P10,condition / branch,Control flow,True,True,
R010,R010_T002,2,2,-0.9252121000332002,-1.2365667099366988,-0.9037459500933925,-0.5936572010850701,1.0,1.0,1.0,2.0,P10,condition / branch,Control flow,True,True,
R010,R010_T003,3,6,-0.1824846020452148,0.40537866378217036,0.4103180723118278,0.09664731595064162,6.0,5.0,4.0,7.0,P10,condition / branch,Control flow,True,True,
R010,R010_T004,4,5,-0.5983236680215828,0.6584068823244132,0.20266956831158436,-0.6079573063877199,3.0,6.0,3.0,1.0,P10,condition / branch,Control flow,True,True,
R010,R010_T005,5,3,-0.1824485298446683,-0.58132009133464,0.8623610013922693,-0.5107778376964918,7.0,2.0,7.0,4.0,P10,condition / branch,Control flow,True,True,
R010,R010_T006,6,3,-0.3509881705616867,-0.3325018613738103,0.5615932130590348,-0.5626062233368586,5.0,3.0,5.0,3.0,P10,condition / branch,Control flow,True,True,
R010,R010_T007,7,3,-0.38239308258312743,0.2728275423332102,-0.04861899453275605,-0.29333300974549176,4.0,4.0,2.0,5.0,P10,condition / branch,Control flow,True,True,
R011,R011_T001,1,12,-0.02347770822305928,-0.19187418827040723,0.07748762349299872,0.781094768261459,4.0,2.0,4.0,8.0,P11,condition / branch,,True,False,nonpositive_in_at_least_three_panels
R011,R011_T002,2,8,-0.6167527903832779,0.44586062574396085,-1.1932701437886226,-0.8093597810286659,3.0,7.0,1.0,1.0,P11,condition / branch,,True,False,nonpositive_in_at_least_three_panels
R011,R011_T003,3,25,3.7673265092315362,-0.02714082314534491,-0.4208931324389194,0.06492671931713329,8.0,4.0,2.0,3.0,P11,condition / branch,,True,False,nonpositive_in_at_least_three_panels
R011,R011_T004,4,20,0.33825484790061466,0.08505909540312825,0.14580431795477614,0.6519295474522081,5.0,5.0,5.0,7.0,P11,condition / branch,,True,False,nonpositive_in_at_least_three_panels
R011,R011_T005,5,19,0.6731081932576428,-0.14530407211877228,0.46833751176638344,0.33374836365079674,6.0,3.0,6.0,4.0,P11,condition / branch,,True,False,nonpositive_in_at_least_three_panels
R011,R011_T006,6,17,1.06755251131617,-0.34924720288441435,-0.3996671084786713,-0.24473200444653456,7.0,1.0,3.0,2.0,P11,condition / branch,,True,False,nonpositive_in_at_least_three_panels
R011,R011_T007,7,1,-0.9701591678204808,0.6410155667427353,1.0489639867833809,0.4094657986278225,1.0,8.0,8.0,5.0,P11,condition / branch,,True,False,nonpositive_in_at_least_three_panels
R011,R011_T008,8,2,-0.9462422942721519,0.38353248906725024,0.49643009954457873,0.6053219931047921,2.0,6.0,7.0,6.0,P11,condition / branch,,True,False,nonpositive_in_at_least_three_panels
R012,R012_T001,1,6,-0.06785695121012768,0.4903144879306305,0.6789869853677684,0.30916530485791255,3.0,7.0,5.0,6.0,P11,condition / branch,Control flow,True,True,
R012,R012_T002,2,5,-0.5367334543645058,-0.330673506895157,-0.895243724863811,-0.648034843016922,1.0,1.0,1.0,1.0,P11,condition / branch,Control flow,True,True,
R012,R012_T003,3,12,1.119098665665474,0.025375200305279844,1.057489853435168,0.9339655458515671,6.0,5.0,6.0,7.0,P11,condition / branch,Control flow,True,True,
R012,R012_T004,4,18,1.2503347930376862,-0.07104667648744395,0.01825951917573021,-0.1830432080652782,7.0,3.0,4.0,4.0,P11,condition / branch,Control flow,True,True,
R012,R012_T005,5,12,0.5596538561006404,-0.03082030000646295,2.527940247043071,0.20465556610323643,5.0,4.0,7.0,5.0,P11,condition / branch,Control flow,True,True,
R012,R012_T006,6,8,-0.18319894091882882,0.08328095447034517,-0.37860723322839956,-0.4122667295050695,2.0,6.0,3.0,2.0,P11,condition / branch,Control flow,True,True,
R012,R012_T007,7,13,0.2568559060193162,-0.18150638057089438,-0.7275839952440325,-0.22541167456362424,4.0,2.0,2.0,3.0,P11,condition / branch,Control flow,True,True,
R013,R013_T001,1,1,-1.1560213556547694,0.17559300087570723,-0.08379327549839433,-0.8793224465717527,1.0,3.0,2.0,1.0,P13,condition / branch,,False,False,insufficient_or_undefined
R013,R013_T002,2,5,-0.49329504325177026,-0.6193884762398616,1.3345998767880232,0.5066560129145911,2.0,1.0,3.0,3.0,P13,condition / branch,,False,False,insufficient_or_undefined
R013,R013_T003,3,3,-0.473899815968386,-0.09250561436442284,-0.4781871825478681,-0.02010294295387638,3.0,2.0,1.0,2.0,P13,condition / branch,,False,False,insufficient_or_undefined
R014,R014_T001,1,11,-0.04759974662952887,0.03815364276815023,-0.5999681874992779,0.17443427833468073,8.0,8.0,4.0,10.0,P14,condition / branch,,True,False,not_selected_under_75_percent_constraints
R014,R014_T002,2,6,-0.541248554692221,-0.025011138088988732,-1.3747602253940705,-0.388074701856417,1.0,6.0,1.0,7.0,P14,condition / branch,,True,False,not_selected_under_75_percent_constraints
R014,R014_T003,3,10,-0.23905674559851842,-0.04099426947328011,0.4794873534695146,-0.39876810147074604,4.0,5.0,11.0,6.0,P14,condition / branch,,True,False,not_selected_under_75_percent_constraints
R014,R014_T004,4,17,0.3499734986075366,-0.31600692081691084,0.23170530778603257,0.0067618406302538585,10.0,2.0,9.0,8.0,P14,condition / branch,,True,False,not_selected_under_75_percent_constraints
R014,R014_T005,5,24,1.2307828647220693,0.2196356968997555,0.3077237970036435,0.27062176708164826,12.0,11.0,10.0,11.0,P14,condition / branch,,True,False,not_selected_under_75_percent_constraints
R014,R014_T006,6,13,-0.1827725454058341,0.2894124591138286,-0.19121810120796626,-0.5589410872401389,5.0,12.0,8.0,5.0,P14,condition / branch,,True,False,not_selected_under_75_percent_constraints
R014,R014_T007,7,9,-0.4806680701425166,0.12647873110205132,-0.5076763724888073,-0.9378554140133329,2.0,9.0,5.0,3.0,P14,condition / branch,,True,False,not_selected_under_75_percent_constraints
R014,R014_T008,8,18,0.41041766899945564,0.17827662790424206,-0.4234235692654422,-1.1977948231001248,11.0,10.0,6.0,1.0,P14,condition / branch,,True,False,not_selected_under_75_percent_constraints
R014,R014_T009,9,12,-0.12252450533334468,0.02972158587996121,-0.883006786008344,-1.0046994434679732,7.0,7.0,2.0,2.0,P14,condition / branch,,True,False,not_selected_under_75_percent_constraints
R014,R014_T010,10,8,-0.16672191963681962,-0.046209868755084565,-0.261697522471206,-0.5739740344461383,6.0,4.0,7.0,4.0,P14,condition / branch,,True,False,not_selected_under_75_percent_constraints
R014,R014_T011,11,1,-0.4734234781695233,-0.2291002843461377,0.555027710976237,0.28125175686693277,3.0,3.0,12.0,12.0,P14,condition / branch,,True,False,not_selected_under_75_percent_constraints
R014,R014_T012,12,1,0.08307000974601846,-1.2215013606177734,-0.8180365993239741,0.042887461099939315,9.0,1.0,3.0,9.0,P14,condition / branch,,True,False,not_selected_under_75_percent_constraints
R015,R015_T001,1,1,-0.39752959202856974,0.5997586018757611,1.4709684072564349,-0.7498694811653865,2.0,2.0,3.0,1.0,P14,condition / branch,,False,False,insufficient_or_undefined
R015,R015_T002,2,11,0.06233870023359687,-0.28474959620341916,0.9033833834918572,1.0920185011430836,3.0,1.0,2.0,3.0,P14,condition / branch,,False,False,insufficient_or_undefined
R015,R015_T003,3,1,-0.7830585819808515,1.056855719028344,-1.0141581887636664,0.24293207767228298,1.0,3.0,1.0,2.0,P14,condition / branch,,False,False,insufficient_or_undefined
R016,R016_T001,1,3,-0.7821110066300836,0.14258895350151865,-0.5789212476484816,0.019108184630997043,4.0,4.0,3.0,5.0,P15,condition / branch,Calls / returns,True,True,
R016,R016_T002,2,8,-0.4502861843850045,0.12473377777703248,-0.490779643001269,-0.15912909911219006,7.0,3.0,4.0,4.0,P15,condition / branch,Calls / returns,True,True,
R016,R016_T003,3,5,-0.9236454040554536,-0.13965187956763378,0.04580405403164106,0.3439804952227909,1.0,2.0,6.0,8.0,P15,condition / branch,Calls / returns,True,True,
R016,R016_T004,4,10,-0.16163819468325302,0.20749420527320508,0.05794342569328335,0.2810609821544119,8.0,5.0,7.0,7.0,P15,condition / branch,Calls / returns,True,True,
R016,R016_T005,5,4,-0.6699266695140462,1.116545310464495,-1.2935698554084263,-1.0516415233491803,6.0,8.0,1.0,1.0,P15,condition / branch,Calls / returns,True,True,
R016,R016_T006,6,2,-0.7989675939461995,-0.8884287137786695,-1.155157743484058,0.07784181513923911,3.0,1.0,2.0,6.0,P15,condition / branch,Calls / returns,True,True,
R016,R016_T007,7,3,-0.7654309814173228,0.6183243062690585,0.33183760976344534,-0.8669061853450414,5.0,6.0,8.0,2.0,P15,condition / branch,Calls / returns,True,True,
R016,R016_T008,8,2,-0.8249334145121893,0.7804397951433901,-0.433170677471122,-0.5728078537585155,2.0,7.0,5.0,3.0,P15,condition / branch,Calls / returns,True,True,
R017,R017_T001,1,4,-0.6600147385099399,0.3945044093579262,-1.1427492502941237,0.24824709788725133,8.0,10.0,1.0,9.0,P15,condition / branch,Calls / returns,True,True,
R017,R017_T002,2,1,-0.8661815700065455,0.08007023742473215,0.36338939551459243,-0.6498801496851451,5.0,7.0,9.0,3.0,P15,condition / branch,Calls / returns,True,True,
R017,R017_T003,3,13,-0.04919093831647289,-0.7601729513857958,-0.7758195428796854,-0.01211667370068995,11.0,2.0,4.0,7.0,P15,condition / branch,Calls / returns,True,True,
R017,R017_T004,4,3,-0.9393005906694838,-0.31088969894569085,-0.6380395288672004,0.26453785906441285,3.0,3.0,6.0,10.0,P15,condition / branch,Calls / returns,True,True,
R017,R017_T005,5,10,-0.2948232845665156,0.09661491833075105,-0.6502146396490315,-0.03362759400506458,10.0,8.0,5.0,5.0,P15,condition / branch,Calls / returns,True,True,
R017,R017_T006,6,1,-0.9952191448582602,0.09929055489715341,-0.4361053199466178,-0.024168217612785994,2.0,9.0,7.0,6.0,P15,condition / branch,Calls / returns,True,True,
R017,R017_T007,7,1,-1.0068964881526565,-0.9173625550338618,-1.0523013885127557,-0.22340394295900054,1.0,1.0,2.0,4.0,P15,condition / branch,Calls / returns,True,True,
R017,R017_T008,8,2,-0.8986317812743122,-0.17003235479052375,-0.8478664786348892,-0.8542165999785934,4.0,4.0,3.0,2.0,P15,condition / branch,Calls / returns,True,True,
R017,R017_T009,9,4,-0.6872787273985052,0.07430487851844517,1.0272290382391056,0.340937352394957,7.0,6.0,10.0,11.0,P15,condition / branch,Calls / returns,True,True,
R017,R017_T010,10,1,-0.6555227940781341,1.2880146683163418,-0.2944960689924041,-0.007205418559218302,9.0,11.0,8.0,8.0,P15,condition / branch,Calls / returns,True,True,
R017,R017_T011,11,2,-0.7360072095448796,0.04694904112678766,1.147447589547454,-0.8606182180577896,6.0,5.0,11.0,1.0,P15,condition / branch,Calls / returns,True,True,
R018,R018_T001,1,12,-0.17913603094263095,-0.13063416116367677,0.06737731783002898,0.44104178396716015,16.0,4.0,15.0,17.0,P17,condition / branch,Control flow,True,True,
R018,R018_T002,2,17,-0.03918935193162632,0.11731645350383225,-0.21350739086224255,0.5288045873316973,20.0,13.0,12.0,19.0,P17,condition / branch,Control flow,True,True,
R018,R018_T003,3,14,-0.25419632297688405,-0.12167201768624025,-0.07656550696348059,0.7862665576418296,15.0,5.0,14.0,21.0,P17,condition / branch,Control flow,True,True,
R018,R018_T004,4,23,0.9977470239239453,-0.0057867769502451035,-0.22617528720723312,0.6555028334646601,22.0,9.0,11.0,20.0,P17,condition / branch,Control flow,True,True,
R018,R018_T005,5,9,0.02271678328707824,-0.035252299243899436,-0.8116622225349256,0.20354745453388876,21.0,7.0,3.0,12.0,P17,condition / branch,Control flow,True,True,
R018,R018_T006,6,9,-0.41384368684721723,0.3858879717813432,0.523694100201214,0.42848056210233504,10.0,18.0,18.0,16.0,P17,condition / branch,Control flow,True,True,
R018,R018_T007,7,9,-0.45060245613904776,0.203291379391669,1.2091922019060906,0.0657308937108443,9.0,16.0,22.0,9.0,P17,condition / branch,Control flow,True,True,
R018,R018_T008,8,14,-0.27801477839239847,0.10216077874071562,1.047642034768545,-0.07487598307653705,14.0,12.0,20.0,7.0,P17,condition / branch,Control flow,True,True,
R018,R018_T009,9,11,-0.32846682485584,-0.008456576103803572,-0.612132305723533,-0.17707876414487367,13.0,8.0,9.0,5.0,P17,condition / branch,Control flow,True,True,
R018,R018_T010,10,5,-0.33499055936750727,0.4812094016883967,-0.365518842746449,0.21835233826439837,12.0,19.0,10.0,13.0,P17,condition / branch,Control flow,True,True,
R018,R018_T011,11,4,-0.6818040691920128,-0.8127803851545864,-1.0126855826642907,0.019783601647016164,7.0,2.0,2.0,8.0,P17,condition / branch,Control flow,True,True,
R018,R018_T012,12,1,-1.0532269800141505,1.238167715527635,0.8016029393725704,0.5125855451428696,3.0,21.0,19.0,18.0,P17,condition / branch,Control flow,True,True,
R018,R018_T013,13,5,-0.05474012014073013,-0.09547002668235434,0.16819391131677072,0.31413893068656035,19.0,6.0,16.0,15.0,P17,condition / branch,Control flow,True,True,
R018,R018_T014,14,2,-0.09769716982521026,-0.48284913780206795,0.3852889699814741,-0.19655197550210293,18.0,3.0,17.0,4.0,P17,condition / branch,Control flow,True,True,
R018,R018_T015,15,2,-0.8103165099555891,0.16802754296076128,-0.7520094089593611,-0.7485610232136951,5.0,14.0,5.0,1.0,P17,condition / branch,Control flow,True,True,
R018,R018_T016,16,1,-1.0212225586533445,0.8917436800350603,-0.7209087228467795,0.13629767067575513,4.0,20.0,6.0,11.0,P17,condition / branch,Control flow,True,True,
R018,R018_T017,17,4,-0.3713304869282091,0.017741310054839254,-0.6155928181926006,0.26915462942664775,11.0,11.0,8.0,14.0,P17,condition / branch,Control flow,True,True,
R018,R018_T018,18,1,-1.1035538039001314,-1.1651303891775655,-0.64281535853192,1.0988137211762743,1.0,1.0,7.0,22.0,P17,condition / branch,Control flow,True,True,
R018,R018_T019,19,2,-0.1595639618602324,0.013870842785688162,-0.18167788471540058,-0.1584064753969685,17.0,10.0,13.0,6.0,P17,condition / branch,Control flow,True,True,
R018,R018_T020,20,3,-0.5955990598012567,0.36922876230742546,-1.491797550270179,-0.40979179767848706,8.0,17.0,1.0,2.0,P17,condition / branch,Control flow,True,True,
R018,R018_T021,21,1,-1.1029570116536822,1.7059515486312429,-0.7892020022354336,0.10196405036576202,2.0,22.0,4.0,10.0,P17,condition / branch,Control flow,True,True,
R018,R018_T022,22,1,-0.7873518422633209,0.18128601046768641,1.1403558166748249,-0.22528269246357344,6.0,15.0,21.0,3.0,P17,condition / branch,Control flow,True,True,
R019,R019_T001,1,1,-0.9582981143231178,-2.042893169690266,-0.45516462667180607,-0.16939882102204348,1.0,1.0,1.0,1.0,P17,condition / branch,,False,False,insufficient_or_undefined
R019,R019_T002,2,17,0.6485182921336072,-0.1849305983857488,1.7176010864112594,0.42583384277455877,3.0,2.0,3.0,3.0,P17,condition / branch,,False,False,insufficient_or_undefined
R019,R019_T003,3,14,0.22679268128530072,0.08845584009649723,-0.31211051589158556,0.2000312349194514,2.0,3.0,2.0,2.0,P17,condition / branch,,False,False,insufficient_or_undefined
R020,R020_T001,1,10,0.7948384347565184,-0.050476761590453445,0.24794016540010935,0.539937739592559,5.0,5.0,4.0,5.0,P17,condition / branch,,True,False,not_selected_under_75_percent_constraints
R020,R020_T002,2,6,-0.046698814631442466,-0.07581274676498652,-1.3227578991359332,-0.5560227471201866,2.0,4.0,1.0,2.0,P17,condition / branch,,True,False,not_selected_under_75_percent_constraints
R020,R020_T003,3,8,0.20367688706214424,-0.451146919305376,-0.48478328120621067,-0.4469863131917211,4.0,2.0,3.0,3.0,P17,condition / branch,,True,False,not_selected_under_75_percent_constraints
R020,R020_T004,4,5,-0.0006999617263234356,-0.0898094580746692,-0.9412478463528254,-0.973194538400254,3.0,3.0,2.0,1.0,P17,condition / branch,,True,False,not_selected_under_75_percent_constraints
R020,R020_T005,5,5,-0.31398282256190774,-1.0759703468337265,1.1234746507601114,0.3179028116298957,1.0,1.0,5.0,4.0,P17,condition / branch,,True,False,not_selected_under_75_percent_constraints
R021,R021_T001,1,7,0.0590593769379017,-0.46873111007258533,0.10176733432032752,0.1344411134935268,4.0,2.0,5.0,5.0,P18,condition / branch,,True,False,not_selected_under_75_percent_constraints
R021,R021_T002,2,8,-0.19425464202248688,-0.5545402420969405,3.2345686962487563,-0.7505250870594514,2.0,1.0,9.0,1.0,P18,condition / branch,,True,False,not_selected_under_75_percent_constraints
R021,R021_T003,3,18,1.3520992950646817,-0.09643308827228708,0.20093484909584725,-0.057887746799116034,8.0,6.0,6.0,2.0,P18,condition / branch,,True,False,not_selected_under_75_percent_constraints
R021,R021_T004,4,22,2.7028530004051485,-0.07819711216316981,-0.19370452420423367,0.20619152363234852,9.0,7.0,2.0,6.0,P18,condition / branch,,True,False,not_selected_under_75_percent_constraints
R021,R021_T005,5,15,0.6921580652629572,-0.25269874612597343,-0.13027799626535919,0.4449664083261394,7.0,3.0,4.0,8.0,P18,condition / branch,,True,False,not_selected_under_75_percent_constraints
R021,R021_T006,6,16,0.27271344295227645,-0.18387982893599789,0.5069797466981147,2.1692959205787905,5.0,5.0,7.0,9.0,P18,condition / branch,,True,False,not_selected_under_75_percent_constraints
R021,R021_T007,7,13,0.4428693275859457,-0.1939235936308985,-0.5444574964828898,-0.05330053753158642,6.0,4.0,1.0,3.0,P18,condition / branch,,True,False,not_selected_under_75_percent_constraints
R021,R021_T008,8,5,0.036056398927632675,0.8332757428481953,0.8050672835207525,-0.019585552348366012,3.0,9.0,8.0,4.0,P18,condition / branch,,True,False,not_selected_under_75_percent_constraints
R021,R021_T009,9,8,-0.22868473977730985,0.17329426632436956,-0.13639580217675087,0.2833463453213696,1.0,8.0,3.0,7.0,P18,condition / branch,,True,False,not_selected_under_75_percent_constraints
R022,R022_T001,1,7,-0.3979621377399196,0.05013883695894176,0.5928256864801614,-0.13130187773007282,1.0,1.0,1.0,1.0,P18,condition / branch,,False,False,insufficient_or_undefined
R023,R023_T001,1,3,-0.4469996478193434,-0.3930411026552507,-1.094721678439473,0.14758282211952597,11.0,4.0,3.0,11.0,P19,condition / branch,,True,False,nonpositive_in_at_least_three_panels
R023,R023_T002,2,2,-0.6663119893805064,0.8497971947945759,-1.299951707881114,-0.5638105848126399,6.0,16.0,1.0,2.0,P19,condition / branch,,True,False,nonpositive_in_at_least_three_panels
R023,R023_T003,3,10,-0.3756375561228829,0.2774762000308821,-0.38549549486395157,0.7070217249661375,14.0,11.0,12.0,16.0,P19,condition / branch,,True,False,nonpositive_in_at_least_three_panels
R023,R023_T004,4,15,0.0273926630705872,0.1320219674762482,-0.5942340600050288,-0.08671684993971696,16.0,8.0,8.0,7.0,P19,condition / branch,,True,False,nonpositive_in_at_least_three_panels
R023,R023_T005,5,4,-0.5991459419400392,-0.1284141330901935,0.4681016610199628,0.4070995617010477,8.0,5.0,15.0,14.0,P19,condition / branch,,True,False,nonpositive_in_at_least_three_panels
R023,R023_T006,6,5,-0.45636799421678864,0.4329510127591133,-0.8787983646920386,0.043181420990206644,10.0,13.0,4.0,9.0,P19,condition / branch,,True,False,nonpositive_in_at_least_three_panels
R023,R023_T007,7,4,-1.0006288590475083,0.6899800982755693,-0.8047534401799757,-0.1824008870509365,3.0,15.0,6.0,6.0,P19,condition / branch,,True,False,nonpositive_in_at_least_three_panels
R023,R023_T008,8,5,-0.2567655782892247,0.1627289009649216,-0.5745671863104795,0.12962696822289946,15.0,9.0,9.0,10.0,P19,condition / branch,,True,False,nonpositive_in_at_least_three_panels
R023,R023_T009,9,7,-0.4310070191999224,0.43349794596568164,-1.2435767869752439,-0.3857246728467855,12.0,14.0,2.0,5.0,P19,condition / branch,,True,False,nonpositive_in_at_least_three_panels
R023,R023_T010,10,1,-0.3946491917637567,0.09807557075489172,-0.6832237247122069,0.012280184453895374,13.0,7.0,7.0,8.0,P19,condition / branch,,True,False,nonpositive_in_at_least_three_panels
R023,R023_T011,11,2,-0.5007001328497203,-1.1301633334506023,-0.447221960613759,0.31964485038906815,9.0,2.0,11.0,13.0,P19,condition / branch,,True,False,nonpositive_in_at_least_three_panels
R023,R023_T012,12,1,-0.8598368755024088,-1.8923919590361509,0.29645613848226027,-0.6812422958237118,5.0,1.0,14.0,1.0,P19,condition / branch,,True,False,nonpositive_in_at_least_three_panels
R023,R023_T013,13,3,-0.6361625624536514,0.3631625610346214,0.2621449984907323,0.3109516753690833,7.0,12.0,13.0,12.0,P19,condition / branch,,True,False,nonpositive_in_at_least_three_panels
R023,R023_T014,14,2,-0.8915113765876188,0.262298169931115,1.2879118123557267,0.530286980460136,4.0,10.0,16.0,15.0,P19,condition / branch,,True,False,nonpositive_in_at_least_three_panels
R023,R023_T015,15,1,-1.02401107531367,0.09794561566329692,-0.561645293067699,-0.4902894058044061,2.0,6.0,10.0,4.0,P19,condition / branch,,True,False,nonpositive_in_at_least_three_panels
R023,R023_T016,16,1,-1.0392048251596202,-0.6872509165635644,-0.8547360575995514,-0.5494908620730308,1.0,3.0,5.0,3.0,P19,condition / branch,,True,False,nonpositive_in_at_least_three_panels
R024,R024_T001,1,12,-0.3486673243906606,0.12087350619432015,0.14211941029452577,0.7568371066209338,3.0,4.0,3.0,5.0,P20,condition / branch,,True,False,not_selected_under_75_percent_constraints
R024,R024_T002,2,5,-1.042612867491208,0.8911918863704184,-0.726716774325389,-0.7406755835206335,1.0,6.0,1.0,1.0,P20,condition / branch,,True,False,not_selected_under_75_percent_constraints
R024,R024_T003,3,10,-0.5163048223437406,0.39239669106386516,1.1071166514005162,0.8129182973699353,2.0,5.0,5.0,6.0,P20,condition / branch,,True,False,not_selected_under_75_percent_constraints
R024,R024_T004,4,19,0.5050816281171051,0.05583781450175635,-0.22832891287045873,0.02039165728048503,5.0,2.0,2.0,2.0,P20,condition / branch,,True,False,not_selected_under_75_percent_constraints
R024,R024_T005,5,13,-0.27115239991085316,0.105023662204457,1.2899114835089114,0.5333250271463843,4.0,3.0,6.0,3.0,P20,condition / branch,,True,False,not_selected_under_75_percent_constraints
R024,R024_T006,6,21,0.5549705152980072,-0.09171745868664194,0.18841820192103106,0.7563210776324886,6.0,1.0,4.0,4.0,P20,condition / branch,,True,False,not_selected_under_75_percent_constraints
R025,R025_T001,1,5,-0.5901856336332187,0.6452364047587522,0.22308221837204453,0.5566720157771836,1.0,2.0,2.0,2.0,P20,condition / branch,,False,False,insufficient_or_undefined
R025,R025_T002,2,12,0.5928804385138152,-0.3847584432018079,-0.1353107059849021,0.1836871663627737,2.0,1.0,1.0,1.0,P20,condition / branch,,False,False,insufficient_or_undefined
R026,R026_T001,1,3,-0.6248659169344472,0.8955212424279715,-0.8642838594466085,0.16088928834976823,5.0,8.0,4.0,7.0,P24,condition / branch,,True,False,not_selected_under_75_percent_constraints
R026,R026_T002,2,1,-1.119000474939666,0.17974255915231005,-1.0842748691668846,-0.7502254465500595,1.0,4.0,1.0,1.0,P24,condition / branch,,True,False,not_selected_under_75_percent_constraints
R026,R026_T003,3,2,-0.6891857314021697,0.5564041906825746,-0.4316865273806663,-0.667621151378329,4.0,6.0,6.0,2.0,P24,condition / branch,,True,False,not_selected_under_75_percent_constraints
R026,R026_T004,4,19,0.40433779099040973,-0.3700048323172563,-0.048100386897706036,0.6927339192830008,8.0,2.0,7.0,8.0,P24,condition / branch,,True,False,not_selected_under_75_percent_constraints
R026,R026_T005,5,11,-0.2825951581191907,0.4072086564226746,-0.6485294751074403,-0.029213694259194168,7.0,5.0,5.0,5.0,P24,condition / branch,,True,False,not_selected_under_75_percent_constraints
R026,R026_T006,6,4,-0.4934280454913247,-0.4532566318625293,1.0720071002469327,0.07535730932849151,6.0,1.0,8.0,6.0,P24,condition / branch,,True,False,not_selected_under_75_percent_constraints
R026,R026_T007,7,4,-0.7753135884444359,-0.051670297546571764,-0.8790603215736447,-0.4880739517079244,3.0,3.0,3.0,3.0,P24,condition / branch,,True,False,not_selected_under_75_percent_constraints
R026,R026_T008,8,3,-1.0390947037996716,0.8887182380644786,-0.8993440185215092,-0.10528900424179344,2.0,7.0,2.0,4.0,P24,condition / branch,,True,False,not_selected_under_75_percent_constraints
R027,R027_T001,1,1,-0.8917485539101739,-0.18468478484738435,-0.3647794991494236,0.19002913666229307,3.0,4.0,4.0,6.0,P25,condition / branch,Calls / returns,True,True,
R027,R027_T002,2,1,-0.8057666649871414,-0.9459187018722843,-0.38995715160291594,-1.0383480044255051,4.0,1.0,3.0,1.0,P25,condition / branch,Calls / returns,True,True,
R027,R027_T003,3,4,-0.6938891498155133,-0.9254318328754565,-0.20233278149419118,0.06302443627114208,5.0,2.0,5.0,4.0,P25,condition / branch,Calls / returns,True,True,
R027,R027_T004,4,10,-0.17731827145562104,-0.4176679762437888,0.008509842189856398,0.1592680888120228,6.0,3.0,6.0,5.0,P25,condition / branch,Calls / returns,True,True,
R027,R027_T005,5,2,-0.9143976240694173,0.5218861987263048,-0.7242296042655613,-0.04548303040595706,1.0,6.0,2.0,2.0,P25,condition / branch,Calls / returns,True,True,
R027,R027_T006,6,3,-0.8979660861823807,-0.182336361578631,-0.9609415356471492,0.03878691205740629,2.0,5.0,1.0,3.0,P25,condition / branch,Calls / returns,True,True,
R028,R028_T001,1,4,-0.5005368948707751,0.2404635096874201,-0.6171180268009885,0.1486625407811882,4.0,5.0,3.0,5.0,P25,condition / branch,,True,False,nonpositive_in_at_least_three_panels
R028,R028_T002,2,4,-0.6932162524878978,1.144604771535434,-0.8971058105830881,-0.8855510222497346,3.0,7.0,1.0,2.0,P25,condition / branch,,True,False,nonpositive_in_at_least_three_panels
R028,R028_T003,3,11,0.5332168067549913,-0.1957566946452668,0.5085417884038986,0.287505389358997,7.0,2.0,7.0,6.0,P25,condition / branch,,True,False,nonpositive_in_at_least_three_panels
R028,R028_T004,4,7,-0.2705803426871745,0.18320074911334455,-0.2184102418318515,-0.4626096743623191,5.0,4.0,4.0,3.0,P25,condition / branch,,True,False,nonpositive_in_at_least_three_panels
R028,R028_T005,5,6,-0.2548451527828978,-0.11148388138846012,-0.12275351826346713,-0.939222458392121,6.0,3.0,5.0,1.0,P25,condition / branch,,True,False,nonpositive_in_at_least_three_panels
R028,R028_T006,6,3,-1.0096655429649275,0.4245502117924751,0.37579928922032807,0.5712448297735588,1.0,6.0,6.0,7.0,P25,condition / branch,,True,False,nonpositive_in_at_least_three_panels
R028,R028_T007,7,2,-0.7635027346003916,-1.2277751297157384,-0.797510243646978,-0.2777521220469786,2.0,1.0,2.0,4.0,P25,condition / branch,,True,False,nonpositive_in_at_least_three_panels
R029,R029_T001,1,6,-0.23180018667898442,-0.3480677820000097,0.6579589344922427,0.8877268608518958,3.0,2.0,4.0,6.0,P27,condition / branch,Calls / returns,True,True,
R029,R029_T002,2,8,-0.7452882969628557,0.3676689226942386,-0.7139068954211677,-0.3096990103994591,1.0,5.0,1.0,1.0,P27,condition / branch,Calls / returns,True,True,
R029,R029_T003,3,8,-0.6646226292047565,-0.3746073283228975,-0.415150349299473,0.30027926335191524,2.0,1.0,2.0,3.0,P27,condition / branch,Calls / returns,True,True,
R029,R029_T004,4,25,2.397526046197933,-0.009026449585014886,1.0410471890583073,0.03552577058834081,6.0,4.0,5.0,2.0,P27,condition / branch,Calls / returns,True,True,
R029,R029_T005,5,10,0.21212695414236668,-0.2784824082375829,-0.243255553482479,0.5313979748316714,4.0,3.0,3.0,5.0,P27,condition / branch,Calls / returns,True,True,
R029,R029_T006,6,12,1.1480427791224035,0.4298752126569552,1.7755312233577307,0.3419628515605617,5.0,6.0,6.0,4.0,P27,condition / branch,Calls / returns,True,True,
R030,R030_T001,1,1,-0.7814661009387072,0.39650760268176755,-0.7210174546624192,-0.974455216509941,2.0,2.0,2.0,1.0,P29,condition / branch,,False,False,insufficient_or_undefined
R030,R030_T002,2,6,-0.5899281358839591,-0.90946732777231,0.7931349128081632,0.5539432432140531,3.0,1.0,3.0,3.0,P29,condition / branch,,False,False,insufficient_or_undefined
R030,R030_T003,3,2,-1.0558194758146444,1.1601172612355484,-0.9933515602039179,0.08366474194922609,1.0,3.0,1.0,2.0,P29,condition / branch,,False,False,insufficient_or_undefined
R031,R031_T001,1,4,-0.6720812556942404,0.20016761686669693,-0.6824823449113461,-0.3429564926793803,6.0,12.0,3.0,5.0,P32,condition / branch,Control flow,True,True,
R031,R031_T002,2,4,-0.8851911937731775,0.09428358014216665,-0.20124072008495827,-0.09155866750045931,3.0,9.0,10.0,9.0,P32,condition / branch,Control flow,True,True,
R031,R031_T003,3,14,-0.20244538496261535,-0.20221234665730778,-0.28041445410463417,-0.6810305291051213,13.0,3.0,8.0,1.0,P32,condition / branch,Control flow,True,True,
R031,R031_T004,4,14,0.5307421142476758,0.08269746008806104,-0.3759676741772228,0.6604111892800701,14.0,8.0,6.0,13.0,P32,condition / branch,Control flow,True,True,
R031,R031_T005,5,9,-0.24461793513857907,0.22762562774179212,-0.10329885055215998,1.3258668430600247,12.0,13.0,11.0,14.0,P32,condition / branch,Control flow,True,True,
R031,R031_T006,6,3,-0.7368082395861534,-0.07370857564778532,-0.26298206446759065,-0.19319004101253565,5.0,5.0,9.0,7.0,P32,condition / branch,Control flow,True,True,
R031,R031_T007,7,9,-0.6127771308209561,-0.09662209667362956,-0.08340129719947131,-0.002376267593459158,7.0,4.0,12.0,11.0,P32,condition / branch,Control flow,True,True,
R031,R031_T008,8,3,-0.5564431366478059,-1.0067420846285076,0.22059171336285535,0.3641531134587739,8.0,1.0,14.0,12.0,P32,condition / branch,Control flow,True,True,
R031,R031_T009,9,6,-0.39112276788287653,0.33037466934720777,-0.5713343414171783,-0.08825911488266396,10.0,14.0,4.0,10.0,P32,condition / branch,Control flow,True,True,
R031,R031_T010,10,3,-0.9862874126531139,0.19331611192788226,-0.5477897763611498,-0.5186811227643462,1.0,11.0,5.0,4.0,P32,condition / branch,Control flow,True,True,
R031,R031_T011,11,8,-0.3058435804384168,0.09505523693277698,-0.8123642574140444,-0.6269703363828447,11.0,10.0,2.0,2.0,P32,condition / branch,Control flow,True,True,
R031,R031_T012,12,5,-0.4257147452184647,0.03397475292365191,-0.30874286223543485,-0.5825955490005228,9.0,6.0,7.0,3.0,P32,condition / branch,Control flow,True,True,
R031,R031_T013,13,1,-0.8166073460901887,-0.8519025844539242,0.011940481108233175,-0.2811961006899756,4.0,2.0,13.0,6.0,P32,condition / branch,Control flow,True,True,
R031,R031_T014,14,1,-0.9051452018778726,0.06160910469340896,-1.001420669174748,-0.15693771155110436,2.0,7.0,1.0,8.0,P32,condition / branch,Control flow,True,True,
R032,R032_T001,1,7,-0.7895154285229448,-0.4726638642744647,0.2042434355368288,0.3856015988429053,1.0,3.0,5.0,6.0,P01,base case / return,,True,False,nonpositive_in_at_least_three_panels
R032,R032_T002,2,10,0.1933982582450273,-0.5591213641162283,-0.8578895180007539,-0.337018414917253,3.0,2.0,1.0,1.0,P01,base case / return,,True,False,nonpositive_in_at_least_three_panels
R032,R032_T003,3,11,0.05829414591140672,-0.6007190678506193,1.131446562966216,0.378395169136518,2.0,1.0,6.0,5.0,P01,base case / return,,True,False,nonpositive_in_at_least_three_panels
R032,R032_T004,4,20,1.1499331799975072,0.1262286119985222,-0.21341567594989408,-0.013861870360064588,6.0,6.0,4.0,2.0,P01,base case / return,,True,False,nonpositive_in_at_least_three_panels
R032,R032_T005,5,17,0.6296582399180587,-0.03136570647455301,1.1788922734486889,0.43087934673711853,4.0,5.0,7.0,7.0,P01,base case / return,,True,False,nonpositive_in_at_least_three_panels
R032,R032_T006,6,17,0.6719368289222087,0.7240379103167897,-0.57085600615555,0.014423847751524868,5.0,7.0,3.0,3.0,P01,base case / return,,True,False,nonpositive_in_at_least_three_panels
R032,R032_T007,7,20,2.577380246376254,-0.08243690614692108,-0.58162431535827,0.1598553068777626,7.0,4.0,2.0,4.0,P01,base case / return,,True,False,nonpositive_in_at_least_three_panels
R033,R033_T001,1,25,2.917840772597266,0.04913006910743878,-0.48383844559741873,0.5298931327889601,4.0,2.0,1.0,4.0,P01,base case / return,,False,False,insufficient_or_undefined
R033,R033_T002,2,20,2.105295123620044,0.08898490919853588,0.12558206237243796,0.3486255005297135,3.0,3.0,3.0,3.0,P01,base case / return,,False,False,insufficient_or_undefined
R033,R033_T003,3,17,1.0681656005464473,-0.0508085635336671,0.004986384347971921,-0.003383817594574186,1.0,1.0,2.0,2.0,P01,base case / return,,False,False,insufficient_or_undefined
R033,R033_T004,4,17,1.122972871177896,0.5244346240701426,1.6639827780536862,-0.1449737243865429,2.0,4.0,4.0,1.0,P01,base case / return,,False,False,insufficient_or_undefined
R034,R034_T001,1,3,-0.4845725358565234,-0.15503026707690257,-1.3635832501226002,-0.042722414840009354,1.0,1.0,1.0,6.0,P01,base case / return,,True,False,not_selected_under_75_percent_constraints
R034,R034_T002,2,15,0.9142868111857826,-0.1364410322168935,1.201762384847424,0.9002795967003671,6.0,3.0,7.0,9.0,P01,base case / return,,True,False,not_selected_under_75_percent_constraints
R034,R034_T003,3,16,0.8466982850186732,0.018220576335805896,-0.13002025149655952,0.12177896837052316,5.0,5.0,4.0,7.0,P01,base case / return,,True,False,not_selected_under_75_percent_constraints
R034,R034_T004,4,17,-0.08008647656279383,-0.018179713960404457,1.0000226664753908,-0.09909450457344567,2.0,4.0,6.0,5.0,P01,base case / return,,True,False,not_selected_under_75_percent_constraints
R034,R034_T005,5,14,1.660291205690159,0.13005884116470948,2.0043484237937297,0.2313295566326169,8.0,7.0,9.0,8.0,P01,base case / return,,True,False,not_selected_under_75_percent_constraints
R034,R034_T006,6,18,3.0571856214777235,0.21834914961001975,-0.5744594773541621,-0.6414957068108261,9.0,8.0,2.0,1.0,P01,base case / return,,True,False,not_selected_under_75_percent_constraints
R034,R034_T007,7,11,0.7374281820954467,0.3334418282960918,1.4691393478641768,-0.15621628341090876,4.0,9.0,8.0,3.0,P01,base case / return,,True,False,not_selected_under_75_percent_constraints
R034,R034_T008,8,12,0.24775529620461847,-0.1450166441884971,-0.4560905613418842,-0.6329589235289897,3.0,2.0,3.0,2.0,P01,base case / return,,True,False,not_selected_under_75_percent_constraints
R034,R034_T009,9,14,0.9953916776061721,0.05866481362588779,0.17503426673337075,-0.10716579584413287,7.0,6.0,5.0,4.0,P01,base case / return,,True,False,not_selected_under_75_percent_constraints
R035,R035_T001,1,19,0.8109809332155972,0.14531410588527477,0.5154344465797629,0.7798688304190483,4.0,2.0,3.0,4.0,P03,base case / return,,False,False,insufficient_or_undefined
R035,R035_T002,2,6,-0.48753038274021393,0.45195323285462724,-0.22748978809727982,0.33642777943433894,2.0,3.0,1.0,2.0,P03,base case / return,,False,False,insufficient_or_undefined
R035,R035_T003,3,6,-0.5104230146290719,0.09884049257951834,0.019707186324778008,0.3930257687070384,1.0,1.0,2.0,3.0,P03,base case / return,,False,False,insufficient_or_undefined
R035,R035_T004,4,6,-0.4597700151531825,0.6545719229620941,1.1022888510595037,0.18025570260453372,3.0,4.0,4.0,1.0,P03,base case / return,,False,False,insufficient_or_undefined
R036,R036_T001,1,14,0.716991480066997,0.07503876232401525,-0.6492096809147618,0.07543853940153074,2.0,2.0,2.0,2.0,P03,base case / return,,False,False,insufficient_or_undefined
R036,R036_T002,2,20,0.7453032936295058,-0.11555759673327007,-0.360971303320307,-0.15333050489993896,3.0,1.0,3.0,1.0,P03,base case / return,,False,False,insufficient_or_undefined
R036,R036_T003,3,9,-0.5127509781582819,0.19819809763915833,-1.1773193383899982,0.17101553340831224,1.0,3.0,1.0,3.0,P03,base case / return,,False,False,insufficient_or_undefined
R037,R037_T001,1,9,-0.36526298715387884,-0.43895064022679875,0.6714667507495403,0.22839756957568913,2.0,1.0,5.0,3.0,P05,base case / return,,True,False,not_selected_under_75_percent_constraints
R037,R037_T002,2,6,-0.4848171515796665,0.007319325210699584,-0.32802072962139334,-0.7028642843688845,1.0,5.0,2.0,1.0,P05,base case / return,,True,False,not_selected_under_75_percent_constraints
R037,R037_T003,3,29,2.631304467008914,-0.14152812832498923,1.5180150879989505,0.7206205484614735,7.0,3.0,7.0,7.0,P05,base case / return,,True,False,not_selected_under_75_percent_constraints
R037,R037_T004,4,17,-0.0638996888330403,0.3366065479398439,-0.03242498811804978,0.2744944089758767,5.0,7.0,4.0,5.0,P05,base case / return,,True,False,not_selected_under_75_percent_constraints
R037,R037_T005,5,17,-0.14679110098732884,-0.20548698285633094,1.2744895549171629,0.3133614481879481,4.0,2.0,6.0,6.0,P05,base case / return,,True,False,not_selected_under_75_percent_constraints
R037,R037_T006,6,14,-0.3367901517911032,0.24603225032207932,-0.25283853718792676,0.22192364212613871,3.0,6.0,3.0,2.0,P05,base case / return,,True,False,not_selected_under_75_percent_constraints
R037,R037_T007,7,16,0.32264425711470174,-0.020784321526786248,-0.7937808161063687,0.2671307236063242,6.0,4.0,1.0,4.0,P05,base case / return,,True,False,not_selected_under_75_percent_constraints
R038,R038_T001,1,22,1.0112604235879588,0.07716560402302713,-0.535458462497075,0.11113502480739494,2.0,2.0,1.0,3.0,P05,base case / return,,False,False,insufficient_or_undefined
R038,R038_T002,2,13,-0.04582381455198029,0.23489571502912657,0.37966055547129657,-0.14792937861847053,1.0,3.0,2.0,1.0,P05,base case / return,,False,False,insufficient_or_undefined
R038,R038_T003,3,20,1.4608704023017547,0.02295770599832696,3.504280228139598,0.013044705937148923,3.0,1.0,3.0,2.0,P05,base case / return,,False,False,insufficient_or_undefined
R039,R039_T001,1,3,-0.8298592601972125,-0.04548325624747925,-0.3278329041435063,0.10795413085691356,2.0,6.0,7.0,8.0,P05,base case / return,,True,False,not_selected_under_75_percent_constraints
R039,R039_T002,2,12,0.15645580192340897,-0.5029208207448203,1.283144259977109,0.018623238454143733,9.0,1.0,12.0,6.0,P05,base case / return,,True,False,not_selected_under_75_percent_constraints
R039,R039_T003,3,16,0.35981288771895414,-0.3053310676776333,0.021049579773917377,0.6507300031705547,10.0,2.0,8.0,11.0,P05,base case / return,,True,False,not_selected_under_75_percent_constraints
R039,R039_T004,4,12,-0.4299894614496427,0.022527061063786078,-0.6571859134049888,-0.45397567693216906,6.0,8.0,4.0,1.0,P05,base case / return,,True,False,not_selected_under_75_percent_constraints
R039,R039_T005,5,20,0.6266709199582293,0.1456164225234529,-0.35331559613321767,0.7514783169377571,11.0,9.0,6.0,13.0,P05,base case / return,,True,False,not_selected_under_75_percent_constraints
R039,R039_T006,6,24,1.8803095498153635,0.2817659317610494,-0.39499705291276427,-0.05459711675896961,13.0,10.0,5.0,4.0,P05,base case / return,,True,False,not_selected_under_75_percent_constraints
R039,R039_T007,7,19,1.050663427661472,-0.1445790461580332,1.2888606083458936,0.6662419263554425,12.0,4.0,13.0,12.0,P05,base case / return,,True,False,not_selected_under_75_percent_constraints
R039,R039_T008,8,6,-0.9434623289244444,-0.04579148746831015,0.3224261554322259,0.5212151938473168,1.0,5.0,9.0,10.0,P05,base case / return,,True,False,not_selected_under_75_percent_constraints
R039,R039_T009,9,16,-0.10954074782314205,-0.018087566708215534,-0.7877712878842035,0.38375105911796537,7.0,7.0,2.0,9.0,P05,base case / return,,True,False,not_selected_under_75_percent_constraints
R039,R039_T010,10,8,-0.5319889967125745,0.6746931656933164,-0.7500800510658823,-0.020583360679528078,5.0,13.0,3.0,5.0,P05,base case / return,,True,False,not_selected_under_75_percent_constraints
R039,R039_T011,11,7,-0.7641298799475051,0.31369331666821765,0.7847835210578973,0.037867086867937626,3.0,11.0,11.0,7.0,P05,base case / return,,True,False,not_selected_under_75_percent_constraints
R039,R039_T012,12,11,-0.0236254485967545,-0.1997803532424096,0.5401708658715996,-0.285717742982943,8.0,3.0,10.0,2.0,P05,base case / return,,True,False,not_selected_under_75_percent_constraints
R039,R039_T013,13,4,-0.5353526485486616,0.5829022134968176,-0.9840940276778617,-0.059909626033599915,4.0,12.0,1.0,3.0,P05,base case / return,,True,False,not_selected_under_75_percent_constraints
R040,R040_T001,1,14,0.12563396110357614,-0.1261327792083117,-0.32001399731642205,0.49539841645817756,7.0,4.0,4.0,10.0,P05,base case / return,Calls / returns,True,True,
R040,R040_T002,2,12,-0.23491812142557245,0.0736397862414942,0.05169064643566157,0.3697541252151631,4.0,7.0,6.0,9.0,P05,base case / return,Calls / returns,True,True,
R040,R040_T003,3,10,0.1800245110231775,-0.01365273763752851,0.5434922881795655,-0.3904648531800139,9.0,5.0,8.0,6.0,P05,base case / return,Calls / returns,True,True,
R040,R040_T004,4,7,-0.1893752087908965,0.30123605633832157,0.7195438330767562,-0.2231460160721066,5.0,9.0,10.0,8.0,P05,base case / return,Calls / returns,True,True,
R040,R040_T005,5,7,0.1606508933543396,0.29778473535469213,-0.6714994458539519,-0.8548384766059277,8.0,8.0,1.0,2.0,P05,base case / return,Calls / returns,True,True,
R040,R040_T006,6,10,0.4000297792333263,-0.1351347426429503,0.2546130277596485,-0.5148585249563075,10.0,3.0,7.0,5.0,P05,base case / return,Calls / returns,True,True,
R040,R040_T007,7,2,-0.7970807275984146,0.8817586175325711,0.718623697239973,-0.3452104281978954,1.0,10.0,9.0,7.0,P05,base case / return,Calls / returns,True,True,
R040,R040_T008,8,5,-0.13564770935138334,0.02439385301061613,0.01954223276557676,-0.7209857635886475,6.0,6.0,5.0,3.0,P05,base case / return,Calls / returns,True,True,
R040,R040_T009,9,3,-0.6648269008214694,-0.3949096749402899,-0.4114275364099798,-0.8658440962682503,2.0,1.0,3.0,1.0,P05,base case / return,Calls / returns,True,True,
R040,R040_T010,10,3,-0.3853005269726863,-0.39193084188591554,-0.4470620128120622,-0.7124873892836319,3.0,2.0,2.0,4.0,P05,base case / return,Calls / returns,True,True,
R041,R041_T001,1,11,-0.07022752457279159,0.27599450715204094,-0.9654131653288222,0.2530630852527362,2.0,2.0,1.0,2.0,P06,base case / return,,False,False,insufficient_or_undefined
R041,R041_T002,2,14,0.05747212461670559,-0.08065850789016138,-0.5309514846654372,0.6558305575463956,3.0,1.0,2.0,3.0,P06,base case / return,,False,False,insufficient_or_undefined
R041,R041_T003,3,4,-0.5523805063424678,0.43453775653515714,-0.4148481592092268,-0.08773736155504934,1.0,3.0,3.0,1.0,P06,base case / return,,False,False,insufficient_or_undefined
R042,R042_T001,1,8,0.26387996067367897,-0.2138819473277238,-0.372849603414706,-0.13154774221423612,2.0,1.0,2.0,2.0,P06,base case / return,,False,False,insufficient_or_undefined
R042,R042_T002,2,3,0.06669068421971008,0.4904596341600967,-0.5453625520524464,-0.3242180537950973,1.0,2.0,1.0,1.0,P06,base case / return,,False,False,insufficient_or_undefined
R043,R043_T001,1,7,0.18618524448346074,0.20460893201586997,-0.5842407982944905,-0.054036739447643534,3.0,2.0,1.0,1.0,P07,base case / return,,False,False,insufficient_or_undefined
R043,R043_T002,2,2,-0.23946352430471773,0.34034986045085575,-0.12485788977475741,0.6013873834032085,2.0,3.0,3.0,2.0,P07,base case / return,,False,False,insufficient_or_undefined
R043,R043_T003,3,1,-0.7132709232146072,-0.06097348277989482,-0.526787969771282,1.5054793831752988,1.0,1.0,2.0,3.0,P07,base case / return,,False,False,insufficient_or_undefined
R044,R044_T001,1,8,-0.684840033692487,-0.15958629931050206,-0.3641507107078393,-0.2123588600122276,3.0,4.0,3.0,4.0,P08,base case / return,,True,False,not_selected_under_75_percent_constraints
R044,R044_T002,2,7,-0.17535481808149278,-0.0029210888478817176,-1.2516899878494645,-0.2969919403533273,5.0,6.0,1.0,2.0,P08,base case / return,,True,False,not_selected_under_75_percent_constraints
R044,R044_T003,3,11,-0.44073875308281824,-0.192643730068796,0.8974390667242185,0.7362249744363609,4.0,3.0,10.0,10.0,P08,base case / return,,True,False,not_selected_under_75_percent_constraints
R044,R044_T004,4,14,0.1277291022035841,-0.29527820797680715,-0.10475141618269966,-0.11993605827094833,7.0,2.0,4.0,5.0,P08,base case / return,,True,False,not_selected_under_75_percent_constraints
R044,R044_T005,5,12,0.20454361399985707,0.09013630060512473,0.24410818484018215,0.3368753351114051,8.0,7.0,6.0,9.0,P08,base case / return,,True,False,not_selected_under_75_percent_constraints
R044,R044_T006,6,8,0.0677676798308539,0.1937325734073333,0.4244777119840837,-0.30943136705751223,6.0,8.0,8.0,1.0,P08,base case / return,,True,False,not_selected_under_75_percent_constraints
R044,R044_T007,7,15,0.6690907040260782,-0.3545082663898191,0.07935733459532139,-0.24164659112937162,10.0,1.0,5.0,3.0,P08,base case / return,,True,False,not_selected_under_75_percent_constraints
R044,R044_T008,8,13,0.37405728621900763,-0.042917257928766626,0.7952976692250662,0.0043890204711805785,9.0,5.0,9.0,8.0,P08,base case / return,,True,False,not_selected_under_75_percent_constraints
R044,R044_T009,9,3,-0.8134361956659081,0.6431556508399227,0.42315519055379536,-0.060860425227097004,1.0,10.0,7.0,7.0,P08,base case / return,,True,False,not_selected_under_75_percent_constraints
R044,R044_T010,10,2,-0.7795570217456212,0.5253434610632984,-1.1064513680471373,-0.09211518383686342,2.0,9.0,2.0,6.0,P08,base case / return,,True,False,not_selected_under_75_percent_constraints
R045,R045_T001,1,6,-0.589635028507812,-0.05423412628900167,-0.08582734998114783,-0.24277247089917453,3.0,3.0,4.0,3.0,P08,base case / return,Calls / returns,True,True,
R045,R045_T002,2,5,-0.5533181424496326,-0.013749003569030504,-0.8851447627108273,-0.6675530144179107,5.0,5.0,1.0,1.0,P08,base case / return,Calls / returns,True,True,
R045,R045_T003,3,4,-0.5883167887807613,-0.03610941285730165,0.8017307474508027,0.6475601499194922,4.0,4.0,8.0,9.0,P08,base case / return,Calls / returns,True,True,
R045,R045_T004,4,12,0.3388149968913063,-0.4621657463560493,-0.5211310157731531,-0.2666853542550455,8.0,2.0,2.0,2.0,P08,base case / return,Calls / returns,True,True,
R045,R045_T005,5,9,0.7560628353547013,0.1532454166648316,-0.38394852837366183,-0.04482138992576021,9.0,8.0,3.0,6.0,P08,base case / return,Calls / returns,True,True,
R045,R045_T006,6,4,-0.46695361783609735,0.018353115721118363,0.28549505977766176,0.048957689624545074,6.0,6.0,6.0,7.0,P08,base case / return,Calls / returns,True,True,
R045,R045_T007,7,3,-0.8484240832882711,0.0297915823411898,-0.0540255409179754,-0.2184628655721815,1.0,7.0,5.0,4.0,P08,base case / return,Calls / returns,True,True,
R045,R045_T008,8,1,-0.24972144431799959,-1.1059276790787846,0.4306387747855723,-0.2160795020052724,7.0,1.0,7.0,5.0,P08,base case / return,Calls / returns,True,True,
R045,R045_T009,9,2,-0.758057737491626,1.7060668698640753,1.3258574092488868,0.18013078242082659,2.0,9.0,9.0,8.0,P08,base case / return,Calls / returns,True,True,
R046,R046_T001,1,8,-0.3472023929502955,0.35616847261264084,-0.9619826374437978,-0.6251051306022605,2.0,3.0,1.0,1.0,P08,base case / return,,False,False,insufficient_or_undefined
R046,R046_T002,2,6,-0.1520336095450668,-0.1295014193082054,-0.059146552384778096,-0.532603155291952,3.0,1.0,3.0,2.0,P08,base case / return,,False,False,insufficient_or_undefined
R046,R046_T003,3,1,-0.5158272643003429,0.2718712947670347,-0.1801676360481915,-0.4879877158433819,1.0,2.0,2.0,3.0,P08,base case / return,,False,False,insufficient_or_undefined
R047,R047_T001,1,3,-0.5683817756598044,1.146428200165892,-0.35400256573657307,-0.08873410740600039,4.0,12.0,3.0,5.0,P09,base case / return,Control flow,True,True,
R047,R047_T002,2,5,-0.22132894499945951,0.7389128428780589,-0.31620002429774124,-0.6857602967517039,7.0,11.0,4.0,1.0,P09,base case / return,Control flow,True,True,
R047,R047_T003,3,12,-0.17442598477993476,-0.007456089855125192,0.1766845864925488,0.24449162625482423,8.0,3.0,8.0,10.0,P09,base case / return,Control flow,True,True,
R047,R047_T004,4,12,0.011270493157260206,0.04182153148645962,-0.12194855568881634,0.2804597362423709,11.0,4.0,5.0,12.0,P09,base case / return,Control flow,True,True,
R047,R047_T005,5,9,-0.13526950289025974,0.37525071971689683,-0.39311762878383966,-0.22880292259507087,9.0,9.0,2.0,4.0,P09,base case / return,Control flow,True,True,
R047,R047_T006,6,7,-0.6952650306024909,0.5216398377360102,1.2961011973578567,0.20326618858880674,1.0,10.0,13.0,8.0,P09,base case / return,Control flow,True,True,
R047,R047_T007,7,12,-0.5397752432797961,0.08823294181458141,-0.005665291388570484,0.09146396433957055,5.0,6.0,7.0,7.0,P09,base case / return,Control flow,True,True,
R047,R047_T008,8,11,-0.09364941160114428,-0.07477594463889377,0.20714298373649412,0.4162110110053709,10.0,2.0,9.0,13.0,P09,base case / return,Control flow,True,True,
R047,R047_T009,9,9,-0.3583784208090179,0.23977735005173073,0.49442091894484497,-0.058538677995729364,6.0,8.0,11.0,6.0,P09,base case / return,Control flow,True,True,
R047,R047_T010,10,11,0.08740643680923088,0.21285600030372703,-0.04862549199823524,-0.33438497655644833,12.0,7.0,6.0,3.0,P09,base case / return,Control flow,True,True,
R047,R047_T011,11,6,-0.6081827541871508,0.08726239633865392,0.6212435128208011,-0.39617883364337453,2.0,5.0,12.0,2.0,P09,base case / return,Control flow,True,True,
R047,R047_T012,12,1,-0.5762646838776662,1.3358753101188603,0.46298838293575356,0.25633290052821134,3.0,13.0,10.0,11.0,P09,base case / return,Control flow,True,True,
R047,R047_T013,13,2,0.2830056110771806,-0.08712788536005314,-0.5297357524335201,0.23476616336651981,13.0,1.0,1.0,9.0,P09,base case / return,Control flow,True,True,
R048,R048_T001,1,8,-0.26840095612366194,0.05623254122406606,-0.9039557117295606,0.5410131428408543,8.0,5.0,1.0,8.0,P10,base case / return,Calls / returns,True,True,
R048,R048_T002,2,10,0.06769347226596364,0.07843111207433325,-0.45698497918544234,0.593447935270175,9.0,7.0,2.0,9.0,P10,base case / return,Calls / returns,True,True,
R048,R048_T003,3,5,-0.4210395292372664,0.5530871628839262,0.21687843384123187,-0.24142339307215002,7.0,8.0,7.0,7.0,P10,base case / return,Calls / returns,True,True,
R048,R048_T004,4,3,-0.8593635569494441,-0.8941562525624551,0.11708759694121512,-0.3301311086198388,1.0,1.0,6.0,6.0,P10,base case / return,Calls / returns,True,True,
R048,R048_T005,5,4,-0.5964742781070119,0.06154126633317919,0.0009018579758108455,-0.7562367401847959,4.0,6.0,4.0,1.0,P10,base case / return,Calls / returns,True,True,
R048,R048_T006,6,4,-0.5262120204550135,-0.445984574119166,0.1140243867063759,-0.5524847530505758,6.0,3.0,5.0,4.0,P10,base case / return,Calls / returns,True,True,
R048,R048_T007,7,1,-0.7890707013433934,-0.1332426990380589,0.4815950423341387,-0.7072411215495231,3.0,4.0,8.0,2.0,P10,base case / return,Calls / returns,True,True,
R048,R048_T008,8,1,-0.5638439463693814,0.6830340603329199,0.6411811639877087,-0.6725599310103497,5.0,9.0,9.0,3.0,P10,base case / return,Calls / returns,True,True,
R048,R048_T009,9,1,-0.8044946416136575,-0.5451404645386653,-0.24015558146181848,-0.5212165662611149,2.0,2.0,3.0,5.0,P10,base case / return,Calls / returns,True,True,
R049,R049_T001,1,7,-0.1483042134066755,0.5191630265026413,-0.7772276930903178,0.26877742628871387,2.0,2.0,1.0,2.0,P11,base case / return,,False,False,insufficient_or_undefined
R049,R049_T002,2,1,-0.20925770098028715,0.40082415792876136,-0.003885511037440448,-0.9917086985374777,1.0,1.0,2.0,1.0,P11,base case / return,,False,False,insufficient_or_undefined
R050,R050_T001,1,3,-0.6657614646279321,-0.2844784692881483,-1.1551824197541014,-0.0010215281947172916,3.0,2.0,1.0,7.0,P12,base case / return,Control flow,True,True,
R050,R050_T002,2,3,-0.5775541326406145,-0.0012845915420532743,4.06873153791856,-0.0875602990515398,5.0,6.0,11.0,5.0,P12,base case / return,Control flow,True,True,
R050,R050_T003,3,6,-0.736385617831559,0.4242864970319953,0.5250060111586529,-0.20176061955879607,2.0,11.0,6.0,4.0,P12,base case / return,Control flow,True,True,
R050,R050_T004,4,14,-0.05717548204051611,0.3428564077829086,0.15812794891507279,-0.0206088368783142,10.0,10.0,5.0,6.0,P12,base case / return,Control flow,True,True,
R050,R050_T005,5,10,-0.6039272168508586,-0.173028448807454,-0.5198965107469898,0.43218984127737947,4.0,3.0,2.0,10.0,P12,base case / return,Control flow,True,True,
R050,R050_T006,6,13,0.10011703918122355,-0.1445340714652956,0.15185350009658527,0.08928833972574281,11.0,4.0,4.0,8.0,P12,base case / return,Control flow,True,True,
R050,R050_T007,7,10,-0.449115035258766,0.04807249771199915,-0.394500872275288,-0.48516069026179726,7.0,7.0,3.0,3.0,P12,base case / return,Control flow,True,True,
R050,R050_T008,8,1,-0.9969326342883615,-0.5885248983481555,0.9414946792124987,-0.7203953946758267,1.0,1.0,9.0,1.0,P12,base case / return,Control flow,True,True,
R050,R050_T009,9,9,-0.2541551804668805,0.2605786037351541,0.6069185741679446,-0.5333126914675345,9.0,9.0,7.0,2.0,P12,base case / return,Control flow,True,True,
R050,R050_T010,10,4,-0.5525613046316745,-0.05293253205439229,0.8132593388265285,0.7357955645699475,6.0,5.0,8.0,11.0,P12,base case / return,Control flow,True,True,
R050,R050_T011,11,4,-0.4342612469546805,0.13652602901107408,1.126854472554809,0.1690864340908572,8.0,8.0,10.0,9.0,P12,base case / return,Control flow,True,True,
R051,R051_T001,1,14,-0.17283027336949042,-0.07858963582511791,-0.4492778155243465,-0.11949918169175122,3.0,2.0,2.0,3.0,P12,base case / return,,False,False,insufficient_or_undefined
R051,R051_T002,2,4,-0.7245718731356097,0.12101817589681207,0.07135261486019696,-0.18442250439606492,1.0,3.0,3.0,1.0,P12,base case / return,,False,False,insufficient_or_undefined
R051,R051_T003,3,5,-0.5465297138929116,-0.18152066814435092,-1.0127541232152475,-0.17652054240077306,2.0,1.0,1.0,2.0,P12,base case / return,,False,False,insufficient_or_undefined
R052,R052_T001,1,2,-0.8374771246859267,-0.358272847309442,0.023383896406090288,-0.17584872483633565,2.0,3.0,4.0,5.0,P12,base case / return,Control flow,True,True,
R052,R052_T002,2,4,-0.8056499429990912,-0.4463679199534366,-1.0192959811688442,-0.47044495617235543,3.0,2.0,1.0,2.0,P12,base case / return,Control flow,True,True,
R052,R052_T003,3,6,-0.6954055217540077,-0.3239027407358476,0.02485093477461039,-0.7030032315959822,5.0,4.0,5.0,1.0,P12,base case / return,Control flow,True,True,
R052,R052_T004,4,15,0.024131829071969573,0.33452834851896796,0.5047737562553625,-0.15906571863729999,8.0,8.0,7.0,6.0,P12,base case / return,Control flow,True,True,
R052,R052_T005,5,13,-0.41844732378051686,0.2767292567056421,-0.4293298310243223,-0.14644691820965508,7.0,7.0,3.0,7.0,P12,base case / return,Control flow,True,True,
R052,R052_T006,6,14,-0.45735611603667053,-0.19762053531437399,0.8740605598443109,-0.3114237155965994,6.0,5.0,8.0,4.0,P12,base case / return,Control flow,True,True,
R052,R052_T007,7,3,-0.9361526074650474,-0.6102092720525251,0.3014209596307413,-0.3311930834962519,1.0,1.0,6.0,3.0,P12,base case / return,Control flow,True,True,
R052,R052_T008,8,4,-0.6967270016737809,0.12233673848247226,-0.8591544556367054,0.1767308273763444,4.0,6.0,2.0,8.0,P12,base case / return,Control flow,True,True,
R053,R053_T001,1,10,-0.0115226759617594,0.14497210243818173,0.1095440373037365,0.17080498862177085,6.0,5.0,5.0,6.0,P12,base case / return,,True,False,not_selected_under_75_percent_constraints
R053,R053_T002,2,4,-0.7180293319357672,-0.4105419281490636,1.0718239678881925,0.6373950365097265,2.0,2.0,7.0,7.0,P12,base case / return,,True,False,not_selected_under_75_percent_constraints
R053,R053_T003,3,8,-0.5972726878647218,0.5394872373163921,-0.08252565212295859,-0.4220244958826296,4.0,6.0,1.0,4.0,P12,base case / return,,True,False,not_selected_under_75_percent_constraints
R053,R053_T004,4,12,0.35774601654247545,-0.12036578311512368,0.43492425375174887,-0.34209934822297483,7.0,3.0,6.0,5.0,P12,base case / return,,True,False,not_selected_under_75_percent_constraints
R053,R053_T005,5,1,-0.6851435316496032,-0.06351171741620651,0.0653248735269041,-0.7014721906142342,3.0,4.0,3.0,3.0,P12,base case / return,,True,False,not_selected_under_75_percent_constraints
R053,R053_T006,6,1,-0.25115402365156936,0.6214886330977213,-0.07710892427539373,-0.779802563451959,5.0,7.0,2.0,1.0,P12,base case / return,,True,False,not_selected_under_75_percent_constraints
R053,R053_T007,7,2,-0.7492043592051859,-0.9285569933790478,0.09717365225166313,-0.7752821996436509,1.0,1.0,4.0,2.0,P12,base case / return,,True,False,not_selected_under_75_percent_constraints
R054,R054_T001,1,4,-0.5746141018428425,0.28342464910332293,-0.2076943990482517,-0.738106641407749,5.0,5.0,4.0,6.0,P12,base case / return,Control flow,True,True,
R054,R054_T002,2,1,-0.8343066052159686,-0.6317834008238297,-0.44665776523034023,0.23442378158701474,3.0,1.0,3.0,7.0,P12,base case / return,Control flow,True,True,
R054,R054_T003,3,1,-1.0906619513460007,-0.38965177130088374,-0.7159427899846008,-1.4505658965640216,2.0,2.0,2.0,1.0,P12,base case / return,Control flow,True,True,
R054,R054_T004,4,14,-0.2255619741438918,0.5116633079005307,0.5213535294686023,-0.8579031911768232,7.0,7.0,5.0,4.0,P12,base case / return,Control flow,True,True,
R054,R054_T005,5,9,-0.7492079206443257,-0.02587111573135122,0.5925767997816834,-1.0530335292254693,4.0,3.0,6.0,2.0,P12,base case / return,Control flow,True,True,
R054,R054_T006,6,9,-0.4238078110626313,-0.019964780124694683,0.782225185652463,-0.9061778303504969,6.0,4.0,7.0,3.0,P12,base case / return,Control flow,True,True,
R054,R054_T007,7,2,-1.1250926087106936,0.47260721293095737,-1.2153980936039257,-0.8365205092230911,1.0,6.0,1.0,5.0,P12,base case / return,Control flow,True,True,
R055,R055_T001,1,10,0.22085328966437068,-0.16414135573317173,-0.7465152031828439,-0.37523205489030803,7.0,4.0,3.0,6.0,P12,base case / return,,True,False,nonpositive_in_at_least_three_panels
R055,R055_T002,2,8,-0.6830895291327529,-0.08156625046108328,0.457515220235497,-0.5660315302891173,5.0,5.0,7.0,5.0,P12,base case / return,,True,False,nonpositive_in_at_least_three_panels
R055,R055_T003,3,6,-0.9445388960836789,-0.2271105476755386,-1.095535685629586,-1.2846450642719462,3.0,3.0,1.0,1.0,P12,base case / return,,True,False,nonpositive_in_at_least_three_panels
R055,R055_T004,4,11,0.2391439910290655,-0.28741467224738243,0.8462272547570509,-0.6695539379918106,8.0,2.0,8.0,4.0,P12,base case / return,,True,False,nonpositive_in_at_least_three_panels
R055,R055_T005,5,1,-1.1550533633213698,-0.5176076955287997,-0.10714129857264325,-0.08594027360584577,1.0,1.0,6.0,8.0,P12,base case / return,,True,False,nonpositive_in_at_least_three_panels
R055,R055_T006,6,2,-0.5406570215325633,0.08252917847725183,-0.7455477360355206,-0.7882774939370735,6.0,6.0,4.0,2.0,P12,base case / return,,True,False,nonpositive_in_at_least_three_panels
R055,R055_T007,7,4,-0.814043797356999,0.3125641168621749,-0.7439620942851422,-0.7387400843473149,4.0,7.0,5.0,3.0,P12,base case / return,,True,False,nonpositive_in_at_least_three_panels
R055,R055_T008,8,1,-0.9471274534111522,0.8245747240364693,-0.8063474775078965,-0.34402286309420144,2.0,8.0,2.0,7.0,P12,base case / return,,True,False,nonpositive_in_at_least_three_panels
R056,R056_T001,1,8,-0.21616517582035577,0.31482810443407827,-0.11119348613840165,0.44905007608134495,12.0,10.0,8.0,12.0,P12,base case / return,Calls / returns,True,True,
R056,R056_T002,2,4,-0.9696612419111575,0.25404803543311566,0.9830395178226637,0.8230322338972181,3.0,8.0,13.0,13.0,P12,base case / return,Calls / returns,True,True,
R056,R056_T003,3,7,-0.46231549388930765,-0.4401905048422217,0.18538232924214962,0.43664871595719207,10.0,3.0,12.0,11.0,P12,base case / return,Calls / returns,True,True,
R056,R056_T004,4,12,0.014553902161734597,0.282689377233505,-0.40272392666749407,0.17948961627947776,13.0,9.0,5.0,10.0,P12,base case / return,Calls / returns,True,True,
R056,R056_T005,5,7,-0.45185456488241904,0.34608255573852953,0.10648897152965774,-0.29004659177944947,11.0,11.0,11.0,8.0,P12,base case / return,Calls / returns,True,True,
R056,R056_T006,6,4,-0.6657960708831826,0.13876266668817588,-0.29629805841655993,-0.5576256705553035,7.0,6.0,6.0,7.0,P12,base case / return,Calls / returns,True,True,
R056,R056_T007,7,2,-0.5380288071054031,0.41009855909530724,0.10435549755242823,-0.8261859488822539,9.0,12.0,10.0,4.0,P12,base case / return,Calls / returns,True,True,
R056,R056_T008,8,1,-1.1495219990911199,-0.08986655467980861,-0.7067716271067489,-0.5636041241198883,1.0,4.0,2.0,6.0,P12,base case / return,Calls / returns,True,True,
R056,R056_T009,9,2,-0.5551504004925728,-0.06587922349270298,-0.12874456020022473,-0.6044406643414164,8.0,5.0,7.0,5.0,P12,base case / return,Calls / returns,True,True,
R056,R056_T010,10,2,-0.7639082872365798,-0.6501561925345235,-0.6147628292891166,-1.0788395297890032,5.0,2.0,3.0,2.0,P12,base case / return,Calls / returns,True,True,
R056,R056_T011,11,1,-1.025171667327977,1.4003641913673601,-0.889397496225885,-0.9122013126019981,2.0,13.0,1.0,3.0,P12,base case / return,Calls / returns,True,True,
R056,R056_T012,12,5,-0.7322970698992389,0.23381598063330916,0.0006576364381696657,-0.06729158871345368,6.0,7.0,9.0,9.0,P12,base case / return,Calls / returns,True,True,
R056,R056_T013,13,1,-0.8956233668909263,-1.2567728520493633,-0.5140059093125754,-1.107051787432695,4.0,1.0,4.0,1.0,P12,base case / return,Calls / returns,True,True,
R057,R057_T001,1,6,0.003053420279852073,0.15424687519205146,-1.0949939841806915,-0.8444059208621325,3.0,3.0,1.0,1.0,P13,base case / return,,False,False,insufficient_or_undefined
R057,R057_T002,2,1,-0.9863008638956008,-0.9112441365562773,0.5545918030559077,-0.7057976486427243,1.0,2.0,3.0,2.0,P13,base case / return,,False,False,insufficient_or_undefined
R057,R057_T003,3,1,-0.3662384708254653,-1.5814127124306483,0.4194189128341357,0.2726896838764676,2.0,1.0,2.0,3.0,P13,base case / return,,False,False,insufficient_or_undefined
R058,R058_T001,1,5,-0.7738677960405811,0.4100872569484058,-1.019224680443857,0.06657706415254327,2.0,3.0,1.0,3.0,P15,base case / return,,False,False,insufficient_or_undefined
R058,R058_T002,2,8,-0.36072925147455187,0.7902527635136292,0.09164664146126532,-0.8570396224998427,4.0,4.0,4.0,1.0,P15,base case / return,,False,False,insufficient_or_undefined
R058,R058_T003,3,9,-0.3935155358045988,0.11459554357367058,-0.3591514468279368,-0.3834958240025465,3.0,2.0,2.0,2.0,P15,base case / return,,False,False,insufficient_or_undefined
R058,R058_T004,4,5,-0.7861209799352867,0.10755335191508726,0.06798592278621328,0.6314429972226713,1.0,1.0,3.0,4.0,P15,base case / return,,False,False,insufficient_or_undefined
R059,R059_T001,1,9,-0.5260999240895153,-0.1159953622268744,-0.466727695816797,-0.3496050169535168,2.0,2.0,2.0,2.0,P15,base case / return,,False,False,insufficient_or_undefined
R059,R059_T002,2,9,-0.751309028502074,0.05305841695588184,-0.9607895133280243,-0.4717276446693741,1.0,3.0,1.0,1.0,P15,base case / return,,False,False,insufficient_or_undefined
R059,R059_T003,3,2,-0.4090991058379824,-0.7412801455931344,0.688695084038573,-0.014624785092219539,3.0,1.0,3.0,3.0,P15,base case / return,,False,False,insufficient_or_undefined
R060,R060_T001,1,5,-0.4832787736855761,-0.5252729173596984,-0.9758670254530101,0.37629189433460813,4.0,1.0,4.0,7.0,P16,base case / return,Control flow,True,True,
R060,R060_T002,2,4,-0.6440426385198669,-0.022863096283579604,-1.1888343291112529,-0.19723366828166397,1.0,2.0,1.0,2.0,P16,base case / return,Control flow,True,True,
R060,R060_T003,3,12,0.6418939967744927,0.0025835435322132624,-0.4181990558318429,0.5818631444349036,8.0,3.0,8.0,8.0,P16,base case / return,Control flow,True,True,
R060,R060_T004,4,7,-0.5811997040730262,0.6053131958197673,-0.5571947690861603,0.057017942744256145,2.0,9.0,7.0,4.0,P16,base case / return,Control flow,True,True,
R060,R060_T005,5,7,-0.22305011279971512,0.3333247848747938,-0.9139795014706525,0.23329141414936905,6.0,5.0,5.0,6.0,P16,base case / return,Control flow,True,True,
R060,R060_T006,6,5,-0.5108751940861116,0.23339580170561147,-0.7014933324191501,-0.19328863255831477,3.0,4.0,6.0,3.0,P16,base case / return,Control flow,True,True,
R060,R060_T007,7,2,-0.4370198590663123,0.39946782600289393,-0.09740308395080455,0.7601090606894935,5.0,6.0,9.0,9.0,P16,base case / return,Control flow,True,True,
R060,R060_T008,8,3,0.6890411475089332,0.5265695057254265,-1.0847487077025297,-0.36249437627074377,9.0,8.0,2.0,1.0,P16,base case / return,Control flow,True,True,
R060,R060_T009,9,2,0.049474889530579276,0.44427455827852014,-1.0305338277880882,0.06985272922364116,7.0,7.0,3.0,5.0,P16,base case / return,Control flow,True,True,
R061,R061_T001,1,6,0.32132912011291453,-0.3156226984961135,-0.6430130517296067,-0.1295996465649848,1.0,1.0,2.0,2.0,P16,base case / return,,False,False,insufficient_or_undefined
R061,R061_T002,2,4,0.46451785220994063,-0.01994351403107883,-0.8437914398874599,-0.35499807799641947,2.0,2.0,1.0,1.0,P16,base case / return,,False,False,insufficient_or_undefined
R062,R062_T001,1,6,-0.6350873742740707,-0.3310397400189391,-0.8002166262500979,-0.14332933152927838,1.0,1.0,2.0,2.0,P19,base case / return,,False,False,insufficient_or_undefined
R062,R062_T002,2,3,-0.46437681419313565,0.3250152456645598,-0.8423006372187268,-0.27791881405127944,2.0,2.0,1.0,1.0,P19,base case / return,,False,False,insufficient_or_undefined
R063,R063_T001,1,4,-0.5405301693641973,0.2970353758437557,-0.7731042980550044,0.08674704181686353,3.0,3.0,1.0,3.0,P20,base case / return,,False,False,insufficient_or_undefined
R063,R063_T002,2,5,-0.6742794262571529,0.18241511138020722,0.017092560118560276,-0.5387543964328734,2.0,2.0,3.0,1.0,P20,base case / return,,False,False,insufficient_or_undefined
R063,R063_T003,3,5,-0.7471901261275201,-0.1706353330332227,-0.4833742299061354,-0.002846293247208013,1.0,1.0,2.0,2.0,P20,base case / return,,False,False,insufficient_or_undefined
R064,R064_T001,1,7,-0.26912967851364933,-0.06969171080864231,0.2774208542771718,1.8238228931904794,2.0,3.0,2.0,4.0,P20,base case / return,,False,False,insufficient_or_undefined
R064,R064_T002,2,9,-0.06438385042724962,-0.29996039654636064,-0.7303612646356311,0.8891793063418096,3.0,1.0,1.0,3.0,P20,base case / return,,False,False,insufficient_or_undefined
R064,R064_T003,3,7,0.16405531457177544,-0.21878457061692422,0.315536629241204,-0.06592566893816085,4.0,2.0,3.0,2.0,P20,base case / return,,False,False,insufficient_or_undefined
R064,R064_T004,4,1,-0.48905588174984715,1.016371923504581,0.5852237681778188,-0.07212862959468362,1.0,4.0,4.0,1.0,P20,base case / return,,False,False,insufficient_or_undefined
R065,R065_T001,1,3,-0.5653825845052457,-0.542729613771127,-0.7247755675042286,0.2003183678287396,8.0,1.0,1.0,5.0,P23,base case / return,Calls / returns,True,True,
R065,R065_T002,2,6,-0.681204174226008,0.22509537922729084,-0.17358354870797152,-0.2274954079260164,6.0,7.0,5.0,3.0,P23,base case / return,Calls / returns,True,True,
R065,R065_T003,3,4,-0.7175862602625038,-0.4123505776552606,0.28562645661627917,-0.11083180584273648,5.0,3.0,8.0,4.0,P23,base case / return,Calls / returns,True,True,
R065,R065_T004,4,3,-0.7650773516049686,-0.12058691526056027,0.04011040098684604,-1.0045323110055684,4.0,4.0,7.0,1.0,P23,base case / return,Calls / returns,True,True,
R065,R065_T005,5,3,-0.792747910270335,0.3801212323006126,-0.3120048519188437,0.2939271004256461,2.0,8.0,4.0,6.0,P23,base case / return,Calls / returns,True,True,
R065,R065_T006,6,5,-0.5818410108427396,-0.5073087730366387,-0.39928595284440876,-0.9437489894249023,7.0,2.0,2.0,2.0,P23,base case / return,Calls / returns,True,True,
R065,R065_T007,7,1,-0.81019098291265,0.15993531671296737,-0.3308252723587958,0.6492935063547433,1.0,5.0,3.0,8.0,P23,base case / return,Calls / returns,True,True,
R065,R065_T008,8,1,-0.7788648446492408,0.2158357300591437,-0.033078169333456975,0.3399198340080833,3.0,6.0,6.0,7.0,P23,base case / return,Calls / returns,True,True,
R066,R066_T001,1,1,-0.9828715357575265,-0.31174765965177537,-0.8220778272309532,-0.24299417306556045,3.0,5.0,1.0,5.0,P23,base case / return,Calls / returns,True,True,
R066,R066_T002,2,3,-0.5594719123635848,0.04736074232246986,-0.7886699948722534,-1.3399445665422747,6.0,6.0,2.0,2.0,P23,base case / return,Calls / returns,True,True,
R066,R066_T003,3,3,-0.3202045372418368,0.5069786715752845,0.3553883279881654,0.26870497541667865,8.0,8.0,8.0,7.0,P23,base case / return,Calls / returns,True,True,
R066,R066_T004,4,4,-0.6084965974599952,-0.37447228995746745,-0.22401069380708127,-0.9633694370822995,5.0,4.0,6.0,3.0,P23,base case / return,Calls / returns,True,True,
R066,R066_T005,5,2,-0.43439706454863614,-0.5716516178140613,-0.45815644258617433,0.2937697704366847,7.0,3.0,4.0,8.0,P23,base case / return,Calls / returns,True,True,
R066,R066_T006,6,1,-0.7403925222190644,-0.9174814382288199,0.03536908008209727,-1.5445929129697957,4.0,2.0,7.0,1.0,P23,base case / return,Calls / returns,True,True,
R066,R066_T007,7,1,-1.0260412779839836,-1.0580449142813968,-0.4146109540069012,-0.0300967278928664,2.0,1.0,5.0,6.0,P23,base case / return,Calls / returns,True,True,
R066,R066_T008,8,1,-1.0992710994891621,0.21363745551534047,-0.6980359662154586,-0.45168776768963914,1.0,7.0,3.0,4.0,P23,base case / return,Calls / returns,True,True,
R067,R067_T001,1,6,-0.8834501765625689,-0.06900069401456578,-0.6309412130443462,-0.55010878285956,1.0,1.0,2.0,2.0,P23,base case / return,,False,False,insufficient_or_undefined
R067,R067_T002,2,5,-0.45273088744020956,0.462459522036069,0.4063191709676877,0.03589119273380436,3.0,3.0,3.0,3.0,P23,base case / return,,False,False,insufficient_or_undefined
R067,R067_T003,3,4,-0.6061510178636202,0.38700521148691475,-1.0456428459839726,-0.8168122102906463,2.0,2.0,1.0,1.0,P23,base case / return,,False,False,insufficient_or_undefined
R068,R068_T001,1,2,-0.8944681652380004,-0.43897261431487244,-0.48492828086111617,0.024453108912469473,2.0,2.0,5.0,4.0,P24,base case / return,,True,False,not_selected_under_75_percent_constraints
R068,R068_T002,2,4,-0.7813614228800264,0.06411615398954373,-0.5151954857614482,0.11032829554595473,3.0,7.0,4.0,5.0,P24,base case / return,,True,False,not_selected_under_75_percent_constraints
R068,R068_T003,3,17,0.10285879630847655,0.02764169755206923,0.7289829599093772,0.017663245775027685,7.0,6.0,7.0,3.0,P24,base case / return,,True,False,not_selected_under_75_percent_constraints
R068,R068_T004,4,8,-0.5277598444732784,-0.05766621700469561,-0.7400770838849731,-0.06086008660696555,5.0,4.0,3.0,1.0,P24,base case / return,,True,False,not_selected_under_75_percent_constraints
R068,R068_T005,5,4,-0.7493483840689268,-0.5217672932438311,0.37295764188492897,0.40527485102549704,4.0,1.0,6.0,7.0,P24,base case / return,,True,False,not_selected_under_75_percent_constraints
R068,R068_T006,6,2,-1.0686589342068136,-0.029614022034828547,-1.0841556998347344,-0.043921055837665736,1.0,5.0,1.0,2.0,P24,base case / return,,True,False,not_selected_under_75_percent_constraints
R068,R068_T007,7,4,-0.4945747790638322,-0.407447079984685,-0.8946939223885737,0.26043316046618886,6.0,3.0,2.0,6.0,P24,base case / return,,True,False,not_selected_under_75_percent_constraints
R069,R069_T001,1,14,-0.09692588960814903,-0.37905405034856005,-0.7014776049903525,0.0065950653320738795,3.0,1.0,1.0,2.0,P24,base case / return,,False,False,insufficient_or_undefined
R069,R069_T002,2,5,-0.7606020124320626,-0.06565469605684908,-0.41272369064485104,-0.19179402912100943,1.0,2.0,3.0,1.0,P24,base case / return,,False,False,insufficient_or_undefined
R069,R069_T003,3,8,-0.4656907780005404,-0.04124215590113661,-0.6424194201029473,0.023128372811376714,2.0,3.0,2.0,3.0,P24,base case / return,,False,False,insufficient_or_undefined
R070,R070_T001,1,6,-0.2856199776479718,0.1748690835095064,-0.8767048846640471,-0.5965503364982438,3.0,2.0,2.0,1.0,P24,base case / return,,False,False,insufficient_or_undefined
R070,R070_T002,2,5,-0.5802609531958461,0.6429817961260087,-0.8886832873366476,-0.5739485002270422,2.0,3.0,1.0,2.0,P24,base case / return,,False,False,insufficient_or_undefined
R070,R070_T003,3,3,-1.0194161847823258,-1.1180889664169555,-0.7766582842990157,-0.13385945778168143,1.0,1.0,3.0,3.0,P24,base case / return,,False,False,insufficient_or_undefined
R071,R071_T001,1,9,-0.43353002344192676,-0.052886640236291416,-0.7162666009752973,-0.36143317243543777,3.0,2.0,1.0,2.0,P25,base case / return,,False,False,insufficient_or_undefined
R071,R071_T002,2,1,-1.0237353826242777,-0.22406853117198527,-0.21399234850404034,-0.634294358040144,1.0,1.0,2.0,1.0,P25,base case / return,,False,False,insufficient_or_undefined
R071,R071_T003,3,3,-0.772449659008478,0.17819434540490686,3.13850459918542,0.14251103682490648,2.0,3.0,3.0,3.0,P25,base case / return,,False,False,insufficient_or_undefined
R072,R072_T001,1,4,-0.8605942078536399,-0.040214242902901126,-0.9982245822228318,0.3105809371705507,1.0,2.0,1.0,3.0,P25,base case / return,,False,False,insufficient_or_undefined
R072,R072_T002,2,14,-0.35423802815101935,0.19532355834727583,-0.40301726427946544,0.07521348124317012,3.0,3.0,3.0,2.0,P25,base case / return,,False,False,insufficient_or_undefined
R072,R072_T003,3,1,-0.5919714373257562,-2.138280250522064,-0.8411561904517663,-0.1813954351393301,2.0,1.0,2.0,1.0,P25,base case / return,,False,False,insufficient_or_undefined
R073,R073_T001,1,20,2.135565647473342,-0.23005542337555016,-0.5226190528605269,0.04261632537865057,2.0,1.0,1.0,1.0,P27,base case / return,,False,False,insufficient_or_undefined
R073,R073_T002,2,8,-0.46271822719019234,0.19724415670261342,-0.24996453606858818,0.564120758047804,1.0,2.0,2.0,2.0,P27,base case / return,,False,False,insufficient_or_undefined
R074,R074_T001,1,4,-0.20943792539229403,0.49409990011537375,-0.6908313252077848,1.28060909734274,6.0,5.0,2.0,7.0,P29,base case / return,Control flow,True,True,
R074,R074_T002,2,3,-0.6823094607005366,-0.1429296553227114,1.0767533600189383,-0.29590546521123356,3.0,1.0,7.0,1.0,P29,base case / return,Control flow,True,True,
R074,R074_T003,3,11,-0.09555226517133553,0.012704946856152043,0.49579843114530225,0.3551578309666697,7.0,3.0,6.0,5.0,P29,base case / return,Control flow,True,True,
R074,R074_T004,4,4,-0.440231032483676,0.45578784248452714,-0.16538596701633188,0.19064818478833537,5.0,4.0,5.0,4.0,P29,base case / return,Control flow,True,True,
R074,R074_T005,5,6,-0.7928238658299974,0.5871923321922227,-0.29855664247333813,1.249829580714789,2.0,6.0,4.0,6.0,P29,base case / return,Control flow,True,True,
R074,R074_T006,6,3,-0.8246622531734736,0.8163325165078733,-0.7387970135387932,-0.09814486296541568,1.0,7.0,1.0,2.0,P29,base case / return,Control flow,True,True,
R074,R074_T007,7,7,-0.5603647195355537,-0.009479012654620604,-0.5186096112127461,-0.025152047512859637,4.0,2.0,3.0,3.0,P29,base case / return,Control flow,True,True,
R075,R075_T001,1,1,-0.08441706840517149,0.7743491121979891,-0.5878540805622451,-0.09109160384309072,6.0,6.0,1.0,4.0,P29,base case / return,,True,False,not_selected_under_75_percent_constraints
R075,R075_T002,2,9,-0.3715952137785054,-0.5727120932604659,0.8698650518124394,0.6731725029934198,5.0,1.0,7.0,7.0,P29,base case / return,,True,False,not_selected_under_75_percent_constraints
R075,R075_T003,3,8,-0.7883791688197966,-0.39966024843131454,-0.0883558640465546,-0.013779825580701474,4.0,2.0,2.0,5.0,P29,base case / return,,True,False,not_selected_under_75_percent_constraints
R075,R075_T004,4,3,-0.8805387718207326,0.04025634465830518,0.04965667212248526,-0.6420374574165869,3.0,4.0,3.0,1.0,P29,base case / return,,True,False,not_selected_under_75_percent_constraints
R075,R075_T005,5,7,0.02684479344893388,-0.1653129863869594,0.6590294912849476,0.2138696448569298,7.0,3.0,6.0,6.0,P29,base case / return,,True,False,not_selected_under_75_percent_constraints
R075,R075_T006,6,1,-0.9583074100280351,1.501461376010548,0.1836744954225489,-0.22553053604691062,2.0,7.0,4.0,2.0,P29,base case / return,,True,False,not_selected_under_75_percent_constraints
R075,R075_T007,7,2,-1.0379983874828362,0.7319841925725727,0.2073681040956011,-0.20643495301733225,1.0,5.0,5.0,3.0,P29,base case / return,,True,False,not_selected_under_75_percent_constraints
R076,R076_T001,1,5,-0.5064746377319067,-0.4063962775144166,-1.198028511789815,-0.45719669646237304,3.0,1.0,1.0,3.0,P29,base case / return,,False,False,insufficient_or_undefined
R076,R076_T002,2,1,-1.0021545027237853,-0.0017163427516155455,-0.0025339780839080117,-0.7834899159505474,2.0,2.0,3.0,1.0,P29,base case / return,,False,False,insufficient_or_undefined
R076,R076_T003,3,1,-1.0087645341289242,0.3965819471933643,-0.10952602656168008,-0.7117539199978576,1.0,3.0,2.0,2.0,P29,base case / return,,False,False,insufficient_or_undefined
R077,R077_T001,1,19,0.9521933020246326,0.14781217002576857,-0.5950972525802531,-0.15682839180111063,8.0,7.0,1.0,5.0,P01,recursion / function call,,True,False,not_selected_under_75_percent_constraints
R077,R077_T002,2,14,0.6496298755182986,-0.42464380046378286,0.10419817890744243,0.18092963525702813,6.0,1.0,6.0,6.0,P01,recursion / function call,,True,False,not_selected_under_75_percent_constraints
R077,R077_T003,3,18,1.2332417397322273,-0.02094792160289123,0.3865961777119567,0.33389814674581747,9.0,6.0,7.0,9.0,P01,recursion / function call,,True,False,not_selected_under_75_percent_constraints
R077,R077_T004,4,16,0.5098851030962548,-0.28595828281751573,0.07478610028760203,0.3139868945739084,5.0,3.0,5.0,8.0,P01,recursion / function call,,True,False,not_selected_under_75_percent_constraints
R077,R077_T005,5,17,0.11342728526132355,-0.1370685464616556,-0.13298960083652833,-0.2300020737743621,4.0,5.0,3.0,4.0,P01,recursion / function call,,True,False,not_selected_under_75_percent_constraints
R077,R077_T006,6,8,0.8911312573473427,-0.19051605915628356,1.3747202056581271,0.24607219739766772,7.0,4.0,9.0,7.0,P01,recursion / function call,,True,False,not_selected_under_75_percent_constraints
R077,R077_T007,7,7,-0.23481875878260583,0.44403327480712945,-0.38271793712775803,-0.3243141514650588,3.0,8.0,2.0,3.0,P01,recursion / function call,,True,False,not_selected_under_75_percent_constraints
R077,R077_T008,8,3,-0.4630263919735962,-0.34266591585689327,1.2633429858597671,-0.9337916313801132,1.0,2.0,8.0,1.0,P01,recursion / function call,,True,False,not_selected_under_75_percent_constraints
R077,R077_T009,9,6,-0.41762971008047045,0.8694501914145896,0.011382874799082399,-0.38043355828881537,2.0,9.0,4.0,2.0,P01,recursion / function call,,True,False,not_selected_under_75_percent_constraints
R078,R078_T001,1,14,0.19581332644591076,0.25348324461440386,-0.7691508791710066,-0.4621957698502814,4.0,10.0,1.0,4.0,P01,recursion / function call,,True,False,nonpositive_in_at_least_three_panels
R078,R078_T002,2,16,0.04536580892300251,0.21683676365209406,0.11032273018272047,-0.12136136502747534,3.0,9.0,9.0,9.0,P01,recursion / function call,,True,False,nonpositive_in_at_least_three_panels
R078,R078_T003,3,15,0.8379368419640006,-0.3346791935081926,1.1034794558888936,0.4419741180571984,10.0,1.0,12.0,13.0,P01,recursion / function call,,True,False,nonpositive_in_at_least_three_panels
R078,R078_T004,4,14,0.8162433872299131,-0.07145836186324385,0.02840838486273552,0.09674639016061215,9.0,2.0,8.0,11.0,P01,recursion / function call,,True,False,nonpositive_in_at_least_three_panels
R078,R078_T005,5,14,0.682056433899862,0.049258115838469736,-0.0369949312205301,-0.19980908447338508,8.0,7.0,7.0,7.0,P01,recursion / function call,,True,False,nonpositive_in_at_least_three_panels
R078,R078_T006,6,13,0.5096561233281826,-0.003806935839555039,2.348951878301351,0.20347254389200908,7.0,4.0,13.0,12.0,P01,recursion / function call,,True,False,nonpositive_in_at_least_three_panels
R078,R078_T007,7,6,-0.4772485737291346,0.6399750477405209,-0.3341268712497336,-0.6933453406634236,1.0,13.0,4.0,2.0,P01,recursion / function call,,True,False,nonpositive_in_at_least_three_panels
R078,R078_T008,8,12,1.0254095792052047,0.019559727116740533,-0.396980764182336,-0.7585519190478033,12.0,5.0,3.0,1.0,P01,recursion / function call,,True,False,nonpositive_in_at_least_three_panels
R078,R078_T009,9,13,2.5158461182720675,0.051913128507940824,-0.22982027067704877,-0.39663886964207906,13.0,8.0,6.0,5.0,P01,recursion / function call,,True,False,nonpositive_in_at_least_three_panels
R078,R078_T010,10,10,0.34839442293997985,-0.04947304367563334,0.2286923114976496,-0.12745953970824128,5.0,3.0,10.0,8.0,P01,recursion / function call,,True,False,nonpositive_in_at_least_three_panels
R078,R078_T011,11,9,-0.06483012238841779,0.03211347060671818,0.3677980465509843,0.009343173457973317,2.0,6.0,11.0,10.0,P01,recursion / function call,,True,False,nonpositive_in_at_least_three_panels
R078,R078_T012,12,7,0.902731078157658,0.4937447912828493,-0.3973053502251056,-0.20813058285226535,11.0,12.0,2.0,6.0,P01,recursion / function call,,True,False,nonpositive_in_at_least_three_panels
R078,R078_T013,13,5,0.41193237806091193,0.3278329534796454,-0.24507419684304652,-0.6799079463215522,6.0,11.0,5.0,3.0,P01,recursion / function call,,True,False,nonpositive_in_at_least_three_panels
R079,R079_T001,1,7,-0.2527690202187065,-0.07487759924423731,-0.5992845546691953,0.6264233577533648,12.0,5.0,3.0,9.0,P03,recursion / function call,,True,False,not_selected_under_75_percent_constraints
R079,R079_T002,2,9,-0.4799710179750714,0.1922367940645305,-0.16980116783023022,-0.018992551787681607,9.0,9.0,11.0,3.0,P03,recursion / function call,,True,False,not_selected_under_75_percent_constraints
R079,R079_T003,3,5,-0.4446632716704866,-0.05422495571474963,-0.37514555239147757,0.18558358246802598,11.0,7.0,6.0,5.0,P03,recursion / function call,,True,False,not_selected_under_75_percent_constraints
R079,R079_T004,4,1,-0.9519851317037947,-0.3131002239049707,-0.22108174372617248,-0.9374084725412168,2.0,4.0,9.0,1.0,P03,recursion / function call,,True,False,not_selected_under_75_percent_constraints
R079,R079_T005,5,1,-0.612701843369373,0.7008304148383752,-0.21124750887101762,0.7501607783368526,8.0,12.0,10.0,11.0,P03,recursion / function call,,True,False,not_selected_under_75_percent_constraints
R079,R079_T006,6,1,-1.0840173013525567,0.8967083146577262,-0.7046337742109193,-0.10946949743877699,1.0,13.0,2.0,2.0,P03,recursion / function call,,True,False,not_selected_under_75_percent_constraints
R079,R079_T007,7,5,-0.44529020158310634,-0.969451982120091,-0.9756092097297215,0.8621947362950877,10.0,2.0,1.0,12.0,P03,recursion / function call,,True,False,not_selected_under_75_percent_constraints
R079,R079_T008,8,3,-0.7313189367654113,-1.2887020524718855,0.6455047991512838,0.3482700698154459,6.0,1.0,13.0,7.0,P03,recursion / function call,,True,False,not_selected_under_75_percent_constraints
R079,R079_T009,9,5,-0.7222331226029656,0.34351673009775757,-0.3576866104886962,0.6317931902625658,7.0,10.0,8.0,10.0,P03,recursion / function call,,True,False,not_selected_under_75_percent_constraints
R079,R079_T010,10,5,-0.7654684532622033,0.04090073544785115,-0.3713824380660813,0.4204662082712609,5.0,8.0,7.0,8.0,P03,recursion / function call,,True,False,not_selected_under_75_percent_constraints
R079,R079_T011,11,9,-0.20218022463889848,-0.05924386127208106,0.585372165781063,0.8902333501687831,13.0,6.0,12.0,13.0,P03,recursion / function call,,True,False,not_selected_under_75_percent_constraints
R079,R079_T012,12,3,-0.8757441841820958,0.5850074343986776,-0.45246976574215486,0.03761233924408134,3.0,11.0,5.0,4.0,P03,recursion / function call,,True,False,not_selected_under_75_percent_constraints
R079,R079_T013,13,2,-0.8612351103613992,-0.9529195719547252,-0.5571295655137631,0.294689308020983,4.0,3.0,4.0,6.0,P03,recursion / function call,,True,False,not_selected_under_75_percent_constraints
R080,R080_T001,1,5,-0.8097657661330153,-0.06500462288469053,-1.138133210963905,-0.6657176155773682,4.0,4.0,1.0,2.0,P03,recursion / function call,,True,False,nonpositive_in_at_least_three_panels
R080,R080_T002,2,1,-0.7672060640656791,-1.0940605448143472,0.25233481430810084,-0.14441141154717166,5.0,2.0,4.0,5.0,P03,recursion / function call,,True,False,nonpositive_in_at_least_three_panels
R080,R080_T003,3,1,-1.0065040002638965,-0.31741122563819946,-0.5261231644880308,-0.5549258392548689,2.0,3.0,2.0,3.0,P03,recursion / function call,,True,False,nonpositive_in_at_least_three_panels
R080,R080_T004,4,1,-1.0234225632303773,-1.300109433145731,0.7455984946140851,-0.09525636013679632,1.0,1.0,7.0,6.0,P03,recursion / function call,,True,False,nonpositive_in_at_least_three_panels
R080,R080_T005,5,1,-0.5586242324775522,0.12154185724116641,0.2888073661931086,-0.2079929150641507,7.0,5.0,5.0,4.0,P03,recursion / function call,,True,False,nonpositive_in_at_least_three_panels
R080,R080_T006,6,5,-0.5898999002383826,0.47871048292742974,0.18712597974946096,0.685403957138966,6.0,7.0,3.0,7.0,P03,recursion / function call,,True,False,nonpositive_in_at_least_three_panels
R080,R080_T007,7,1,-0.9366932788993778,0.25487489237823807,0.5242798655936678,-0.6801015180568472,3.0,6.0,6.0,1.0,P03,recursion / function call,,True,False,nonpositive_in_at_least_three_panels
R081,R081_T001,1,19,0.39146991422075783,-0.008661669032184075,-0.010809359115788878,0.07422540865741252,10.0,9.0,7.0,8.0,P05,recursion / function call,,True,False,not_selected_under_75_percent_constraints
R081,R081_T002,2,8,-0.3243243302729927,-0.5390017745659345,0.5425500885140545,0.39916373576737624,6.0,3.0,11.0,11.0,P05,recursion / function call,,True,False,not_selected_under_75_percent_constraints
R081,R081_T003,3,11,0.33709070844511074,-0.2696820750782274,-0.24593441299594143,-0.13547394115759154,9.0,6.0,6.0,5.0,P05,recursion / function call,,True,False,not_selected_under_75_percent_constraints
R081,R081_T004,4,14,1.5495187301662494,-0.020293122731742236,0.21790218460517172,-0.23730161432551758,12.0,8.0,8.0,3.0,P05,recursion / function call,,True,False,not_selected_under_75_percent_constraints
R081,R081_T005,5,6,-0.6154785568020956,0.4433559542240261,0.25905192695483276,-0.4543076063502705,4.0,12.0,9.0,2.0,P05,recursion / function call,,True,False,not_selected_under_75_percent_constraints
R081,R081_T006,6,8,0.46803054813966577,0.4359623986056011,0.2928166664343287,-0.7650250339891529,11.0,11.0,10.0,1.0,P05,recursion / function call,,True,False,not_selected_under_75_percent_constraints
R081,R081_T007,7,11,-0.2062205086013266,0.3230899344029662,-0.26220444787895053,0.11404217230423586,7.0,10.0,5.0,9.0,P05,recursion / function call,,True,False,not_selected_under_75_percent_constraints
R081,R081_T008,8,4,-0.5697614339376321,-0.766805355113142,-0.3069571808365528,-0.13242712694985007,5.0,2.0,3.0,6.0,P05,recursion / function call,,True,False,not_selected_under_75_percent_constraints
R081,R081_T009,9,10,0.09900247448364968,-0.19018521846229047,-0.3984386509388654,0.012685108986647431,8.0,7.0,2.0,7.0,P05,recursion / function call,,True,False,not_selected_under_75_percent_constraints
R081,R081_T010,10,3,-0.7897806811668439,-1.4914653966781124,-0.39893196868541575,-0.1824928392540305,2.0,1.0,1.0,4.0,P05,recursion / function call,,True,False,not_selected_under_75_percent_constraints
R081,R081_T011,11,1,-0.7466364257561127,-0.4966794996399731,1.484562083734274,0.5007433558218061,3.0,4.0,12.0,12.0,P05,recursion / function call,,True,False,not_selected_under_75_percent_constraints
R081,R081_T012,12,1,-1.0099911499053704,-0.45236128034474654,-0.2897209391049047,0.21049436082182216,1.0,5.0,4.0,10.0,P05,recursion / function call,,True,False,not_selected_under_75_percent_constraints
R082,R082_T001,1,14,-0.019844644685635748,-0.2864152125019451,0.15402968942345202,0.6934522502832023,3.0,2.0,4.0,4.0,P09,recursion / function call,,False,False,insufficient_or_undefined
R082,R082_T002,2,15,-0.6270615023177931,-0.3703290112942061,-0.9109219176896651,0.0034870344160774134,2.0,1.0,1.0,1.0,P09,recursion / function call,,False,False,insufficient_or_undefined
R082,R082_T003,3,21,1.5219383512750106,0.15778881757472582,-0.279219934859587,0.004460172739076469,4.0,4.0,2.0,2.0,P09,recursion / function call,,False,False,insufficient_or_undefined
R082,R082_T004,4,2,-0.7570352779909113,-0.2621749270591275,-0.21652255701993073,0.12991261431012813,1.0,3.0,3.0,3.0,P09,recursion / function call,,False,False,insufficient_or_undefined
R083,R083_T001,1,21,0.40460164784880637,-0.13998998249069222,-0.04283598225437468,0.44547786216008683,1.0,1.0,3.0,4.0,P13,recursion / function call,,False,False,insufficient_or_undefined
R083,R083_T002,2,28,2.199005752662418,-0.13654340406507814,-0.8868534718856584,0.26741987559692193,3.0,2.0,1.0,2.0,P13,recursion / function call,,False,False,insufficient_or_undefined
R083,R083_T003,3,30,4.0020414245163325,0.11576528069879323,-0.06908447734695768,-0.44098835565579647,4.0,3.0,2.0,1.0,P13,recursion / function call,,False,False,insufficient_or_undefined
R083,R083_T004,4,18,0.6134775246385534,0.2070892618052252,0.002993849341305447,0.35260807271106814,2.0,4.0,4.0,3.0,P13,recursion / function call,,False,False,insufficient_or_undefined
R084,R084_T001,1,22,0.7466380810945493,-0.07109560684884318,0.07723812747530685,0.853900792332216,9.0,4.0,9.0,11.0,P15,recursion / function call,,True,False,not_selected_under_75_percent_constraints
R084,R084_T002,2,11,-0.05757193658829291,0.13601969230090485,-0.26510133410923187,0.4199672057733101,6.0,7.0,6.0,10.0,P15,recursion / function call,,True,False,not_selected_under_75_percent_constraints
R084,R084_T003,3,8,0.25422032747011264,0.26876287958584033,-1.1736275757747772,0.4031641777550701,8.0,9.0,1.0,9.0,P15,recursion / function call,,True,False,not_selected_under_75_percent_constraints
R084,R084_T004,4,7,-0.38487607127903006,0.12130637247919045,0.7908261761128982,-0.097557487863261,2.0,6.0,10.0,6.0,P15,recursion / function call,,True,False,not_selected_under_75_percent_constraints
R084,R084_T005,5,7,-0.19431102571452452,-0.22646969604004302,0.9702812557588123,0.09617733258100292,4.0,3.0,11.0,7.0,P15,recursion / function call,,True,False,not_selected_under_75_percent_constraints
R084,R084_T006,6,3,-0.4140333797906815,-0.7548179221400545,0.04341194365499934,-0.5566163117661981,1.0,1.0,8.0,2.0,P15,recursion / function call,,True,False,not_selected_under_75_percent_constraints
R084,R084_T007,7,10,0.7676370156999717,0.07261169977703003,-0.2097393153952892,-0.7920304752500353,10.0,5.0,7.0,1.0,P15,recursion / function call,,True,False,not_selected_under_75_percent_constraints
R084,R084_T008,8,3,1.486309326999151,0.6450460399171053,-0.7183792131341405,-0.5286453849100807,11.0,11.0,4.0,3.0,P15,recursion / function call,,True,False,not_selected_under_75_percent_constraints
R084,R084_T009,9,2,-0.1682055784367148,-0.6487583890202964,-0.3810436609052315,-0.46464637682481724,5.0,2.0,5.0,4.0,P15,recursion / function call,,True,False,not_selected_under_75_percent_constraints
R084,R084_T010,10,3,-0.25926588753861907,0.19897251231153676,-0.9948973550048876,-0.24804071484333434,3.0,8.0,2.0,5.0,P15,recursion / function call,,True,False,not_selected_under_75_percent_constraints
R084,R084_T011,11,2,0.15153873908784268,0.5316903114639321,-0.7976116204084146,0.1415256089472621,7.0,10.0,3.0,8.0,P15,recursion / function call,,True,False,not_selected_under_75_percent_constraints
R085,R085_T001,1,13,-0.4443879047612018,0.3414442934375534,-0.3558816712503809,-0.29403335689986854,4.0,6.0,4.0,6.0,P15,recursion / function call,Calls / returns,True,True,
R085,R085_T002,2,4,-0.2994490970844297,-0.4000505540497581,-0.9701083334828972,-1.0827794913478361,5.0,1.0,1.0,2.0,P15,recursion / function call,Calls / returns,True,True,
R085,R085_T003,3,5,-0.5397249595938887,-0.1863667008476571,1.198994269876068,-1.1145321118239515,3.0,2.0,6.0,1.0,P15,recursion / function call,Calls / returns,True,True,
R085,R085_T004,4,6,0.21462862100416355,0.2603908568922107,0.6795004749943478,-0.4525505697755365,6.0,5.0,5.0,5.0,P15,recursion / function call,Calls / returns,True,True,
R085,R085_T005,5,4,-0.7446485265587333,0.15849741312233812,-0.8661138228523204,-0.6669339358520153,2.0,4.0,2.0,3.0,P15,recursion / function call,Calls / returns,True,True,
R085,R085_T006,6,2,-0.7642303547772741,-0.011835277947412542,-0.7995757089376836,-0.656636660875376,1.0,3.0,3.0,4.0,P15,recursion / function call,Calls / returns,True,True,
R086,R086_T001,1,8,-0.12259981237430352,0.09500636043316069,-0.5089200850708147,-0.26238436408803345,6.0,6.0,3.0,3.0,P15,recursion / function call,,True,False,nonpositive_in_at_least_three_panels
R086,R086_T002,2,5,-0.6449250784520505,-0.5041839089877924,-0.36343019933865833,0.023141175145200366,2.0,2.0,4.0,6.0,P15,recursion / function call,,True,False,nonpositive_in_at_least_three_panels
R086,R086_T003,3,4,-0.3489789151108924,-0.5798592109182774,-0.8554337515841604,-0.00446996116141581,3.0,1.0,1.0,5.0,P15,recursion / function call,,True,False,nonpositive_in_at_least_three_panels
R086,R086_T004,4,10,-0.2303302152312315,-0.0493211457110024,-0.0565135690988936,-1.1695964447610094,4.0,5.0,5.0,1.0,P15,recursion / function call,,True,False,nonpositive_in_at_least_three_panels
R086,R086_T005,5,8,-0.13610387324275636,-0.32590608352881767,-0.7541895969842485,-0.17993096884194518,5.0,3.0,2.0,4.0,P15,recursion / function call,,True,False,nonpositive_in_at_least_three_panels
R086,R086_T006,6,1,-0.9222876339158974,-0.11573003815841129,0.7656620118392352,-0.74479662435655,1.0,4.0,6.0,2.0,P15,recursion / function call,,True,False,nonpositive_in_at_least_three_panels
R087,R087_T001,1,4,-0.5549249691221875,0.2772464862662005,0.455597731862889,0.4477668633112264,5.0,6.0,7.0,7.0,P15,recursion / function call,Calls / returns,True,True,
R087,R087_T002,2,1,-1.038620164803818,-0.43305437513300643,-0.47142757124453344,-0.8519096846345255,1.0,2.0,3.0,2.0,P15,recursion / function call,Calls / returns,True,True,
R087,R087_T003,3,3,-0.8317476769342905,-0.0387737177296709,-1.091479258908995,-1.0844428495149645,3.0,3.0,1.0,1.0,P15,recursion / function call,Calls / returns,True,True,
R087,R087_T004,4,7,-0.49288892493099584,-0.5181624028546972,-0.41078144579778786,-0.5391430932665245,6.0,1.0,4.0,3.0,P15,recursion / function call,Calls / returns,True,True,
R087,R087_T005,5,10,-0.4865991623128425,0.20319657220895437,-0.11210977333751837,-0.11110980930000942,7.0,5.0,5.0,5.0,P15,recursion / function call,Calls / returns,True,True,
R087,R087_T006,6,1,-0.8909853407053799,1.7362259638413284,-0.5152005051467724,-0.5178331229120333,2.0,7.0,2.0,4.0,P15,recursion / function call,Calls / returns,True,True,
R087,R087_T007,7,4,-0.6776134510718643,-0.03743426508360481,0.15171724717755705,0.31352880300176417,4.0,4.0,6.0,6.0,P15,recursion / function call,Calls / returns,True,True,
R088,R088_T001,1,28,1.6919506736176781,0.0771000901682634,0.4521540170536378,0.5090064057028703,3.0,3.0,3.0,3.0,P20,recursion / function call,,False,False,insufficient_or_undefined
R088,R088_T002,2,22,1.472534300257534,0.05904568780743506,0.19135439346111446,0.44100558644172044,1.0,2.0,1.0,2.0,P20,recursion / function call,,False,False,insufficient_or_undefined
R088,R088_T003,3,29,1.658915384735117,-0.09638235347919627,0.41021473476477976,0.2607575009343334,2.0,1.0,2.0,1.0,P20,recursion / function call,,False,False,insufficient_or_undefined
R088,R088_T004,4,17,1.901050387321704,0.17810725100408456,0.9890868975143975,0.8594769467299251,4.0,4.0,4.0,4.0,P20,recursion / function call,,False,False,insufficient_or_undefined
R089,R089_T001,1,20,1.001154095604827,-0.08088090786409127,0.7478384716824121,0.012935869140104861,12.0,5.0,13.0,10.0,P20,recursion / function call,Calls / returns,True,True,
R089,R089_T002,2,22,2.734102522699489,-0.05004740775278882,-0.14017148004782806,0.392324053090924,14.0,6.0,6.0,13.0,P20,recursion / function call,Calls / returns,True,True,
R089,R089_T003,3,14,-0.04917052736105743,0.23764158265595445,0.9526509464821246,-0.1894890746724961,9.0,11.0,14.0,5.0,P20,recursion / function call,Calls / returns,True,True,
R089,R089_T004,4,20,2.274433957217362,-0.04254293030560276,-0.14375847568767805,0.003501393721421812,13.0,7.0,5.0,9.0,P20,recursion / function call,Calls / returns,True,True,
R089,R089_T005,5,9,-0.1757935955152419,0.3949093464854215,0.17322414910196726,-0.2537966590214289,8.0,13.0,8.0,4.0,P20,recursion / function call,Calls / returns,True,True,
R089,R089_T006,6,10,0.31736831054535025,-0.15084218399008303,0.4144651584137633,0.3102480174667685,11.0,4.0,10.0,12.0,P20,recursion / function call,Calls / returns,True,True,
R089,R089_T007,7,7,-0.3086431622287462,0.05767849074103339,0.16215211984026945,-0.2564396949586314,6.0,9.0,7.0,3.0,P20,recursion / function call,Calls / returns,True,True,
R089,R089_T008,8,4,0.027569899725502386,0.01831024483343907,0.5437106257267762,-0.038952133119890424,10.0,8.0,12.0,7.0,P20,recursion / function call,Calls / returns,True,True,
R089,R089_T009,9,3,-0.8488483126014469,0.05839212163230334,-0.14725568442577017,0.08925637514667918,2.0,10.0,4.0,11.0,P20,recursion / function call,Calls / returns,True,True,
R089,R089_T010,10,4,-0.24423793543545044,0.3694535935274075,-0.19785731230557588,0.5168176130480809,7.0,12.0,3.0,14.0,P20,recursion / function call,Calls / returns,True,True,
R089,R089_T011,11,3,-0.6928479562247354,0.5813739877253508,-0.34849827975510855,-0.04618369992019805,5.0,14.0,2.0,6.0,P20,recursion / function call,Calls / returns,True,True,
R089,R089_T012,12,2,-0.7149340201859822,-0.25751524160254813,0.40851202901225325,-0.021056661147184314,4.0,3.0,9.0,8.0,P20,recursion / function call,Calls / returns,True,True,
R089,R089_T013,13,2,-0.7612094023592825,-0.37825553472648576,-0.48712307654857523,-0.7939077532933826,3.0,1.0,1.0,1.0,P20,recursion / function call,Calls / returns,True,True,
R089,R089_T014,14,1,-0.9314025628909232,-0.2809452243723779,0.5403311556440406,-0.5388320357774834,1.0,2.0,11.0,2.0,P20,recursion / function call,Calls / returns,True,True,
R090,R090_T001,1,16,1.653246584040269,-0.09110095203838207,0.10415586094013997,0.936160755231526,2.0,1.0,2.0,4.0,P20,recursion / function call,,False,False,insufficient_or_undefined
R090,R090_T002,2,12,2.06703010380186,0.28707855246721986,-0.3729337559559622,-0.09424242601760324,4.0,2.0,1.0,2.0,P20,recursion / function call,,False,False,insufficient_or_undefined
R090,R090_T003,3,12,2.0514819028668683,0.4210072034956917,0.3162232428120377,-0.49367089150189014,3.0,3.0,3.0,1.0,P20,recursion / function call,,False,False,insufficient_or_undefined
R090,R090_T004,4,3,0.16015754379950448,0.559499410294255,0.3264995280123617,0.15707878182846072,1.0,4.0,4.0,3.0,P20,recursion / function call,,False,False,insufficient_or_undefined
R091,R091_T001,1,3,-0.8099827201298435,0.18680827239704043,-1.2250852749259404,0.6388223429184825,4.0,9.0,1.0,12.0,P23,recursion / function call,,True,False,not_selected_under_75_percent_constraints
R091,R091_T002,2,14,0.08557347251411034,-0.16253329397163266,0.06768986021245882,-0.16594623095110148,13.0,7.0,9.0,9.0,P23,recursion / function call,,True,False,not_selected_under_75_percent_constraints
R091,R091_T003,3,5,-0.446850059476521,0.131564749937262,-0.5771012691644045,-0.18906054757561974,10.0,8.0,4.0,8.0,P23,recursion / function call,,True,False,not_selected_under_75_percent_constraints
R091,R091_T004,4,1,-0.9945692512078429,-0.4304757426931054,0.13014941164999988,-0.08827676860795795,1.0,6.0,10.0,10.0,P23,recursion / function call,,True,False,not_selected_under_75_percent_constraints
R091,R091_T005,5,2,-0.3072675190521142,-0.6289919687374637,-0.1318346607959834,0.5580666044948762,12.0,4.0,7.0,11.0,P23,recursion / function call,,True,False,not_selected_under_75_percent_constraints
R091,R091_T006,6,5,-0.3726179657467436,0.22482225289375682,1.537045965504977,1.0066277669290635,11.0,10.0,13.0,13.0,P23,recursion / function call,,True,False,not_selected_under_75_percent_constraints
R091,R091_T007,7,2,-0.733577319440204,-0.4450163948639155,0.9106624065828589,-0.3323516482283011,5.0,5.0,12.0,7.0,P23,recursion / function call,,True,False,not_selected_under_75_percent_constraints
R091,R091_T008,8,2,-0.6925259608282528,1.2549414722842838,-0.22848662827758304,-0.5398796153344347,6.0,13.0,5.0,5.0,P23,recursion / function call,,True,False,not_selected_under_75_percent_constraints
R091,R091_T009,9,3,-0.5729299032730105,-0.6652466619301194,-0.19358859973628392,-0.592365405648923,8.0,3.0,6.0,4.0,P23,recursion / function call,,True,False,not_selected_under_75_percent_constraints
R091,R091_T010,10,5,-0.4552132187064113,0.3085638922654945,-1.2239359635879496,-1.0980464505601641,9.0,12.0,2.0,1.0,P23,recursion / function call,,True,False,not_selected_under_75_percent_constraints
R091,R091_T011,11,1,-0.672708385291321,-1.5329843786303532,-0.585239974178161,-0.8826416295219773,7.0,1.0,3.0,2.0,P23,recursion / function call,,True,False,not_selected_under_75_percent_constraints
R091,R091_T012,12,2,-0.9473298091921127,0.273033659905937,-0.11899755297030029,-0.6754725803360792,2.0,11.0,8.0,3.0,P23,recursion / function call,,True,False,not_selected_under_75_percent_constraints
R091,R091_T013,13,1,-0.878317348834947,-0.8547734229929875,0.2962993653559501,-0.5082635664244007,3.0,2.0,11.0,6.0,P23,recursion / function call,,True,False,not_selected_under_75_percent_constraints
R092,R092_T001,1,7,0.04793519615146743,0.16393787953917696,-0.6618890366104203,0.36625339591172895,3.0,3.0,3.0,7.0,P24,recursion / function call,Calls / returns,True,True,
R092,R092_T002,2,15,1.0184791949642868,-0.07974413955252956,-0.3046785729661728,0.07655050921300442,6.0,1.0,6.0,6.0,P24,recursion / function call,Calls / returns,True,True,
R092,R092_T003,3,14,-0.16873949423259949,0.0300428011248712,-0.7074768834330335,-0.28563326223286095,2.0,2.0,2.0,1.0,P24,recursion / function call,Calls / returns,True,True,
R092,R092_T004,4,11,1.1427507816547429,0.38518603376088495,-0.41367225338068003,-0.19532964494189808,7.0,5.0,5.0,3.0,P24,recursion / function call,Calls / returns,True,True,
R092,R092_T005,5,10,0.4539846675836074,0.46053525157863673,-0.21900861068872665,0.04515223159275237,4.0,6.0,7.0,5.0,P24,recursion / function call,Calls / returns,True,True,
R092,R092_T006,6,4,-0.29434710735320424,0.7105330700035242,-0.5817005067263509,-0.18563557740447068,1.0,7.0,4.0,4.0,P24,recursion / function call,Calls / returns,True,True,
R092,R092_T007,7,7,0.5643213372346926,0.17623030855283342,-1.1391496649970791,-0.21702745087992723,5.0,4.0,1.0,2.0,P24,recursion / function call,Calls / returns,True,True,
R093,R093_T001,1,10,0.15488433430770396,0.0035079036615748294,0.10092042217866715,0.7748255440197774,2.0,1.0,3.0,4.0,P25,recursion / function call,,False,False,insufficient_or_undefined
R093,R093_T002,2,20,0.6024104324297954,0.27705142486590795,-0.20972083592369659,-0.338761318164881,4.0,3.0,1.0,2.0,P25,recursion / function call,,False,False,insufficient_or_undefined
R093,R093_T003,3,17,0.36464640560901357,0.032013105807465955,0.647341498014487,-0.2145617202584329,3.0,2.0,4.0,3.0,P25,recursion / function call,,False,False,insufficient_or_undefined
R093,R093_T004,4,9,-0.3933990057255716,0.3939974255988661,0.06762979214166308,-0.755645822871312,1.0,4.0,2.0,1.0,P25,recursion / function call,,False,False,insufficient_or_undefined
R094,R094_T001,1,9,-0.15445819053266524,-0.2977735463501562,-0.164589802338954,-0.307916478072463,4.0,3.0,2.0,2.0,P25,recursion / function call,,False,False,insufficient_or_undefined
R094,R094_T002,2,6,-0.35029115885396284,0.48240958494902725,-0.04736748752835903,-0.753562832384686,3.0,4.0,3.0,1.0,P25,recursion / function call,,False,False,insufficient_or_undefined
R094,R094_T003,3,1,-0.8494653851627803,-0.8827296391034527,0.19252071075786026,0.22318956306785007,1.0,1.0,4.0,4.0,P25,recursion / function call,,False,False,insufficient_or_undefined
R094,R094_T004,4,2,-0.7089776925573603,-0.49588573942898245,-0.717740057744272,-0.08098740486863093,2.0,2.0,1.0,3.0,P25,recursion / function call,,False,False,insufficient_or_undefined
R095,R095_T001,1,21,2.4065154108452536,0.2559441632824698,0.2599581683140272,-0.4234493976929192,3.0,2.0,2.0,2.0,P27,recursion / function call,,False,False,insufficient_or_undefined
R095,R095_T002,2,11,0.30993685940631527,-0.019225332386102287,0.5006636017142302,-0.7069384219542395,2.0,1.0,3.0,1.0,P27,recursion / function call,,False,False,insufficient_or_undefined
R095,R095_T003,3,4,0.28490932754088927,0.3063315277026496,-0.10171874087010564,0.6107303574784133,1.0,3.0,1.0,3.0,P27,recursion / function call,,False,False,insufficient_or_undefined
R096,R096_T001,1,3,-0.7159523238067012,0.03544604002160581,0.10456614931355633,1.4487619743920614,1.0,1.0,3.0,3.0,P27,recursion / function call,,False,False,insufficient_or_undefined
R096,R096_T002,2,9,0.36161656008256376,0.17373302940381682,-0.31574646763032654,0.27178295811259656,2.0,2.0,2.0,1.0,P27,recursion / function call,,False,False,insufficient_or_undefined
R096,R096_T003,3,3,0.4249641804924196,0.3199738045570494,-0.5195116772640206,0.6602648210265363,3.0,3.0,1.0,2.0,P27,recursion / function call,,False,False,insufficient_or_undefined
R097,R097_T001,1,7,-0.08764630647216266,-0.5760855616687272,-0.487289499374502,-8.421250323920049e-05,3.0,2.0,3.0,1.0,P28,recursion / function call,,False,False,insufficient_or_undefined
R097,R097_T002,2,4,-0.29713407833111455,1.3797562431069204,-0.7198525911843427,0.25621206592154483,2.0,3.0,2.0,3.0,P28,recursion / function call,,False,False,insufficient_or_undefined
R097,R097_T003,3,1,-0.5282230180066271,-0.9519221690778664,-1.4873048432778504,0.028505394605446464,1.0,1.0,1.0,2.0,P28,recursion / function call,,False,False,insufficient_or_undefined
R098,R098_T001,1,13,-0.0018084301620172605,0.21924088696503755,-0.9962997382500557,-0.3078895656562885,4.0,5.0,1.0,5.0,P29,recursion / function call,,True,False,not_selected_under_75_percent_constraints
R098,R098_T002,2,16,0.009039921559649422,-0.18892711694453979,0.5785792961000576,-0.7379650021984882,5.0,1.0,6.0,1.0,P29,recursion / function call,,True,False,not_selected_under_75_percent_constraints
R098,R098_T003,3,21,0.7136186974824558,0.10243971068988282,0.34786490633330186,-0.3403135544600693,6.0,4.0,5.0,3.0,P29,recursion / function call,,True,False,not_selected_under_75_percent_constraints
R098,R098_T004,4,9,-0.5968011012772059,0.05239055621232108,-0.8434327075811886,-0.3099820610878668,2.0,3.0,2.0,4.0,P29,recursion / function call,,True,False,not_selected_under_75_percent_constraints
R098,R098_T005,5,6,-0.3304682290047661,0.46833036670455624,0.09548339194619705,-0.09161087675211955,3.0,6.0,4.0,6.0,P29,recursion / function call,,True,False,not_selected_under_75_percent_constraints
R098,R098_T006,6,2,-1.007356832868057,-0.17250946376051982,0.022550164246556,-0.5559430177866137,1.0,2.0,3.0,2.0,P29,recursion / function call,,True,False,not_selected_under_75_percent_constraints
R099,R099_T001,1,9,1.0954450986173763,-0.2152214001918325,-1.1744327040446703,0.8898580846137314,11.0,4.0,2.0,11.0,P32,recursion / function call,,True,False,nonpositive_in_at_least_three_panels
R099,R099_T002,2,23,0.683576020882103,-0.29618566207679714,-0.5058486751457842,-0.2654042285749543,10.0,3.0,8.0,7.0,P32,recursion / function call,,True,False,nonpositive_in_at_least_three_panels
R099,R099_T003,3,20,0.4088071998787524,-0.1006800065961881,-1.0409949069110036,-0.37386067306097037,9.0,6.0,3.0,5.0,P32,recursion / function call,,True,False,nonpositive_in_at_least_three_panels
R099,R099_T004,4,2,-0.6893682785677743,-0.9330839168387968,0.5575902839384838,-0.1474920495245406,5.0,1.0,11.0,9.0,P32,recursion / function call,,True,False,nonpositive_in_at_least_three_panels
R099,R099_T005,5,1,-0.9200089132054504,0.9562944616383839,-0.9841471785533661,-0.634975191373889,2.0,11.0,5.0,3.0,P32,recursion / function call,,True,False,nonpositive_in_at_least_three_panels
R099,R099_T006,6,7,-0.4468963107668185,0.08690745211389582,-0.9738340685158612,-1.0186578950550398,7.0,8.0,6.0,2.0,P32,recursion / function call,,True,False,nonpositive_in_at_least_three_panels
R099,R099_T007,7,2,-1.1255895051862428,-0.3733272885870727,0.08877569063494616,-0.21028694908736179,1.0,2.0,9.0,8.0,P32,recursion / function call,,True,False,nonpositive_in_at_least_three_panels
R099,R099_T008,8,2,-0.8538260799565519,0.5626623392109756,-0.6761756250297749,-0.4810870472717683,4.0,9.0,7.0,4.0,P32,recursion / function call,,True,False,nonpositive_in_at_least_three_panels
R099,R099_T009,9,2,-0.6543824264169028,0.0172497289826032,-1.2171044473902295,-1.0325918522508228,6.0,7.0,1.0,1.0,P32,recursion / function call,,True,False,nonpositive_in_at_least_three_panels
R099,R099_T010,10,1,-0.8988603102961344,0.722042484161504,0.44565796273212027,-0.33124839554150626,3.0,10.0,10.0,6.0,P32,recursion / function call,,True,False,nonpositive_in_at_least_three_panels
R099,R099_T011,11,1,0.03375609412057025,-0.13854297549212688,-1.0122749794945076,0.04799987959676055,8.0,5.0,4.0,10.0,P32,recursion / function call,,True,False,nonpositive_in_at_least_three_panels
R100,R100_T001,1,4,-0.7757103234010762,0.2872734895142699,-0.06853332227048625,-0.19341938621379048,1.0,3.0,3.0,4.0,P02,variable update,,True,False,not_selected_under_75_percent_constraints
R100,R100_T002,2,20,0.2672938729786999,-0.008285238734673767,-0.2580538170862369,-0.21179811319541622,5.0,2.0,2.0,2.0,P02,variable update,,True,False,not_selected_under_75_percent_constraints
R100,R100_T003,3,6,-0.2162482212183179,-0.4792458752645396,-0.808253392048279,-0.26974142548492275,4.0,1.0,1.0,1.0,P02,variable update,,True,False,not_selected_under_75_percent_constraints
R100,R100_T004,4,9,-0.48812444124822124,0.3427075280358014,1.7166046948882048,1.4056776418979158,3.0,4.0,4.0,5.0,P02,variable update,,True,False,not_selected_under_75_percent_constraints
R100,R100_T005,5,2,-0.7542443418568677,0.5599627341279065,3.8594371733363175,-0.19544620360283113,2.0,5.0,5.0,3.0,P02,variable update,,True,False,not_selected_under_75_percent_constraints
R101,R101_T001,1,9,-0.46567033106741745,0.04510696853610114,-0.816326752571292,-0.06249269257608484,1.0,4.0,1.0,4.0,P02,variable update,Scalar / other,True,True,
R101,R101_T002,2,17,0.07853399194426802,-0.028526472757645867,-0.19487924331283732,-0.08066561231376997,5.0,3.0,4.0,3.0,P02,variable update,Scalar / other,True,True,
R101,R101_T003,3,16,-0.3662886394456899,-0.15546040269983857,-0.687785092890878,-0.29860152513488886,2.0,1.0,2.0,1.0,P02,variable update,Scalar / other,True,True,
R101,R101_T004,4,15,-0.05847329534895168,0.21182319343324776,1.4845673021313688,-0.23764650941285104,3.0,5.0,5.0,2.0,P02,variable update,Scalar / other,True,True,
R101,R101_T005,5,19,0.06765584221993302,-0.02930298017765164,-0.6598218614018835,0.104937006505738,4.0,2.0,3.0,5.0,P02,variable update,Scalar / other,True,True,
R102,R102_T001,1,10,-0.1887764958500957,0.220948805908065,0.0956137609235041,-0.04252233625060958,4.0,4.0,6.0,3.0,P02,variable update,,True,False,not_selected_under_75_percent_constraints
R102,R102_T002,2,4,-0.047378303264710465,0.07867311395825413,-0.6899567205583209,0.10512309198786995,5.0,3.0,2.0,5.0,P02,variable update,,True,False,not_selected_under_75_percent_constraints
R102,R102_T003,3,6,0.042483320742296105,0.4167260651405051,-0.5219841371491509,0.0014831425329998964,6.0,6.0,3.0,4.0,P02,variable update,,True,False,not_selected_under_75_percent_constraints
R102,R102_T004,4,4,-0.6219574099938936,-0.22409684329466054,-0.7915215307367616,-0.15343353301958373,3.0,2.0,1.0,2.0,P02,variable update,,True,False,not_selected_under_75_percent_constraints
R102,R102_T005,5,1,-0.9499913728374428,0.2968964706543711,-0.44401710845003484,-0.6215744227308729,1.0,5.0,4.0,1.0,P02,variable update,,True,False,not_selected_under_75_percent_constraints
R102,R102_T006,6,2,-0.8733337898517456,-0.39032121489352645,-0.3770980005143813,0.5813821717951564,2.0,1.0,5.0,6.0,P02,variable update,,True,False,not_selected_under_75_percent_constraints
R103,R103_T001,1,14,-0.521885145763022,0.023832961352943494,-0.6785170456176847,-0.4496014248276541,4.0,6.0,2.0,3.0,P02,variable update,Scalar / other,True,True,
R103,R103_T002,2,16,0.47965951005494073,0.22458928850405088,-0.1585598911184243,0.12789576691903712,9.0,7.0,6.0,6.0,P02,variable update,Scalar / other,True,True,
R103,R103_T003,3,8,-0.5508367825865902,-0.5808738197685787,-0.5942423750363901,0.4461830912201769,3.0,2.0,3.0,8.0,P02,variable update,Scalar / other,True,True,
R103,R103_T004,4,13,0.3089785616049739,0.24706893078742007,-0.302100281336588,0.1949246317554644,8.0,8.0,5.0,7.0,P02,variable update,Scalar / other,True,True,
R103,R103_T005,5,5,-0.3209581301038095,-1.181803590858446,0.013143101654677516,-0.10968922841927627,5.0,1.0,7.0,4.0,P02,variable update,Scalar / other,True,True,
R103,R103_T006,6,2,-0.7249437337002574,-0.42256861685006863,-0.4657426969029872,0.45223064493398263,2.0,3.0,4.0,9.0,P02,variable update,Scalar / other,True,True,
R103,R103_T007,7,7,0.03492397369330071,-0.36769168582663586,0.7390463523336096,0.1198937180635597,7.0,4.0,9.0,5.0,P02,variable update,Scalar / other,True,True,
R103,R103_T008,8,1,-0.9146591326711526,-0.3257756551594435,-1.2090279727034603,-0.5910308642180406,1.0,5.0,1.0,1.0,P02,variable update,Scalar / other,True,True,
R103,R103_T009,9,1,-0.2766092702043785,1.232613635501903,0.21307448597260126,-0.5008955567179268,6.0,9.0,8.0,2.0,P02,variable update,Scalar / other,True,True,
R104,R104_T001,1,13,0.03990657097909004,-0.3766303666182125,0.05242700464038893,0.7888676264266179,6.0,2.0,5.0,6.0,P03,variable update,Scalar / other,True,True,
R104,R104_T002,2,27,2.392276026295908,-0.09450399835635738,1.4994530084871398,0.9765520143364109,10.0,7.0,10.0,10.0,P03,variable update,Scalar / other,True,True,
R104,R104_T003,3,15,0.13112230668187666,0.042430295301841205,0.05773429566683567,0.8414087794799597,7.0,8.0,6.0,8.0,P03,variable update,Scalar / other,True,True,
R104,R104_T004,4,9,-0.727460208098356,-0.2705493729163027,0.4717539907928627,0.7850145622094963,3.0,3.0,7.0,5.0,P03,variable update,Scalar / other,True,True,
R104,R104_T005,5,14,0.3621682824108652,-0.19173082380876347,0.6005160592416218,0.8468889835567835,9.0,4.0,8.0,9.0,P03,variable update,Scalar / other,True,True,
R104,R104_T006,6,8,-0.3158054660974963,-0.12235666185868904,-0.5374609404074345,0.41035667631706213,5.0,6.0,3.0,3.0,P03,variable update,Scalar / other,True,True,
R104,R104_T007,7,9,0.14424202641675854,0.23046525162064768,0.7508529520102275,0.8354738549278821,8.0,9.0,9.0,7.0,P03,variable update,Scalar / other,True,True,
R104,R104_T008,8,2,-0.9635443366677211,-0.7902741090240846,-0.8553974068173948,-0.21224032210577723,2.0,1.0,1.0,1.0,P03,variable update,Scalar / other,True,True,
R104,R104_T009,9,6,-0.6585287122321638,0.8063112410282457,-0.8500597308754357,0.49211293748166246,4.0,10.0,2.0,4.0,P03,variable update,Scalar / other,True,True,
R104,R104_T010,10,1,-1.0725219012932732,-0.12417742075300058,-0.05060335195377216,0.20215881841366493,1.0,5.0,4.0,2.0,P03,variable update,Scalar / other,True,True,
R105,R105_T001,1,13,0.2171516302225902,-0.060418908356908954,-0.41130468085188676,0.4711085455156155,1.0,2.0,3.0,1.0,P04,variable update,,True,False,nonpositive_in_at_least_three_panels
R105,R105_T002,2,26,3.893180111656259,-0.1377764689814775,0.2729581008151864,0.8893914605376887,5.0,1.0,4.0,4.0,P04,variable update,,True,False,nonpositive_in_at_least_three_panels
R105,R105_T003,3,26,2.666513777144326,0.017420777781209203,-0.49563274003628893,0.7408419633045965,4.0,5.0,2.0,2.0,P04,variable update,,True,False,nonpositive_in_at_least_three_panels
R105,R105_T004,4,16,0.3680222664471621,-0.021170924234389016,0.5620037024765302,0.9608805580695782,2.0,3.0,5.0,5.0,P04,variable update,,True,False,nonpositive_in_at_least_three_panels
R105,R105_T005,5,14,1.199429046569561,-0.018106737463045603,-0.5623771233099558,0.8454533400525203,3.0,4.0,1.0,3.0,P04,variable update,,True,False,nonpositive_in_at_least_three_panels
R106,R106_T001,1,18,1.117231322923698,0.11815884075944523,1.1451565238821149,0.7339863524324984,4.0,5.0,6.0,6.0,P04,variable update,Scalar / other,True,True,
R106,R106_T002,2,19,0.6417905780762566,0.20095450810370602,-0.5761109282095942,0.1278754509631408,2.0,6.0,2.0,3.0,P04,variable update,Scalar / other,True,True,
R106,R106_T003,3,21,1.8205481825101428,-0.1523504264313646,-0.15436231074992326,0.31424495468966535,6.0,1.0,3.0,4.0,P04,variable update,Scalar / other,True,True,
R106,R106_T004,4,22,0.9274137637500331,-0.08073762055495988,-0.8728848169168842,-0.2113409392740401,3.0,2.0,1.0,1.0,P04,variable update,Scalar / other,True,True,
R106,R106_T005,5,18,0.34308223010644706,0.017223088226589658,0.20161834903037879,0.0646666101170034,1.0,4.0,4.0,2.0,P04,variable update,Scalar / other,True,True,
R106,R106_T006,6,15,1.213702942376931,-0.04537270964570575,0.23166858791845982,0.64168186238846,5.0,3.0,5.0,5.0,P04,variable update,Scalar / other,True,True,
R107,R107_T001,1,18,1.2571122320794652,-0.3945256535037409,0.12584344609996456,1.2110927700441085,6.0,1.0,3.0,7.0,P04,variable update,,True,False,not_selected_under_75_percent_constraints
R107,R107_T002,2,15,2.0046472105991575,-0.3019921300666354,0.5209337438772462,0.9421152653440856,7.0,2.0,6.0,5.0,P04,variable update,,True,False,not_selected_under_75_percent_constraints
R107,R107_T003,3,13,0.6890095216025416,-0.13378434345835113,0.47305393445395066,0.6474120572039391,4.0,3.0,4.0,2.0,P04,variable update,,True,False,not_selected_under_75_percent_constraints
R107,R107_T004,4,13,0.5638624051532606,0.3697659115306672,0.5958802352903244,1.0312676120906301,3.0,7.0,7.0,6.0,P04,variable update,,True,False,not_selected_under_75_percent_constraints
R107,R107_T005,5,10,1.1354639620875238,-0.08037205326665686,-0.5236894153801686,0.35832040371819657,5.0,4.0,1.0,1.0,P04,variable update,,True,False,not_selected_under_75_percent_constraints
R107,R107_T006,6,6,-0.3384028746008918,-0.04034593001077457,0.4937181094647392,0.7209630510573426,1.0,5.0,5.0,3.0,P04,variable update,,True,False,not_selected_under_75_percent_constraints
R107,R107_T007,7,2,0.11799138216296108,0.052608649274663265,0.11167804469672138,0.8383832904898142,2.0,6.0,2.0,4.0,P04,variable update,,True,False,not_selected_under_75_percent_constraints
R108,R108_T001,1,7,-0.019690809820127757,-0.09621047575790993,-0.3432153903725179,0.9697869399850386,3.0,2.0,2.0,5.0,P04,variable update,,True,False,not_selected_under_75_percent_constraints
R108,R108_T002,2,8,0.008509248971913444,0.07068057673388742,0.5238566944473491,0.764482649204321,4.0,4.0,6.0,4.0,P04,variable update,,True,False,not_selected_under_75_percent_constraints
R108,R108_T003,3,3,0.1847039198131728,0.4091918768274212,-0.3204478748685576,0.4072198076387263,6.0,5.0,3.0,3.0,P04,variable update,,True,False,not_selected_under_75_percent_constraints
R108,R108_T004,4,1,0.014611739094457094,0.5957626388253023,-0.2844621656587385,0.3453061449307851,5.0,6.0,4.0,2.0,P04,variable update,,True,False,not_selected_under_75_percent_constraints
R108,R108_T005,5,2,-0.6067126487510545,-0.005619711359653334,0.3752829207846568,1.4758437858042244,1.0,3.0,5.0,6.0,P04,variable update,,True,False,not_selected_under_75_percent_constraints
R108,R108_T006,6,1,-0.5073702308629863,-0.7700876307251611,-0.9151064061239342,0.0764673830240734,2.0,1.0,1.0,1.0,P04,variable update,,True,False,not_selected_under_75_percent_constraints
R109,R109_T001,1,17,0.5428579117848881,0.047661514456907215,0.3316489892075602,0.06385627316315168,3.0,4.0,2.0,4.0,P06,variable update,Calls / returns,True,True,
R109,R109_T002,2,18,0.030884704162838644,0.07229886290967495,0.5566165774947759,-1.2734129405125276,1.0,5.0,3.0,1.0,P06,variable update,Calls / returns,True,True,
R109,R109_T003,3,18,0.30411731849055235,-0.38322426493459866,-0.6205378413895283,0.5077189017225748,2.0,1.0,1.0,6.0,P06,variable update,Calls / returns,True,True,
R109,R109_T004,4,29,2.0178672368487174,-0.0980639460408968,3.360899997149742,0.02917284910788916,5.0,2.0,6.0,3.0,P06,variable update,Calls / returns,True,True,
R109,R109_T005,5,31,3.6967134235047463,0.1712738649640703,1.1417255499071175,-0.36657111339212367,6.0,6.0,5.0,2.0,P06,variable update,Calls / returns,True,True,
R109,R109_T006,6,14,0.6074934980452461,-0.044099322690552556,0.7979131340461775,0.17125530335501427,4.0,3.0,4.0,5.0,P06,variable update,Calls / returns,True,True,
R110,R110_T001,1,10,0.4022112046505624,0.41166095312341333,-0.15574859199469568,0.8957770240959803,4.0,7.0,3.0,6.0,P06,variable update,Calls / returns,True,True,
R110,R110_T002,2,16,0.5233112562906986,-0.2324275778400779,0.2629052279651525,0.04778870857553652,5.0,2.0,5.0,3.0,P06,variable update,Calls / returns,True,True,
R110,R110_T003,3,13,-0.221432863500675,-0.19227256376822835,-0.2975335594690213,0.13180009269542747,2.0,3.0,2.0,4.0,P06,variable update,Calls / returns,True,True,
R110,R110_T004,4,10,-0.03699052558969161,-0.03572679975536623,-0.4672872766628276,0.6316560277565256,3.0,5.0,1.0,5.0,P06,variable update,Calls / returns,True,True,
R110,R110_T005,5,26,2.5063448004962288,-0.11221767275424568,0.28676432996837165,1.2029960917966822,7.0,4.0,6.0,7.0,P06,variable update,Calls / returns,True,True,
R110,R110_T006,6,12,0.7432043869273558,0.028302514787503567,0.3883105726573161,-0.12689128825565213,6.0,6.0,7.0,2.0,P06,variable update,Calls / returns,True,True,
R110,R110_T007,7,7,-0.26052070699054075,-0.44804095570227853,-0.04537766634364352,-0.15888057734897212,1.0,1.0,4.0,1.0,P06,variable update,Calls / returns,True,True,
R111,R111_T001,1,16,0.39959824314991826,0.23033975313121907,-0.7152616126803323,0.06121531594425611,5.0,8.0,2.0,5.0,P06,variable update,Calls / returns,True,True,
R111,R111_T002,2,17,0.10056538633470095,0.1825920476100962,0.8780992104040406,-0.24621545465057762,3.0,7.0,8.0,3.0,P06,variable update,Calls / returns,True,True,
R111,R111_T003,3,20,0.8320200134666322,-0.2688574470376142,-0.2598835740478371,-0.32530725233872687,6.0,3.0,3.0,1.0,P06,variable update,Calls / returns,True,True,
R111,R111_T004,4,13,0.10007933509801537,0.13100403383354325,-0.7697310687461297,0.6545278093113449,2.0,5.0,1.0,7.0,P06,variable update,Calls / returns,True,True,
R111,R111_T005,5,20,2.8733399552389063,0.14407610021700257,0.5619971489355802,1.0472534559578428,8.0,6.0,6.0,8.0,P06,variable update,Calls / returns,True,True,
R111,R111_T006,6,9,1.1542230650549643,-0.03910159497309408,0.5219262608856224,-0.05952674214208894,7.0,4.0,5.0,4.0,P06,variable update,Calls / returns,True,True,
R111,R111_T007,7,4,0.09189487676665488,-0.46851255735721287,0.7251728684437607,-0.3056933414045478,1.0,2.0,7.0,2.0,P06,variable update,Calls / returns,True,True,
R111,R111_T008,8,1,0.2771012703292767,-0.8479171290099816,0.2926188593187317,0.6101908608227798,4.0,1.0,4.0,6.0,P06,variable update,Calls / returns,True,True,
R112,R112_T001,1,6,-0.3253728359259802,-0.20305730317601509,-0.47611090463075606,0.7460809999051036,4.0,3.0,2.0,4.0,P07,variable update,,True,False,nonpositive_in_at_least_three_panels
R112,R112_T002,2,8,-0.7501858183268516,0.11121619498348216,0.45054610418063407,0.037913444842932326,1.0,4.0,4.0,3.0,P07,variable update,,True,False,nonpositive_in_at_least_three_panels
R112,R112_T003,3,11,-0.48760009178360403,-0.33232530631906476,-0.6466572135683447,-0.18252398190037122,2.0,2.0,1.0,1.0,P07,variable update,,True,False,nonpositive_in_at_least_three_panels
R112,R112_T004,4,9,-0.37108115289958854,-0.48920863427587413,2.149929411424066,1.5657561798118202,3.0,1.0,5.0,5.0,P07,variable update,,True,False,nonpositive_in_at_least_three_panels
R112,R112_T005,5,12,-0.10804860129737191,0.12102498587952232,-0.22625195913965382,-0.03491717450505919,5.0,5.0,3.0,2.0,P07,variable update,,True,False,nonpositive_in_at_least_three_panels
R113,R113_T001,1,14,-0.09711103695100165,-0.09400599416297949,0.24772133270880822,0.43473993601304906,5.0,2.0,6.0,6.0,P07,variable update,,True,False,nonpositive_in_at_least_three_panels
R113,R113_T002,2,8,-0.4691011263747488,0.016186081956475612,-0.6838907287176834,0.543110593330916,3.0,5.0,3.0,7.0,P07,variable update,,True,False,nonpositive_in_at_least_three_panels
R113,R113_T003,3,18,1.377282638987193,0.03146627268216078,0.18958927429682113,-0.12301007336197119,8.0,6.0,5.0,2.0,P07,variable update,,True,False,nonpositive_in_at_least_three_panels
R113,R113_T004,4,6,-0.7602795216852996,0.4806499474624031,-1.0028297413867084,-0.542384876423308,2.0,7.0,1.0,1.0,P07,variable update,,True,False,nonpositive_in_at_least_three_panels
R113,R113_T005,5,17,-0.03335194334985214,-0.002480335868104892,0.1891734994841281,0.7788160840217014,6.0,4.0,4.0,8.0,P07,variable update,,True,False,nonpositive_in_at_least_three_panels
R113,R113_T006,6,15,0.8038699674975233,-0.04638170841526243,-0.8316354158604894,0.030656938362329744,7.0,3.0,2.0,3.0,P07,variable update,,True,False,nonpositive_in_at_least_three_panels
R113,R113_T007,7,1,-0.9491352442430244,-0.0940093817643209,0.5715630861194522,0.19931240177762746,1.0,1.0,8.0,4.0,P07,variable update,,True,False,nonpositive_in_at_least_three_panels
R113,R113_T008,8,7,-0.42786575985385156,0.5594225024831844,0.3505295006919951,0.2289228125115084,4.0,8.0,7.0,5.0,P07,variable update,,True,False,nonpositive_in_at_least_three_panels
R114,R114_T001,1,13,0.05415134349106698,0.029959325494864814,-0.12051221255861966,0.22123269782840346,3.0,4.0,5.0,5.0,P08,variable update,,True,False,not_selected_under_75_percent_constraints
R114,R114_T002,2,19,1.7407470116710817,0.3426133982295873,-0.13289718065963038,-0.1895583779480302,5.0,6.0,4.0,3.0,P08,variable update,,True,False,not_selected_under_75_percent_constraints
R114,R114_T003,3,22,2.476926176095435,0.147538511300312,-0.20553205968473862,-0.4886604205927812,6.0,5.0,3.0,1.0,P08,variable update,,True,False,not_selected_under_75_percent_constraints
R114,R114_T004,4,12,-0.5563145190787708,-0.13922612260490416,-0.29666238694569275,0.23971959096113207,2.0,2.0,2.0,6.0,P08,variable update,,True,False,not_selected_under_75_percent_constraints
R114,R114_T005,5,14,0.9446752241962878,-0.1076466086138373,-0.05447822845008995,-0.3631778790215809,4.0,3.0,6.0,2.0,P08,variable update,,True,False,not_selected_under_75_percent_constraints
R114,R114_T006,6,6,-0.6457222437662434,-0.19704226054829976,-0.5139639171935534,0.08077954347834089,1.0,1.0,1.0,4.0,P08,variable update,,True,False,not_selected_under_75_percent_constraints
R115,R115_T001,1,7,0.019517012800634826,0.49820816660295125,-0.4460301030442156,-0.600407999669745,1.0,1.0,1.0,1.0,P08,variable update,,False,False,insufficient_or_undefined
R116,R116_T001,1,24,1.9097089640193028,0.14338005452268723,-0.6627476108851112,0.20020619863067934,5.0,3.0,1.0,5.0,P10,variable update,Scalar / other,True,True,
R116,R116_T002,2,12,0.5549781871826667,-0.018568995053537707,-0.4425426527119432,-0.05440864839895437,4.0,2.0,3.0,2.0,P10,variable update,Scalar / other,True,True,
R116,R116_T003,3,3,-0.8301860704592848,-0.12507992082559968,-0.662319460749752,-0.3578429744899119,1.0,1.0,2.0,1.0,P10,variable update,Scalar / other,True,True,
R116,R116_T004,4,3,-0.8122220154792852,1.2370277126339335,0.5794369673577459,0.008064190938807114,2.0,5.0,4.0,3.0,P10,variable update,Scalar / other,True,True,
R116,R116_T005,5,4,-0.7674420165246935,0.8726750226113967,1.4370535662101478,0.07852449811220996,3.0,4.0,5.0,4.0,P10,variable update,Scalar / other,True,True,
R117,R117_T001,1,17,0.7390258455380366,0.06913095299733574,0.853914018125559,-0.36455061325112026,3.0,3.0,4.0,4.0,P10,variable update,,False,False,insufficient_or_undefined
R117,R117_T002,2,15,1.0937709206722113,-0.15558043342606107,-0.5072001770548465,-0.8164764980453406,4.0,1.0,1.0,2.0,P10,variable update,,False,False,insufficient_or_undefined
R117,R117_T003,3,8,0.034472230246555685,0.34470737487851655,0.7207410930187121,-0.41666432098809997,1.0,4.0,3.0,3.0,P10,variable update,,False,False,insufficient_or_undefined
R117,R117_T004,4,8,0.035713986443785754,-0.07829891779329737,-0.334281487702541,-0.9166027987680265,2.0,2.0,2.0,1.0,P10,variable update,,False,False,insufficient_or_undefined
R118,R118_T001,1,14,0.43308231294990907,0.10835637294804139,0.7652836788244404,-0.6072932184375429,4.0,2.0,4.0,3.0,P10,variable update,,False,False,insufficient_or_undefined
R118,R118_T002,2,15,0.01122381613496177,0.03731215923113554,-0.3161478147717439,-1.0106950467722149,2.0,1.0,1.0,1.0,P10,variable update,,False,False,insufficient_or_undefined
R118,R118_T003,3,13,0.17656442031585137,0.6333341913599396,-0.06572930147393811,-0.6280159218891875,3.0,4.0,2.0,2.0,P10,variable update,,False,False,insufficient_or_undefined
R118,R118_T004,4,2,-0.6847227809546741,0.46272762334083695,0.024774477055053052,0.3001600613300603,1.0,3.0,3.0,4.0,P10,variable update,,False,False,insufficient_or_undefined
R119,R119_T001,1,11,0.30643191846374235,-0.04278322092274386,-0.9623542006707799,-0.3757306626898982,4.0,3.0,2.0,4.0,P10,variable update,,False,False,insufficient_or_undefined
R119,R119_T002,2,8,-0.2853405357562598,-0.21928641811156097,-1.1016369768602141,-0.5539801592562801,2.0,1.0,1.0,3.0,P10,variable update,,False,False,insufficient_or_undefined
R119,R119_T003,3,3,-0.6419377970116223,1.2163465222603314,-0.6105574705275452,-1.03966988246482,1.0,4.0,4.0,1.0,P10,variable update,,False,False,insufficient_or_undefined
R119,R119_T004,4,1,-0.1602907210932926,-0.19090614492070626,-0.8320314703066561,-0.7565264358312537,3.0,2.0,3.0,2.0,P10,variable update,,False,False,insufficient_or_undefined
R120,R120_T001,1,10,-0.3765929611818914,-0.04447368388171241,1.3161137856528096,-0.22292082136357597,1.0,2.0,4.0,4.0,P10,variable update,,False,False,insufficient_or_undefined
R120,R120_T002,2,12,-0.22470702160721426,-0.01618696276336724,-0.4114726176815799,-1.212619768754941,3.0,3.0,1.0,1.0,P10,variable update,,False,False,insufficient_or_undefined
R120,R120_T003,3,5,-0.3031267223948905,0.5462501529701296,1.0837176535277895,-0.8144315323698409,2.0,4.0,3.0,2.0,P10,variable update,,False,False,insufficient_or_undefined
R120,R120_T004,4,3,1.4122664152191369,-0.37159176036766794,0.4291603148665577,-0.5075467726365419,4.0,1.0,2.0,3.0,P10,variable update,,False,False,insufficient_or_undefined
R121,R121_T001,1,11,0.2507068835956283,0.18008230326957925,1.031770397974127,-0.6999472335376188,4.0,3.0,4.0,1.0,P10,variable update,,False,False,insufficient_or_undefined
R121,R121_T002,2,5,0.0540341349963693,0.27207592275081177,-0.7293756499906573,0.12261163023108025,3.0,4.0,1.0,4.0,P10,variable update,,False,False,insufficient_or_undefined
R121,R121_T003,3,9,-0.333584477200066,0.16944121843971058,0.07338284029428765,-0.62645959412586,2.0,2.0,2.0,2.0,P10,variable update,,False,False,insufficient_or_undefined
R121,R121_T004,4,4,-0.7034266982451305,-0.13688237604000197,0.939067816614751,-0.465386474974197,1.0,1.0,3.0,3.0,P10,variable update,,False,False,insufficient_or_undefined
R122,R122_T001,1,14,0.07502676437361233,-0.1625077153081683,-0.7433634262675298,-0.741256351067177,3.0,1.0,2.0,3.0,P10,variable update,,False,False,insufficient_or_undefined
R122,R122_T002,2,7,0.010311554736507139,-0.14217952145582322,-1.0483575240413694,-0.741598182749374,2.0,2.0,1.0,2.0,P10,variable update,,False,False,insufficient_or_undefined
R122,R122_T003,3,2,-0.7619614339623048,0.011583752842178621,0.013768904729580367,-1.2319177212005916,1.0,3.0,3.0,1.0,P10,variable update,,False,False,insufficient_or_undefined
R123,R123_T001,1,3,-0.8215456188550626,-0.46521639335465287,1.0388410787517326,-0.5030577746975405,2.0,1.0,4.0,4.0,P10,variable update,,False,False,insufficient_or_undefined
R123,R123_T002,2,5,-0.5871914749191051,0.2655947965384352,-0.1043896319828518,-1.1198048211861618,4.0,3.0,1.0,1.0,P10,variable update,,False,False,insufficient_or_undefined
R123,R123_T003,3,3,-0.9917953850488278,0.8841200604081058,1.009735490597898,-0.8273095233051314,1.0,4.0,3.0,2.0,P10,variable update,,False,False,insufficient_or_undefined
R123,R123_T004,4,3,-0.6322909885594094,-0.2974013795155358,0.37368122349103094,-0.6788172911774208,3.0,2.0,2.0,3.0,P10,variable update,,False,False,insufficient_or_undefined
R124,R124_T001,1,6,-0.24485037342320062,0.13824516416720434,1.3941659492539813,-0.6683354995095465,4.0,3.0,4.0,3.0,P10,variable update,,False,False,insufficient_or_undefined
R124,R124_T002,2,4,-0.5941459580395057,0.6912858343392858,-0.21199937316892084,-1.5075246890778418,3.0,4.0,1.0,1.0,P10,variable update,,False,False,insufficient_or_undefined
R124,R124_T003,3,2,-0.8910940106557227,-0.18538665011612313,0.158935478177158,-1.0143279345782732,1.0,1.0,2.0,2.0,P10,variable update,,False,False,insufficient_or_undefined
R124,R124_T004,4,1,-0.7363005570199115,0.05975098750797967,1.0246641420140723,-0.6608544152659285,2.0,2.0,3.0,4.0,P10,variable update,,False,False,insufficient_or_undefined
R125,R125_T001,1,7,-0.5096774962344873,-0.033562450294564505,1.4033657503324053,-1.2836017974165639,3.0,2.0,3.0,2.0,P10,variable update,,False,False,insufficient_or_undefined
R125,R125_T002,2,5,-0.6012339920784813,0.623742425217142,-0.3974799419326979,-0.7998133729640449,2.0,3.0,1.0,3.0,P10,variable update,,False,False,insufficient_or_undefined
R125,R125_T003,3,1,-1.1097071779338015,-1.1540162588145435,-0.11138392892997599,-1.4902107388626453,1.0,1.0,2.0,1.0,P10,variable update,,False,False,insufficient_or_undefined
R126,R126_T001,1,3,-0.7117374288249803,0.4597697294192257,1.1848512105675375,-0.38435651076509925,3.0,4.0,4.0,4.0,P10,variable update,,False,False,insufficient_or_undefined
R126,R126_T002,2,1,-0.8092242223166172,-0.19802756307703584,-0.0070109792467123455,-1.3968500264473012,1.0,2.0,1.0,1.0,P10,variable update,,False,False,insufficient_or_undefined
R126,R126_T003,3,1,-0.8026353258612957,-0.779438596575128,0.19157333320269432,-1.097347540877038,2.0,1.0,2.0,2.0,P10,variable update,,False,False,insufficient_or_undefined
R126,R126_T004,4,3,-0.5644094018110649,-0.1919903631892832,0.6590119784584,-0.7513419005055987,4.0,3.0,3.0,3.0,P10,variable update,,False,False,insufficient_or_undefined
R127,R127_T001,1,9,-0.4395001182929423,-0.08298041971275207,-1.3543115529800118,-0.4157797100963296,3.0,2.0,1.0,4.0,P10,variable update,,False,False,insufficient_or_undefined
R127,R127_T002,2,7,-0.4360191633362626,0.6565173394443967,-1.1364959004719284,-0.6956020472294092,4.0,4.0,2.0,3.0,P10,variable update,,False,False,insufficient_or_undefined
R127,R127_T003,3,2,-0.6962181001440002,0.47234915505998815,-0.01452690144707027,-1.2749653244058596,2.0,3.0,4.0,1.0,P10,variable update,,False,False,insufficient_or_undefined
R127,R127_T004,4,1,-0.7397755809138026,-1.7229056285855449,-0.7666879559744975,-0.7538039684479974,1.0,1.0,3.0,2.0,P10,variable update,,False,False,insufficient_or_undefined
R128,R128_T001,1,2,-0.31740121016725237,-0.06841417898624039,0.7369042794187491,-0.6329021495422652,4.0,2.0,4.0,4.0,P10,variable update,,False,False,insufficient_or_undefined
R128,R128_T002,2,2,-0.7898314894759748,0.07600304481111134,-0.2808447338601318,-1.3364610050144812,2.0,3.0,1.0,1.0,P10,variable update,,False,False,insufficient_or_undefined
R128,R128_T003,3,2,-0.7246969165659568,0.20398687163317342,0.6525965973726134,-1.0994587194970193,3.0,4.0,3.0,2.0,P10,variable update,,False,False,insufficient_or_undefined
R128,R128_T004,4,1,-0.8244886280301825,-0.35943528558626514,-0.2059710435468796,-0.7305280125999531,1.0,1.0,2.0,3.0,P10,variable update,,False,False,insufficient_or_undefined
R129,R129_T001,1,14,-0.30188349616060456,-0.08975446131175967,-0.1654549370802693,0.5520826949256036,2.0,2.0,3.0,2.0,P11,variable update,Scalar / other,True,True,
R129,R129_T002,2,22,1.3504926615152553,0.05254233249473151,0.10570764846396123,0.8528787924120277,5.0,5.0,4.0,6.0,P11,variable update,Scalar / other,True,True,
R129,R129_T003,3,21,0.825334573181995,-0.20189454845965496,-0.4127180597930457,0.6596119024966244,4.0,1.0,2.0,4.0,P11,variable update,Scalar / other,True,True,
R129,R129_T004,4,24,3.4687687716319844,0.03681091299212438,-0.5496481774213758,0.17707509978521715,6.0,4.0,1.0,1.0,P11,variable update,Scalar / other,True,True,
R129,R129_T005,5,7,-0.5596273370949872,-0.06556137843548078,0.15282105477594157,0.5589111021142505,1.0,3.0,5.0,3.0,P11,variable update,Scalar / other,True,True,
R129,R129_T006,6,13,0.47849595633590064,0.4807148146482269,1.2386155457571455,0.6897957783930911,3.0,6.0,6.0,5.0,P11,variable update,Scalar / other,True,True,
R130,R130_T001,1,22,1.0708261794489198,0.15000691496447754,1.3631417458770183,0.09488878505687244,4.0,3.0,5.0,4.0,P11,variable update,,True,False,not_selected_under_75_percent_constraints
R130,R130_T002,2,15,-0.09823760564805518,0.33113495329030795,-0.23396204153425423,-0.5876066505583472,3.0,5.0,2.0,2.0,P11,variable update,,True,False,not_selected_under_75_percent_constraints
R130,R130_T003,3,19,1.1937961368613357,-0.032522776970622176,-0.7036123883444141,-1.018823464213672,5.0,1.0,1.0,1.0,P11,variable update,,True,False,not_selected_under_75_percent_constraints
R130,R130_T004,4,6,-0.4475366078146628,0.17281767009697527,1.2760438040225202,0.22647218407797506,2.0,4.0,4.0,5.0,P11,variable update,,True,False,not_selected_under_75_percent_constraints
R130,R130_T005,5,3,-0.4586518299324344,0.13304729219356556,1.2004758194627254,-0.06863765103146591,1.0,2.0,3.0,3.0,P11,variable update,,True,False,not_selected_under_75_percent_constraints
R131,R131_T001,1,21,1.6005813327023855,-0.14871479741223528,0.8089043823820715,-0.8147947560641668,6.0,4.0,4.0,2.0,P11,variable update,,True,False,nonpositive_in_at_least_three_panels
R131,R131_T002,2,10,-0.5214679558632002,0.3830715730437822,1.013597571560955,-0.17445653831974858,3.0,5.0,5.0,5.0,P11,variable update,,True,False,nonpositive_in_at_least_three_panels
R131,R131_T003,3,10,-0.331040759717677,-0.21399989018980312,-0.46651139597064945,-0.7532069184051328,4.0,2.0,1.0,3.0,P11,variable update,,True,False,nonpositive_in_at_least_three_panels
R131,R131_T004,4,18,0.6798480836797314,-0.18614075687625375,0.20561723987718805,-0.8897269360579241,5.0,3.0,2.0,1.0,P11,variable update,,True,False,nonpositive_in_at_least_three_panels
R131,R131_T005,5,1,-0.6679515424849218,-1.2244423247914684,1.3108653059132422,0.39824792715117496,2.0,1.0,6.0,6.0,P11,variable update,,True,False,nonpositive_in_at_least_three_panels
R131,R131_T006,6,2,-0.8789777813076166,0.4896253954719158,0.30375832190666113,-0.19810027446700476,1.0,6.0,3.0,4.0,P11,variable update,,True,False,nonpositive_in_at_least_three_panels
R132,R132_T001,1,21,1.7209442843401448,-0.00784191215619002,-0.46035254972072526,-1.259283741549268,5.0,4.0,2.0,1.0,P11,variable update,,True,False,nonpositive_in_at_least_three_panels
R132,R132_T002,2,7,-0.6914137935733743,-0.3818862009087079,1.3628858362064287,-0.0503299707784716,1.0,1.0,5.0,4.0,P11,variable update,,True,False,nonpositive_in_at_least_three_panels
R132,R132_T003,3,14,0.010447677843591971,-0.3398596372052277,-0.499121154913651,-0.7622893828372247,3.0,2.0,1.0,2.0,P11,variable update,,True,False,nonpositive_in_at_least_three_panels
R132,R132_T004,4,9,0.33698596369846207,-0.03186778703661338,0.0967519099821027,-0.33390877533737573,4.0,3.0,3.0,3.0,P11,variable update,,True,False,nonpositive_in_at_least_three_panels
R132,R132_T005,5,6,-0.5041276619369593,0.2808697132922629,0.8096719896226205,0.1225288139819693,2.0,5.0,4.0,5.0,P11,variable update,,True,False,nonpositive_in_at_least_three_panels
R133,R133_T001,1,21,0.7260428782711501,0.053182866711333245,0.8176666839281556,0.868833052331795,5.0,5.0,5.0,5.0,P11,variable update,Scalar / other,True,True,
R133,R133_T002,2,13,-0.14859872404806487,-0.16577662634482848,-0.07589780024125221,0.3154400077599105,2.0,1.0,3.0,4.0,P11,variable update,Scalar / other,True,True,
R133,R133_T003,3,25,4.087184224071766,-0.035914697305913096,-0.543760651152653,-0.6484022637418767,6.0,3.0,2.0,1.0,P11,variable update,Scalar / other,True,True,
R133,R133_T004,4,9,0.08025138723573293,-0.035820137177613204,0.898205697636361,0.9295494242179684,4.0,4.0,6.0,6.0,P11,variable update,Scalar / other,True,True,
R133,R133_T005,5,11,-0.23592701110179246,0.20548287375028604,-0.039259791927824084,-0.1210713000783168,1.0,6.0,4.0,3.0,P11,variable update,Scalar / other,True,True,
R133,R133_T006,6,6,0.037235270919291956,-0.12545924870973177,-0.8784379926315352,-0.4749223271180793,3.0,2.0,1.0,2.0,P11,variable update,Scalar / other,True,True,
R134,R134_T001,1,12,0.9366561532401789,0.1381937168047118,-0.0021799181681977733,-0.9577094093649858,3.0,3.0,2.0,2.0,P11,variable update,,False,False,insufficient_or_undefined
R134,R134_T002,2,5,-0.22910904313107264,0.15111909346299005,0.6327084893065049,-0.17315670214472967,2.0,4.0,4.0,4.0,P11,variable update,,False,False,insufficient_or_undefined
R134,R134_T003,3,8,-0.32375514991419546,-0.49285632034270843,0.196745200806164,-1.0708271297637324,1.0,1.0,3.0,1.0,P11,variable update,,False,False,insufficient_or_undefined
R134,R134_T004,4,8,1.1090661020807564,0.05504569727890714,-1.0273750648749724,-0.37944248513618484,4.0,2.0,1.0,3.0,P11,variable update,,False,False,insufficient_or_undefined
R135,R135_T001,1,5,-0.27360016102630813,0.1922141261342831,-0.6016667848196123,-1.2068687306273977,3.0,4.0,2.0,1.0,P11,variable update,,False,False,insufficient_or_undefined
R135,R135_T002,2,4,-0.37433369835947133,-0.181433438799728,1.0819536363941793,-0.37265937078373135,1.0,1.0,4.0,4.0,P11,variable update,,False,False,insufficient_or_undefined
R135,R135_T003,3,2,-0.3500623298334562,0.14043805167452933,-0.713512621368435,-0.6527785530924107,2.0,3.0,1.0,3.0,P11,variable update,,False,False,insufficient_or_undefined
R135,R135_T004,4,2,-0.22389902720003826,-0.1105734954095472,0.3877502877283738,-0.7888728589753026,4.0,2.0,3.0,2.0,P11,variable update,,False,False,insufficient_or_undefined
R136,R136_T001,1,9,-0.07614239814835717,0.07326607608047592,-1.3659144500537617,-0.46569322033139326,1.0,4.0,1.0,1.0,P13,variable update,Scalar / other,True,True,
R136,R136_T002,2,32,4.19523989552555,0.16339750567429567,-0.19697377774808955,-0.133010236941856,5.0,5.0,4.0,3.0,P13,variable update,Scalar / other,True,True,
R136,R136_T003,3,25,1.6620125446632663,-0.03715907782633532,-0.6328029074257214,-0.03820526818438661,3.0,3.0,2.0,4.0,P13,variable update,Scalar / other,True,True,
R136,R136_T004,4,32,6.746456994224968,-0.04315354628862528,-0.22912990852623052,0.039409756422306035,6.0,1.0,3.0,6.0,P13,variable update,Scalar / other,True,True,
R136,R136_T005,5,24,3.407597098766516,-0.04142353609916264,0.015658441827234037,-0.13926196374949817,4.0,2.0,5.0,2.0,P13,variable update,Scalar / other,True,True,
R136,R136_T006,6,8,1.344906026258327,0.5245669846840434,0.6768123937300402,0.031200453791500216,2.0,6.0,6.0,5.0,P13,variable update,Scalar / other,True,True,
R137,R137_T001,1,9,-0.5249235545687957,0.060518406297225935,-1.31175258897039,-0.6000844410025246,2.0,6.0,1.0,1.0,P13,variable update,Scalar / other,True,True,
R137,R137_T002,2,7,-0.6541798167641212,-0.5096666134767517,0.7245912339907044,-0.45854557845819127,1.0,1.0,5.0,2.0,P13,variable update,Scalar / other,True,True,
R137,R137_T003,3,28,3.891761267383398,-0.04190260719568343,-0.3312637405127139,-0.34589877408257164,6.0,3.0,3.0,3.0,P13,variable update,Scalar / other,True,True,
R137,R137_T004,4,23,2.098536248517194,0.03204832339958131,-0.011977520015029913,0.16600702880895205,5.0,4.0,4.0,5.0,P13,variable update,Scalar / other,True,True,
R137,R137_T005,5,22,0.9008274396124696,0.03975118225542916,1.216965359138774,1.2618961646342686,3.0,5.0,6.0,6.0,P13,variable update,Scalar / other,True,True,
R137,R137_T006,6,24,1.606758597830287,-0.07137355781736261,-0.6008269509915047,-0.16975947577271341,4.0,2.0,2.0,4.0,P13,variable update,Scalar / other,True,True,
R138,R138_T001,1,14,0.6900428001134132,-0.1307549909957403,-1.0978923892312948,-0.5984022046165548,4.0,1.0,1.0,1.0,P13,variable update,,True,False,not_selected_under_75_percent_constraints
R138,R138_T002,2,29,6.926147505693521,-0.07522293023402843,-0.690489212526887,-0.5914815994476106,7.0,2.0,3.0,2.0,P13,variable update,,True,False,not_selected_under_75_percent_constraints
R138,R138_T003,3,23,1.1856641685452691,-0.007051462375321649,-0.7498558894050905,-0.4005580708076147,5.0,4.0,2.0,3.0,P13,variable update,,True,False,not_selected_under_75_percent_constraints
R138,R138_T004,4,21,4.9701654892640414,0.12052045939881935,0.7781148489894557,0.3621921132076766,6.0,6.0,6.0,6.0,P13,variable update,,True,False,not_selected_under_75_percent_constraints
R138,R138_T005,5,11,0.5038297685451072,-0.041547627203863596,-0.1075611959625254,-0.04207433993768237,3.0,3.0,4.0,4.0,P13,variable update,,True,False,not_selected_under_75_percent_constraints
R138,R138_T006,6,4,-0.002192312303979723,0.05989035069377284,1.7199215168850632,1.2739267133408883,2.0,5.0,7.0,7.0,P13,variable update,,True,False,not_selected_under_75_percent_constraints
R138,R138_T007,7,3,-0.419482947426415,0.23284391166895024,0.32014597359813274,-0.02186409255455557,1.0,7.0,5.0,5.0,P13,variable update,,True,False,not_selected_under_75_percent_constraints
R139,R139_T001,1,9,-0.1518025484529244,-0.09834733630942546,-0.3277198140659445,0.643522461416867,1.0,3.0,2.0,2.0,P13,variable update,,False,False,insufficient_or_undefined
R139,R139_T002,2,15,1.203249244810973,0.12294834818021025,0.5293441670887634,1.3471168051404387,3.0,4.0,3.0,4.0,P13,variable update,,False,False,insufficient_or_undefined
R139,R139_T003,3,6,0.25056667523924386,-0.29955107265304165,-0.45272855278026974,-0.4408362594513408,2.0,1.0,1.0,1.0,P13,variable update,,False,False,insufficient_or_undefined
R139,R139_T004,4,6,1.5722462983257628,-0.2765844436949484,0.732107890834753,0.6610075624754139,4.0,2.0,4.0,3.0,P13,variable update,,False,False,insufficient_or_undefined
R140,R140_T001,1,23,3.962980919284543,0.15867183923207054,0.1573516800355471,-0.0613368017604465,6.0,4.0,5.0,4.0,P15,variable update,,True,False,not_selected_under_75_percent_constraints
R140,R140_T002,2,24,2.460168549351772,0.23794652320767298,-0.2175304373624364,-0.22629509375609666,4.0,6.0,3.0,2.0,P15,variable update,,True,False,not_selected_under_75_percent_constraints
R140,R140_T003,3,11,-0.029968153880440333,0.1667664727965186,-0.6557752779452879,0.04991962061263334,2.0,5.0,1.0,6.0,P15,variable update,,True,False,not_selected_under_75_percent_constraints
R140,R140_T004,4,13,-0.031291518265327445,0.029823464016594452,-0.43359071593371684,-0.0002426184838558304,1.0,3.0,2.0,5.0,P15,variable update,,True,False,not_selected_under_75_percent_constraints
R140,R140_T005,5,12,2.5034712083689428,-0.0759000453300168,0.6861236911085764,-0.49151532425955025,5.0,2.0,6.0,1.0,P15,variable update,,True,False,not_selected_under_75_percent_constraints
R140,R140_T006,6,3,0.40906029019471574,-0.4353387160045898,0.148449984318456,-0.08528027326596954,3.0,1.0,4.0,3.0,P15,variable update,,True,False,not_selected_under_75_percent_constraints
R141,R141_T001,1,21,1.156543400954886,0.18021096748762733,-0.3231140209701043,0.43840495973211224,4.0,5.0,2.0,6.0,P15,variable update,,True,False,nonpositive_in_at_least_three_panels
R141,R141_T002,2,24,2.4925882296362496,-0.092904856750965,-0.2074309433103992,0.08838584462988035,6.0,2.0,3.0,3.0,P15,variable update,,True,False,nonpositive_in_at_least_three_panels
R141,R141_T003,3,15,0.5168618097997187,0.14981189976944814,0.10538779919722295,0.2790175107280995,3.0,4.0,4.0,4.0,P15,variable update,,True,False,nonpositive_in_at_least_three_panels
R141,R141_T004,4,23,2.9732851357350825,0.19353264179248167,0.14788963196731544,0.38905340026742125,7.0,6.0,5.0,5.0,P15,variable update,,True,False,nonpositive_in_at_least_three_panels
R141,R141_T005,5,19,1.7671755771864561,-0.05807442926075719,-0.40723495973311813,-0.19462140476105041,5.0,3.0,1.0,1.0,P15,variable update,,True,False,nonpositive_in_at_least_three_panels
R141,R141_T006,6,5,-0.3798941962629429,0.24203842441275106,1.2606372843545885,-0.1751965467229565,2.0,7.0,7.0,2.0,P15,variable update,,True,False,nonpositive_in_at_least_three_panels
R141,R141_T007,7,6,-0.40116509956270724,-0.6891716567227381,0.44736925908896646,0.6961513401171521,1.0,1.0,6.0,7.0,P15,variable update,,True,False,nonpositive_in_at_least_three_panels
R142,R142_T001,1,12,0.9722573412365633,0.10516728181039453,-0.49835096318948185,0.6336934889380329,5.0,4.0,1.0,2.0,P15,variable update,,True,False,nonpositive_in_at_least_three_panels
R142,R142_T002,2,12,0.14132212969151053,0.042063326181930566,0.22862387241730805,0.7225642886875333,2.0,3.0,3.0,3.0,P15,variable update,,True,False,nonpositive_in_at_least_three_panels
R142,R142_T003,3,16,0.9553162170127557,-0.07887647115505614,-0.41051169603890925,0.40786789586174715,4.0,1.0,2.0,1.0,P15,variable update,,True,False,nonpositive_in_at_least_three_panels
R142,R142_T004,4,12,-0.15310247273018765,0.19824948235542128,0.289989812317946,0.8733476418269651,1.0,5.0,4.0,5.0,P15,variable update,,True,False,nonpositive_in_at_least_three_panels
R142,R142_T005,5,17,0.6516000118516423,-0.029528037378303184,0.45242554956430286,0.7589535719457311,3.0,2.0,5.0,4.0,P15,variable update,,True,False,nonpositive_in_at_least_three_panels
R143,R143_T001,1,10,-0.21412908025461994,-0.4221980385540852,0.020187982940843303,0.6288936947367032,2.0,1.0,2.0,2.0,P15,variable update,,False,False,insufficient_or_undefined
R143,R143_T002,2,3,-0.5536480911126659,0.926097766831553,-0.9767746382340846,0.20209954487320678,1.0,2.0,1.0,1.0,P15,variable update,,False,False,insufficient_or_undefined
R144,R144_T001,1,12,-0.1611523553865269,-0.07250532777680149,-0.09685419042656163,-0.14321947352421466,2.0,3.0,2.0,1.0,P17,variable update,,True,False,not_selected_under_75_percent_constraints
R144,R144_T002,2,23,0.9886530355736385,-0.06629065380776174,-0.052667130940580176,-0.0057345593217345186,5.0,4.0,3.0,3.0,P17,variable update,,True,False,not_selected_under_75_percent_constraints
R144,R144_T003,3,14,0.4393237909042437,-0.1413798720579378,-0.7040842760937744,-0.11039910407619526,4.0,1.0,1.0,2.0,P17,variable update,,True,False,not_selected_under_75_percent_constraints
R144,R144_T004,4,13,-0.36060065419248893,-0.12536830688863887,0.4573691873476875,1.4512022759858005,1.0,2.0,4.0,5.0,P17,variable update,,True,False,not_selected_under_75_percent_constraints
R144,R144_T005,5,15,0.32835552631160886,0.15429423798258182,3.629802079409711,0.13555609705746427,3.0,5.0,5.0,4.0,P17,variable update,,True,False,not_selected_under_75_percent_constraints
R145,R145_T001,1,17,0.5789747286097903,0.053701993380739076,-0.08320486575147777,0.5146919815047433,4.0,3.0,4.0,7.0,P17,variable update,,True,False,nonpositive_in_at_least_three_panels
R145,R145_T002,2,16,0.14110387215338402,0.20569521462493373,-0.9024240033831896,0.18420736727374556,3.0,7.0,1.0,4.0,P17,variable update,,True,False,nonpositive_in_at_least_three_panels
R145,R145_T003,3,27,1.086768143134763,0.15465920573031083,0.36325800013368587,-0.11165633357991639,7.0,6.0,6.0,2.0,P17,variable update,,True,False,nonpositive_in_at_least_three_panels
R145,R145_T004,4,25,0.9475693097323381,0.08708465773618496,-0.22523110249533973,-0.443334671821439,6.0,5.0,3.0,1.0,P17,variable update,,True,False,nonpositive_in_at_least_three_panels
R145,R145_T005,5,22,0.03595975454203322,-0.19604877347669739,-0.041889110614696023,0.2095783338168236,2.0,2.0,5.0,5.0,P17,variable update,,True,False,nonpositive_in_at_least_three_panels
R145,R145_T006,6,21,0.7719854409166366,0.0853059220193947,0.8945054856704234,-0.061078091480860824,5.0,4.0,7.0,3.0,P17,variable update,,True,False,nonpositive_in_at_least_three_panels
R145,R145_T007,7,14,-0.46146125578062214,-0.573467150917316,-0.5268984927159669,0.21693664132473445,1.0,1.0,2.0,6.0,P17,variable update,,True,False,nonpositive_in_at_least_three_panels
R146,R146_T001,1,20,0.5484135602528762,-0.0922409891703121,-0.45414023054777725,0.34018357723001985,5.0,1.0,4.0,5.0,P17,variable update,,True,False,nonpositive_in_at_least_three_panels
R146,R146_T002,2,23,0.10038225248122389,0.14887882896557378,-0.6460457907589977,-0.051576798030873415,3.0,5.0,3.0,2.0,P17,variable update,,True,False,nonpositive_in_at_least_three_panels
R146,R146_T003,3,24,0.4494413626739296,-0.011091506098009025,-0.8276749122079948,0.4093844187233273,4.0,2.0,1.0,7.0,P17,variable update,,True,False,nonpositive_in_at_least_three_panels
R146,R146_T004,4,27,1.7270735573143206,0.11900333487347362,-0.2739766307649091,0.35496613039030095,6.0,4.0,5.0,6.0,P17,variable update,,True,False,nonpositive_in_at_least_three_panels
R146,R146_T005,5,26,1.8571136982057233,0.10511041936177178,-0.7349842055095697,-0.18631900213833233,7.0,3.0,2.0,1.0,P17,variable update,,True,False,nonpositive_in_at_least_three_panels
R146,R146_T006,6,6,-0.4527116016338664,0.3463986241179969,0.2689577475469161,0.3382886472958253,1.0,6.0,7.0,4.0,P17,variable update,,True,False,nonpositive_in_at_least_three_panels
R146,R146_T007,7,6,-0.19524844851071577,0.5605578933715912,0.15958087038934496,-0.050318484654983585,2.0,7.0,6.0,3.0,P17,variable update,,True,False,nonpositive_in_at_least_three_panels
R147,R147_T001,1,17,1.0356977120775357,-0.10128128838312063,0.1494698143825166,-0.5248580933439676,5.0,2.0,3.0,2.0,P17,variable update,Scalar / other,True,True,
R147,R147_T002,2,23,1.7559924100514432,0.1222912131215166,0.9378066760834095,-0.41826360755154973,6.0,4.0,5.0,3.0,P17,variable update,Scalar / other,True,True,
R147,R147_T003,3,18,0.8216308885208106,0.3113218168766027,0.7834626806251812,-0.1488903638776615,4.0,6.0,4.0,6.0,P17,variable update,Scalar / other,True,True,
R147,R147_T004,4,5,-0.21625275829285742,-0.24713096716641783,-0.4503864070614713,-0.5974041734005997,2.0,1.0,2.0,1.0,P17,variable update,Scalar / other,True,True,
R147,R147_T005,5,5,0.06238891356006419,0.14763039957742807,1.50935773919063,-0.30354272392728915,3.0,5.0,6.0,4.0,P17,variable update,Scalar / other,True,True,
R147,R147_T006,6,1,-0.719349261414723,-0.09485053779527029,-0.46567895265462184,-0.179001029594142,1.0,3.0,1.0,5.0,P17,variable update,Scalar / other,True,True,
R148,R148_T001,1,19,1.5801493988888657,-0.256209906202883,-0.21883994436993726,0.26837441069111545,2.0,1.0,1.0,2.0,P17,variable update,,False,False,insufficient_or_undefined
R148,R148_T002,2,11,0.021441720994968216,0.04991234495688935,0.27438354238966367,0.11514335414672162,1.0,2.0,2.0,1.0,P17,variable update,,False,False,insufficient_or_undefined
R149,R149_T001,1,13,0.07788604505017986,0.09451355149978936,0.3873142938125726,0.2972442334952898,4.0,5.0,6.0,5.0,P20,variable update,,True,False,nonpositive_in_at_least_three_panels
R149,R149_T002,2,27,2.282059718988826,0.2985680443833157,-0.27827341497512365,0.16733909274835124,8.0,8.0,3.0,3.0,P20,variable update,,True,False,nonpositive_in_at_least_three_panels
R149,R149_T003,3,13,-0.47525075870088357,-0.1606579166074501,-0.16170685332138224,-0.25863590567438266,1.0,3.0,4.0,1.0,P20,variable update,,True,False,nonpositive_in_at_least_three_panels
R149,R149_T004,4,25,2.0174286490192297,0.015375293591126833,-0.6366845551586929,-0.14063931924482392,7.0,4.0,2.0,2.0,P20,variable update,,True,False,nonpositive_in_at_least_three_panels
R149,R149_T005,5,4,-0.43767454498865316,0.1523308171237406,-0.6481168031640586,0.5803243829440893,2.0,6.0,1.0,8.0,P20,variable update,,True,False,nonpositive_in_at_least_three_panels
R149,R149_T006,6,10,0.6831075975225055,0.24260084382066344,3.2777155760975223,0.5306485362805492,5.0,7.0,8.0,6.0,P20,variable update,,True,False,nonpositive_in_at_least_three_panels
R149,R149_T007,7,12,1.3742648637572177,-0.48883807864396894,0.10838035799629897,0.2506773832319121,6.0,1.0,5.0,4.0,P20,variable update,,True,False,nonpositive_in_at_least_three_panels
R149,R149_T008,8,8,0.035861956988574174,-0.22378880891934938,0.7605825602017943,0.5446885775767332,3.0,2.0,7.0,7.0,P20,variable update,,True,False,nonpositive_in_at_least_three_panels
R150,R150_T001,1,23,1.10645091288533,-0.017371412310682965,0.6967141895212063,0.9017925204295437,7.0,6.0,6.0,8.0,P20,variable update,Calls / returns,True,True,
R150,R150_T002,2,19,0.20917345104825982,-0.16459741646590326,-0.2136339130664281,0.9693422011878748,4.0,3.0,2.0,9.0,P20,variable update,Calls / returns,True,True,
R150,R150_T003,3,26,2.6737929191708587,-0.21643269338575907,0.8236178057910536,0.8367572295811079,9.0,1.0,7.0,7.0,P20,variable update,Calls / returns,True,True,
R150,R150_T004,4,26,2.0855001712939067,0.004151465075313652,0.9442423458056134,0.6725472042242265,8.0,7.0,9.0,6.0,P20,variable update,Calls / returns,True,True,
R150,R150_T005,5,16,0.5771665158192948,0.31479110255907905,0.9069376412550311,0.27950864027994193,6.0,9.0,8.0,4.0,P20,variable update,Calls / returns,True,True,
R150,R150_T006,6,13,0.14743997701955347,-0.12095835661469777,0.5031563223853398,0.46175830139754787,3.0,4.0,5.0,5.0,P20,variable update,Calls / returns,True,True,
R150,R150_T007,7,14,-0.02666048991150573,0.10679002819862024,-0.5924230549583237,-0.4086515968285343,2.0,8.0,1.0,1.0,P20,variable update,Calls / returns,True,True,
R150,R150_T008,8,9,-0.36678357543041357,-0.20712380763745075,0.169341532878404,-0.35461963582333106,1.0,2.0,3.0,2.0,P20,variable update,Calls / returns,True,True,
R150,R150_T009,9,13,0.26585196176041354,-0.09492069387089443,0.31190356544515,0.1381577015044276,5.0,5.0,4.0,3.0,P20,variable update,Calls / returns,True,True,
R151,R151_T001,1,8,0.23850295272704428,0.04828443605966587,0.1026718001287742,-0.22566488493038683,8.0,7.0,8.0,8.0,P20,variable update,Calls / returns,True,True,
R151,R151_T002,2,9,-0.015000226123497468,-0.0836275929176263,-0.8137493721414719,-0.621085233620858,5.0,4.0,2.0,4.0,P20,variable update,Calls / returns,True,True,
R151,R151_T003,3,7,0.8185632457497644,-0.2722188699795262,-0.5156605665588975,-0.659628881856643,9.0,2.0,6.0,3.0,P20,variable update,Calls / returns,True,True,
R151,R151_T004,4,9,0.21524791373838978,0.04875524863705674,-0.5899876387510629,-0.5792847335973552,7.0,8.0,3.0,5.0,P20,variable update,Calls / returns,True,True,
R151,R151_T005,5,3,-0.07985105251631339,-0.0012057037384549663,0.1441275409012149,-0.9620099444239313,4.0,5.0,9.0,1.0,P20,variable update,Calls / returns,True,True,
R151,R151_T006,6,5,0.1403919371449498,0.0033761646811107937,-0.4008690478352908,-0.4852141813093021,6.0,6.0,7.0,7.0,P20,variable update,Calls / returns,True,True,
R151,R151_T007,7,1,-0.49164846469622353,-0.8672553155144762,-0.8421312164553881,-0.8110279907641321,2.0,1.0,1.0,2.0,P20,variable update,Calls / returns,True,True,
R151,R151_T008,8,2,-0.5965777612800095,-0.22364746191021134,-0.5374452191108751,-0.5075246331370358,1.0,3.0,4.0,6.0,P20,variable update,Calls / returns,True,True,
R151,R151_T009,9,1,-0.27586937469761813,0.22801598719957322,-0.5328697928182282,0.2210777819967276,3.0,9.0,5.0,9.0,P20,variable update,Calls / returns,True,True,
R152,R152_T001,1,4,-0.3230874406778535,0.3673598894620746,-0.7424035579634592,0.27917443048677915,2.0,5.0,1.0,3.0,P21,variable update,Scalar / other,True,True,
R152,R152_T002,2,22,0.7275073308458975,0.10696517260288987,0.2877869903649232,0.10584147727724184,4.0,3.0,3.0,1.0,P21,variable update,Scalar / other,True,True,
R152,R152_T003,3,14,-0.36637742773245113,-0.3294949922307816,-0.30451332323876107,0.28097023293334206,1.0,1.0,2.0,4.0,P21,variable update,Scalar / other,True,True,
R152,R152_T004,4,17,1.323755969626569,-0.20955044277346538,0.35753399403837954,0.2660825515172405,5.0,2.0,4.0,2.0,P21,variable update,Scalar / other,True,True,
R152,R152_T005,5,10,0.5042298295070755,0.22360721707817577,0.8615042350481005,0.31137807688655594,3.0,4.0,5.0,5.0,P21,variable update,Scalar / other,True,True,
R153,R153_T001,1,9,-0.21855086227309004,0.145216280091953,0.037772511635359315,0.4616639079380105,3.0,2.0,5.0,5.0,P21,variable update,Scalar / other,True,True,
R153,R153_T002,2,2,-0.7736943641794135,0.8334730867813931,-0.6203935886135308,0.20669793929019953,1.0,5.0,1.0,4.0,P21,variable update,Scalar / other,True,True,
R153,R153_T003,3,6,0.7538477554525024,0.4297125909397123,-0.32831419030173065,-0.05783640196020221,5.0,4.0,3.0,3.0,P21,variable update,Scalar / other,True,True,
R153,R153_T004,4,2,0.2184439190177616,0.08046674174607382,-0.3701511363030108,-0.6010086455233609,4.0,1.0,2.0,1.0,P21,variable update,Scalar / other,True,True,
R153,R153_T005,5,1,-0.4905778945083236,0.23238143939662942,-0.09589211453899511,-0.5474109211172142,2.0,3.0,4.0,2.0,P21,variable update,Scalar / other,True,True,
R154,R154_T001,1,28,2.989256881906926,0.030122557846902823,1.0517628822995855,-0.4708467800015332,4.0,3.0,2.0,2.0,P22,variable update,,False,False,insufficient_or_undefined
R154,R154_T002,2,18,0.9080505854978838,-0.02403805508310763,1.348832701405458,-0.826841180562813,3.0,1.0,3.0,1.0,P22,variable update,,False,False,insufficient_or_undefined
R154,R154_T003,3,20,0.4783089816247584,0.21116922496218876,1.8374501785834398,0.9395465273382535,1.0,4.0,4.0,4.0,P22,variable update,,False,False,insufficient_or_undefined
R154,R154_T004,4,22,0.8841278466203993,0.01847035961850003,-0.41913691959469007,0.6471073834975404,2.0,2.0,1.0,3.0,P22,variable update,,False,False,insufficient_or_undefined
R155,R155_T001,1,4,-0.505229963003488,0.15820431666872745,-0.25499477179546015,-0.3320692644188333,7.0,3.0,5.0,5.0,P23,variable update,Scalar / other,True,True,
R155,R155_T002,2,4,-0.9079677661552225,0.31353461675978145,-0.14334872655364292,-0.5558678176408959,2.0,4.0,6.0,2.0,P23,variable update,Scalar / other,True,True,
R155,R155_T003,3,4,-0.8663839363640623,1.024192783155456,-0.5092145910189202,-0.2043125511560011,3.0,7.0,3.0,6.0,P23,variable update,Scalar / other,True,True,
R155,R155_T004,4,4,-0.7831492900443792,-0.0006722538572423165,-0.3611220524402201,0.12087066563132522,5.0,1.0,4.0,7.0,P23,variable update,Scalar / other,True,True,
R155,R155_T005,5,2,-0.616199012226932,0.43509447496603587,-0.8209348925632106,-0.7220790155718931,6.0,6.0,2.0,1.0,P23,variable update,Scalar / other,True,True,
R155,R155_T006,6,2,-0.8165822268109308,0.4175257859403624,-0.0857219419383521,-0.47649862402012194,4.0,5.0,7.0,4.0,P23,variable update,Scalar / other,True,True,
R155,R155_T007,7,2,-1.0591539923695061,0.07017799489419455,-1.391634722041484,-0.49702804360197916,1.0,2.0,1.0,3.0,P23,variable update,Scalar / other,True,True,
R156,R156_T001,1,1,-0.5901473902318083,-0.20295282522964184,-0.5447050528742862,-0.7205251026603694,5.0,3.0,3.0,6.0,P23,variable update,Scalar / other,True,True,
R156,R156_T002,2,6,-0.6164541743517423,-0.9758989932012788,-0.5442270041320075,-0.9433179642937527,4.0,1.0,4.0,5.0,P23,variable update,Scalar / other,True,True,
R156,R156_T003,3,3,-0.9306905200578391,-0.5506001438100575,-1.0280652700650477,-1.328737616414953,2.0,2.0,2.0,2.0,P23,variable update,Scalar / other,True,True,
R156,R156_T004,4,3,-0.8340186165617055,0.7702575804418968,-1.0680205972179175,-1.646222842876794,3.0,6.0,1.0,1.0,P23,variable update,Scalar / other,True,True,
R156,R156_T005,5,6,-0.3378775931603412,-0.1912876271017416,0.6064654760273375,-1.0552238075405318,7.0,4.0,7.0,3.0,P23,variable update,Scalar / other,True,True,
R156,R156_T006,6,1,-0.9665948672729959,0.8472839941959237,-0.3163892959145378,-0.9916206759899282,1.0,7.0,5.0,4.0,P23,variable update,Scalar / other,True,True,
R156,R156_T007,7,4,-0.43076884971226237,0.75515430617351,0.3517512558953099,-0.37057527346373925,6.0,5.0,6.0,7.0,P23,variable update,Scalar / other,True,True,
R157,R157_T001,1,1,-0.8884632109040465,-0.7192579453334507,-0.5928293746540841,-1.1607138358061617,1.0,1.0,2.0,2.0,P23,variable update,,True,False,not_selected_under_75_percent_constraints
R157,R157_T002,2,1,-0.8524051620713289,0.4916518416946163,0.047778502907692644,-0.996364394285777,2.0,5.0,5.0,3.0,P23,variable update,,True,False,not_selected_under_75_percent_constraints
R157,R157_T003,3,3,-0.7896560383315535,-0.32304061535958833,-0.461689026187337,-0.9319376874887739,3.0,2.0,3.0,4.0,P23,variable update,,True,False,not_selected_under_75_percent_constraints
R157,R157_T004,4,3,-0.634931172056927,0.16214145085659024,-1.1919651705698395,-1.2887011961825734,4.0,4.0,1.0,1.0,P23,variable update,,True,False,not_selected_under_75_percent_constraints
R157,R157_T005,5,4,0.5474776036392839,-0.1647503501343952,-0.31369632037647344,-0.7793263079855842,5.0,3.0,4.0,5.0,P23,variable update,,True,False,not_selected_under_75_percent_constraints
R158,R158_T001,1,1,-0.8823116707021734,0.40313505646535036,-1.1921475928040806,-1.2397274719297562,3.0,5.0,1.0,3.0,P23,variable update,,True,False,nonpositive_in_at_least_three_panels
R158,R158_T002,2,1,-0.7350015231006243,-0.38399165371789784,0.39226520653924163,-1.3782619634901263,5.0,1.0,6.0,1.0,P23,variable update,,True,False,nonpositive_in_at_least_three_panels
R158,R158_T003,3,1,-0.65301902338294,0.09967718063370691,-0.9884320398242167,-0.5972870080404623,6.0,3.0,2.0,4.0,P23,variable update,,True,False,nonpositive_in_at_least_three_panels
R158,R158_T004,4,4,-0.9191574804544344,-0.06702777082726076,0.04481639805254306,-1.348362758154285,2.0,2.0,5.0,2.0,P23,variable update,,True,False,nonpositive_in_at_least_three_panels
R158,R158_T005,5,2,-0.951285146977323,0.2166838454710403,-0.03154462304730876,-0.5490587427275576,1.0,4.0,4.0,5.0,P23,variable update,,True,False,nonpositive_in_at_least_three_panels
R158,R158_T006,6,1,-0.8708864664385922,2.226146983774529,-0.7217439836792278,0.00823629611093979,4.0,6.0,3.0,6.0,P23,variable update,,True,False,nonpositive_in_at_least_three_panels
R159,R159_T001,1,28,2.6875747528125307,-0.22434833762045805,-0.5014021736120765,-0.0075632829802945905,6.0,2.0,3.0,3.0,P25,variable update,,True,False,nonpositive_in_at_least_three_panels
R159,R159_T002,2,21,1.1250565917909137,0.2642407550959655,-0.6079140715699953,-0.3404568642293677,5.0,4.0,2.0,1.0,P25,variable update,,True,False,nonpositive_in_at_least_three_panels
R159,R159_T003,3,8,-0.36026872179448005,-0.10895389015404933,-0.8780133165149803,0.1913614632005696,4.0,3.0,1.0,4.0,P25,variable update,,True,False,nonpositive_in_at_least_three_panels
R159,R159_T004,4,11,-0.655561971149126,0.7141531257353902,1.4313989830213611,0.3426183386964537,2.0,6.0,6.0,6.0,P25,variable update,,True,False,nonpositive_in_at_least_three_panels
R159,R159_T005,5,8,-0.37116456711141027,0.27136157304772324,1.1620901141309699,-0.1967140078953666,3.0,5.0,5.0,2.0,P25,variable update,,True,False,nonpositive_in_at_least_three_panels
R159,R159_T006,6,1,-1.0733677721125565,-0.892612931570384,-0.02239504521634179,0.34222708069261315,1.0,1.0,4.0,5.0,P25,variable update,,True,False,nonpositive_in_at_least_three_panels
R160,R160_T001,1,16,0.41795117839488766,-0.3570760101616933,-0.5059442279524416,1.4718692288215625,6.0,4.0,2.0,8.0,P25,variable update,,True,False,nonpositive_in_at_least_three_panels
R160,R160_T002,2,26,1.1102212165427365,-0.008482997479236374,0.12274478787776938,-0.05922026613099718,8.0,5.0,5.0,1.0,P25,variable update,,True,False,nonpositive_in_at_least_three_panels
R160,R160_T003,3,12,-0.017990170721138513,0.03798971782006962,-0.2151751510922447,0.8645198233162349,4.0,7.0,4.0,6.0,P25,variable update,,True,False,nonpositive_in_at_least_three_panels
R160,R160_T004,4,24,0.36061189622399,0.006735515445066703,-0.2446360003149319,0.6005668202055136,5.0,6.0,3.0,4.0,P25,variable update,,True,False,nonpositive_in_at_least_three_panels
R160,R160_T005,5,22,0.8505407766831697,0.18653151006826613,-0.7642865000851854,0.008454154313709772,7.0,8.0,1.0,2.0,P25,variable update,,True,False,nonpositive_in_at_least_three_panels
R160,R160_T006,6,4,-0.7019026873619145,-0.6963558477260332,0.925352460557149,0.6376885644138032,3.0,2.0,8.0,5.0,P25,variable update,,True,False,nonpositive_in_at_least_three_panels
R160,R160_T007,7,2,-0.8938591069869887,-0.7062498903841112,0.5716051579706888,1.0279487387476254,1.0,1.0,6.0,7.0,P25,variable update,,True,False,nonpositive_in_at_least_three_panels
R160,R160_T008,8,4,-0.8354645487311485,-0.6007895280521822,0.6701087411256953,0.21633852090544523,2.0,3.0,7.0,3.0,P25,variable update,,True,False,nonpositive_in_at_least_three_panels
R161,R161_T001,1,10,-0.4227648791834962,0.16155921905392331,-0.5050643172159169,0.6642442666876773,2.0,4.0,3.0,5.0,P25,variable update,Calls / returns,True,True,
R161,R161_T002,2,13,0.1771952914957379,-0.4263742844972365,-0.14156442769322575,0.16173230194371993,4.0,1.0,5.0,4.0,P25,variable update,Calls / returns,True,True,
R161,R161_T003,3,6,-0.6869144736966964,0.030465640257905584,-0.7158846864323007,-0.11015510484726586,1.0,3.0,2.0,2.0,P25,variable update,Calls / returns,True,True,
R161,R161_T004,4,16,0.18467776324311072,0.2620487550070512,-0.33627216856996284,-0.10609971116023616,5.0,5.0,4.0,3.0,P25,variable update,Calls / returns,True,True,
R161,R161_T005,5,14,-0.22250637683682725,-0.23814638777373692,-1.176382446631955,-0.28973282829875285,3.0,2.0,1.0,1.0,P25,variable update,Calls / returns,True,True,
R162,R162_T001,1,5,-0.26422748010384484,0.010796406190696273,-0.10528370868265308,-0.6680901242503087,3.0,2.0,3.0,2.0,P25,variable update,,False,False,insufficient_or_undefined
R162,R162_T002,2,3,-0.894433902423053,-0.4701437359114933,-0.8263983735956991,-1.1122119336673644,1.0,1.0,1.0,1.0,P25,variable update,,False,False,insufficient_or_undefined
R162,R162_T003,3,2,-0.6117551412492551,0.4617176039065817,-0.6830099133002935,0.6628606717112239,2.0,3.0,2.0,3.0,P25,variable update,,False,False,insufficient_or_undefined
R163,R163_T001,1,19,2.954885062359857,-0.2565053354522068,0.030406909499246886,1.3455885147144067,5.0,1.0,4.0,5.0,P27,variable update,Calls / returns,True,True,
R163,R163_T002,2,15,2.4251260516173425,0.23722624657046876,0.31120610569135904,0.24295335210848826,4.0,5.0,5.0,2.0,P27,variable update,Calls / returns,True,True,
R163,R163_T003,3,6,-0.49334433427068847,0.10929145906569293,0.019019382486114362,0.5233187575766225,1.0,4.0,3.0,3.0,P27,variable update,Calls / returns,True,True,
R163,R163_T004,4,8,-0.20343044043676306,0.07468631992464872,-0.10833949984193264,0.5417007118393954,2.0,3.0,2.0,4.0,P27,variable update,Calls / returns,True,True,
R163,R163_T005,5,10,2.01833133263099,-0.07158502413456544,-0.1797539270689895,-0.16893072618955715,3.0,2.0,1.0,1.0,P27,variable update,Calls / returns,True,True,
R164,R164_T001,1,14,0.23732866726492752,-0.007641657098857969,-0.5466382251860535,0.32452109996630435,4.0,7.0,3.0,3.0,P28,variable update,,True,False,nonpositive_in_at_least_three_panels
R164,R164_T002,2,25,2.5979114268061143,-0.2088561966201442,-0.5246610393345685,0.7840528455570962,8.0,3.0,4.0,6.0,P28,variable update,,True,False,nonpositive_in_at_least_three_panels
R164,R164_T003,3,18,0.7881070887416444,0.24972600098438974,-0.312834246387329,-0.09086368047730402,6.0,8.0,6.0,1.0,P28,variable update,,True,False,nonpositive_in_at_least_three_panels
R164,R164_T004,4,21,2.559382084066755,-0.06678390364493215,-0.12326573640572318,0.14864409912124144,7.0,6.0,7.0,2.0,P28,variable update,,True,False,nonpositive_in_at_least_three_panels
R164,R164_T005,5,10,-0.16231506366189127,-0.26684843274028386,-0.35277525583145936,0.863950890475452,2.0,2.0,5.0,8.0,P28,variable update,,True,False,nonpositive_in_at_least_three_panels
R164,R164_T006,6,11,0.375204296298004,-0.12450152218613669,-0.9482982819507667,0.7976650052983558,5.0,4.0,1.0,7.0,P28,variable update,,True,False,nonpositive_in_at_least_three_panels
R164,R164_T007,7,9,0.08659799046705507,-0.0762889898856021,-0.7813061223126473,0.5004078051285307,3.0,5.0,2.0,4.0,P28,variable update,,True,False,nonpositive_in_at_least_three_panels
R164,R164_T008,8,1,-1.0673731666701645,-2.538067652152851,0.22845716420459805,0.5246021495339374,1.0,1.0,8.0,5.0,P28,variable update,,True,False,nonpositive_in_at_least_three_panels
R165,R165_T001,1,14,-0.21974520776317408,-0.091722846318635,-0.06984601231973378,0.5905332485087221,4.0,3.0,3.0,5.0,P29,variable update,,True,False,not_selected_under_75_percent_constraints
R165,R165_T002,2,6,-0.7803600238920244,0.6693964238526707,-0.8350167119500745,-0.5137662716430326,1.0,5.0,1.0,1.0,P29,variable update,,True,False,not_selected_under_75_percent_constraints
R165,R165_T003,3,13,-0.0058765841557209125,-0.06291764686953095,3.254229239294561,0.574028058692292,5.0,4.0,5.0,4.0,P29,variable update,,True,False,not_selected_under_75_percent_constraints
R165,R165_T004,4,4,-0.5450516943619594,-0.37205204256385327,0.4450600136614234,-0.09535802363216485,2.0,2.0,4.0,2.0,P29,variable update,,True,False,not_selected_under_75_percent_constraints
R165,R165_T005,5,2,-0.3013648074341461,-0.5665133558520246,-0.6019918839092276,0.566523185615114,3.0,1.0,2.0,3.0,P29,variable update,,True,False,not_selected_under_75_percent_constraints
R166,R166_T001,1,11,-0.1122255808762962,0.3157823378993473,-0.8251259452357579,0.8255032580574597,5.0,3.0,1.0,5.0,P29,variable update,,True,False,not_selected_under_75_percent_constraints
R166,R166_T002,2,10,-0.35922559971932094,0.3327714170456023,-0.6962908482590183,0.055074498699591544,3.0,4.0,2.0,3.0,P29,variable update,,True,False,not_selected_under_75_percent_constraints
R166,R166_T003,3,15,-0.2443353162713741,0.5446894689605628,0.27435737981451686,-0.47742801684971914,4.0,5.0,5.0,1.0,P29,variable update,,True,False,not_selected_under_75_percent_constraints
R166,R166_T004,4,8,-0.718156937279836,0.05259932860092703,-0.024855871711164657,0.20075783823729354,1.0,2.0,3.0,4.0,P29,variable update,,True,False,not_selected_under_75_percent_constraints
R166,R166_T005,5,10,-0.5051618922621243,-0.3109172307412883,0.09387647812651322,-0.01724516240222858,2.0,1.0,4.0,2.0,P29,variable update,,True,False,not_selected_under_75_percent_constraints
R167,R167_T001,1,7,-0.5659405948634227,-0.47823175064935697,-0.15920878405602945,-0.3597664763376333,4.0,2.0,4.0,1.0,P29,variable update,Scalar / other,True,True,
R167,R167_T002,2,9,-0.6202699088481247,-0.15680419328241074,-0.3814610013682675,-0.1493976582344586,2.0,3.0,3.0,3.0,P29,variable update,Scalar / other,True,True,
R167,R167_T003,3,6,-0.5786056477270448,0.1311937364911432,-0.6774881213312214,0.14850087379269003,3.0,4.0,2.0,5.0,P29,variable update,Scalar / other,True,True,
R167,R167_T004,4,2,-1.0891674034832655,-0.5906301726553461,-0.9386742164217711,-0.27104445287702766,1.0,1.0,1.0,2.0,P29,variable update,Scalar / other,True,True,
R167,R167_T005,5,14,-0.10829681395911915,0.21544061539623022,0.03100211093621193,-0.1420984905651889,5.0,5.0,5.0,4.0,P29,variable update,Scalar / other,True,True,
R168,R168_T001,1,7,-0.6483702365442433,-0.27315442093506526,1.0761341678946585,-0.06698695399197097,5.0,4.0,5.0,5.0,P29,variable update,Scalar / other,True,True,
R168,R168_T002,2,5,-0.7690393754411483,-0.7041451066072468,-0.04733992040261786,-0.38055180194747956,3.0,3.0,3.0,2.0,P29,variable update,Scalar / other,True,True,
R168,R168_T003,3,2,-1.0440132925700836,-0.7178471632767023,-1.4669746856897052,-0.2956981157251921,1.0,2.0,1.0,4.0,P29,variable update,Scalar / other,True,True,
R168,R168_T004,4,2,-1.0110972732086492,-1.1103501413113834,-0.40287438867308206,-0.6162259763322748,2.0,1.0,2.0,1.0,P29,variable update,Scalar / other,True,True,
R168,R168_T005,5,3,-0.7633313730426746,0.39461870649858155,0.0702027619085317,-0.32538298684251227,4.0,5.0,4.0,3.0,P29,variable update,Scalar / other,True,True,
R169,R169_T001,1,3,-0.6639866071433612,0.8386527087357409,-0.25688668592732194,0.4630284806739631,3.0,3.0,3.0,2.0,P29,variable update,,False,False,insufficient_or_undefined
R169,R169_T002,2,5,-0.7760686290043172,0.3145031225325924,-0.27434618554214657,-0.14260494566380377,2.0,2.0,2.0,1.0,P29,variable update,,False,False,insufficient_or_undefined
R169,R169_T003,3,1,-1.0505576122437728,-1.712946108194854,-0.4928069366050758,0.789848825421596,1.0,1.0,1.0,3.0,P29,variable update,,False,False,insufficient_or_undefined
R170,R170_T001,1,5,-0.8448518769339861,-0.11739791526724093,-0.7076152768890367,-0.19485664545740797,1.0,4.0,2.0,2.0,P30,variable update,,True,False,not_selected_under_75_percent_constraints
R170,R170_T002,2,13,-0.06319954098400031,-0.13795011497655849,-0.5251202164753881,-0.08129253276628312,4.0,3.0,4.0,3.0,P30,variable update,,True,False,not_selected_under_75_percent_constraints
R170,R170_T003,3,14,-0.14280469295252127,0.39541055214092846,-0.9501415193412955,-0.06258167259562293,2.0,5.0,1.0,4.0,P30,variable update,,True,False,not_selected_under_75_percent_constraints
R170,R170_T004,4,13,-0.10898960816429559,-0.15607527603610857,0.977841817558517,1.2837637901528236,3.0,2.0,5.0,5.0,P30,variable update,,True,False,not_selected_under_75_percent_constraints
R170,R170_T005,5,18,0.387144290891759,-0.20213620989868866,-0.5582553973338443,-0.23393138379368308,5.0,1.0,3.0,1.0,P30,variable update,,True,False,not_selected_under_75_percent_constraints
R171,R171_T001,1,6,-0.20515818420996115,0.14529314560454065,-0.5366968536736746,-0.2450478844071512,1.0,1.0,3.0,2.0,P30,variable update,,False,False,insufficient_or_undefined
R171,R171_T002,2,9,0.450313684371309,0.20631206586159542,-0.3080506106491751,-0.1883810272327029,3.0,3.0,4.0,3.0,P30,variable update,,False,False,insufficient_or_undefined
R171,R171_T003,3,3,0.06102671815497521,0.3077646440796033,-0.6866095663485691,-0.3566599576605327,2.0,4.0,2.0,1.0,P30,variable update,,False,False,insufficient_or_undefined
R171,R171_T004,4,2,0.6162732515677523,0.17771452069387417,-1.1840293714473715,-0.18629321971969656,4.0,2.0,1.0,4.0,P30,variable update,,False,False,insufficient_or_undefined
R172,R172_T001,1,4,-0.7788824230028526,0.5210466466717493,-1.005696216300381,-0.42499765471355416,1.0,5.0,2.0,1.0,P31,variable update,,True,False,nonpositive_in_at_least_three_panels
R172,R172_T002,2,14,0.2560952108003028,0.22605522073333817,-0.877629397662393,-0.34288048828957196,5.0,4.0,3.0,2.0,P31,variable update,,True,False,nonpositive_in_at_least_three_panels
R172,R172_T003,3,8,-0.3265870844640106,-0.3905067376362383,-1.1629816457536606,-0.056519502118242713,4.0,2.0,1.0,3.0,P31,variable update,,True,False,nonpositive_in_at_least_three_panels
R172,R172_T004,4,7,-0.7088156125679094,-0.3051235397444413,0.00456086878102487,0.9864282787949757,2.0,3.0,5.0,5.0,P31,variable update,,True,False,nonpositive_in_at_least_three_panels
R172,R172_T005,5,9,-0.5630280713184631,-0.821833147260474,-0.8094813789281821,0.13058390712310772,3.0,1.0,4.0,4.0,P31,variable update,,True,False,nonpositive_in_at_least_three_panels
R173,R173_T001,1,4,-0.3079241175724105,0.059512766733926414,-0.6215840268540164,0.4271631537272491,5.0,3.0,2.0,6.0,P32,variable update,Scalar / other,True,True,
R173,R173_T002,2,10,-0.23682633666791783,0.2928424535386384,4.156488201639319,-0.04408877318242857,6.0,4.0,6.0,5.0,P32,variable update,Scalar / other,True,True,
R173,R173_T003,3,11,-0.5393076162832445,-0.0739636813786506,0.9587545709107846,-0.6818963843809295,4.0,1.0,5.0,1.0,P32,variable update,Scalar / other,True,True,
R173,R173_T004,4,6,-0.7694029217564567,0.6972213229755743,-0.6480131945795157,-0.27971049237464723,3.0,6.0,1.0,3.0,P32,variable update,Scalar / other,True,True,
R173,R173_T005,5,4,-0.879534757084913,0.47513625753422406,0.005419152517652165,-0.5480678906905102,2.0,5.0,4.0,2.0,P32,variable update,Scalar / other,True,True,
R173,R173_T006,6,6,-0.9481854023602754,0.03561363949470179,-0.28784086593946795,-0.2603323348769943,1.0,2.0,3.0,4.0,P32,variable update,Scalar / other,True,True,
R174,R174_T001,1,5,-0.5728031811448681,0.10167456947844525,-0.999497308786522,-0.7589826856382892,3.0,3.0,1.0,2.0,P32,variable update,,True,False,not_selected_under_75_percent_constraints
R174,R174_T002,2,8,-0.25721229013713387,0.13536675395953676,0.4787955909873727,-0.7156366994897011,5.0,4.0,5.0,4.0,P32,variable update,,True,False,not_selected_under_75_percent_constraints
R174,R174_T003,3,5,-0.7634549179295194,-0.18155071495434932,-0.9529006807852992,-0.7248342991498674,1.0,2.0,2.0,3.0,P32,variable update,,True,False,not_selected_under_75_percent_constraints
R174,R174_T004,4,5,-0.5586445131208246,0.13544033025255403,-0.1577262030663871,-0.7603840375304384,4.0,5.0,3.0,1.0,P32,variable update,,True,False,not_selected_under_75_percent_constraints
R174,R174_T005,5,5,-0.6866397118186528,-0.3713944074481813,-0.0012769691327623918,0.493556927411369,2.0,1.0,4.0,5.0,P32,variable update,,True,False,not_selected_under_75_percent_constraints
R175,R175_T001,1,3,0.07107274376657212,-0.05407906446113967,-0.1744528961098009,-0.5377436444138759,6.0,3.0,3.0,5.0,P32,variable update,,True,False,nonpositive_in_at_least_three_panels
R175,R175_T002,2,6,-0.2595161148004124,-0.5452233190471188,0.6468348011597095,-0.5717112058572904,5.0,1.0,6.0,4.0,P32,variable update,,True,False,nonpositive_in_at_least_three_panels
R175,R175_T003,3,3,-0.71246943667192,0.254363684555209,-0.5520055488566763,-1.016513064465918,3.0,4.0,2.0,1.0,P32,variable update,,True,False,nonpositive_in_at_least_three_panels
R175,R175_T004,4,5,-0.6701389561265566,0.3671279190606532,-0.8481688925251222,-0.8979197544194268,4.0,6.0,1.0,2.0,P32,variable update,,True,False,nonpositive_in_at_least_three_panels
R175,R175_T005,5,5,-0.8215539653183198,-0.07364431376321226,0.5774657864155394,0.4030316640246458,1.0,2.0,5.0,6.0,P32,variable update,,True,False,nonpositive_in_at_least_three_panels
R175,R175_T006,6,3,-0.7715379394918568,0.3527067081185056,0.5292743958042142,-0.8210849818038047,2.0,5.0,4.0,3.0,P32,variable update,,True,False,nonpositive_in_at_least_three_panels
R176,R176_T001,1,6,-0.7557153290629378,-0.09204121629277245,-1.1305024776023527,-0.16042263398869108,2.0,1.0,2.0,4.0,P32,variable update,,True,False,not_selected_under_75_percent_constraints
R176,R176_T002,2,10,-0.17616558541944874,0.15828112378505316,0.17722595325921509,0.18569646973928264,6.0,3.0,5.0,6.0,P32,variable update,,True,False,not_selected_under_75_percent_constraints
R176,R176_T003,3,7,-0.6092629223620875,-0.00935023969325496,-0.5369859339091912,-0.29617066608892634,5.0,2.0,4.0,2.0,P32,variable update,,True,False,not_selected_under_75_percent_constraints
R176,R176_T004,4,1,-0.8767743507002983,1.321923905967585,-0.5914972392931891,-0.0949820959414659,1.0,6.0,3.0,5.0,P32,variable update,,True,False,not_selected_under_75_percent_constraints
R176,R176_T005,5,4,-0.7537624882778808,0.6782820118998991,0.3712752612931884,-0.3635092848336067,3.0,5.0,6.0,1.0,P32,variable update,,True,False,not_selected_under_75_percent_constraints
R176,R176_T006,6,2,-0.6608260428878189,0.39218150506706595,-1.1853263785781947,-0.20243008780354813,4.0,4.0,1.0,3.0,P32,variable update,,True,False,not_selected_under_75_percent_constraints
R177,R177_T001,1,5,-0.5559276765641283,0.019608062265145866,-0.5497519845251184,-1.157138263026386,4.0,5.0,3.0,1.0,P32,variable update,,True,False,nonpositive_in_at_least_three_panels
R177,R177_T002,2,7,-0.30826912252872446,-0.04190549341201937,0.23382965977940148,0.6127031170274088,5.0,3.0,5.0,4.0,P32,variable update,,True,False,nonpositive_in_at_least_three_panels
R177,R177_T003,3,6,-0.30139219864860806,0.19134407249052657,0.7205922010238072,-0.03419025513823278,6.0,7.0,7.0,3.0,P32,variable update,,True,False,nonpositive_in_at_least_three_panels
R177,R177_T004,4,3,-1.0081408783180457,0.02601947738522119,-0.8095001546882671,0.7558185041707653,1.0,6.0,2.0,6.0,P32,variable update,,True,False,nonpositive_in_at_least_three_panels
R177,R177_T005,5,6,-0.2713070623577095,-0.011660081057382643,-1.1651264823703824,-1.0156842895629141,7.0,4.0,1.0,2.0,P32,variable update,,True,False,nonpositive_in_at_least_three_panels
R177,R177_T006,6,3,-0.8120944586865604,-0.3060543674874264,0.1825302243398739,0.6343332014512484,2.0,2.0,4.0,5.0,P32,variable update,,True,False,nonpositive_in_at_least_three_panels
R177,R177_T007,7,2,-0.7213165800422136,-0.8782211690968937,0.5567412688375255,0.9649227604603863,3.0,1.0,6.0,7.0,P32,variable update,,True,False,nonpositive_in_at_least_three_panels
R178,R178_T001,1,3,-0.3883596663866937,-0.7380923296148145,-1.0010938887830803,-0.1316128393256791,7.0,2.0,3.0,5.0,P32,variable update,,True,False,nonpositive_in_at_least_three_panels
R178,R178_T002,2,8,-0.4142824962492426,0.5970809169488378,-0.048144383548211246,-1.3364778530070396,6.0,6.0,6.0,1.0,P32,variable update,,True,False,nonpositive_in_at_least_three_panels
R178,R178_T003,3,2,-0.7414407186606354,-0.7807667943351217,0.07113513530778136,0.22509840788670812,4.0,1.0,7.0,6.0,P32,variable update,,True,False,nonpositive_in_at_least_three_panels
R178,R178_T004,4,1,-0.9340959059279305,-0.1182514609228743,-0.6866750576559562,-0.4874736107513098,2.0,3.0,4.0,4.0,P32,variable update,,True,False,nonpositive_in_at_least_three_panels
R178,R178_T005,5,4,-0.6196013327532804,-0.07617941241465229,-1.0436055812081666,-1.1349364637926127,5.0,4.0,1.0,2.0,P32,variable update,,True,False,nonpositive_in_at_least_three_panels
R178,R178_T006,6,7,-0.18492460443877348,0.14684523960572995,-0.23883695350758147,0.6976755460088749,8.0,5.0,5.0,7.0,P32,variable update,,True,False,nonpositive_in_at_least_three_panels
R178,R178_T007,7,1,-1.0004037315164156,1.2799411076923375,0.07530606148700704,-0.8653212767106432,1.0,7.0,8.0,3.0,P32,variable update,,True,False,nonpositive_in_at_least_three_panels
R178,R178_T008,8,1,-0.8786414197735507,1.6280766787478544,-1.0092306764416203,0.8035124376831994,3.0,8.0,2.0,8.0,P32,variable update,,True,False,nonpositive_in_at_least_three_panels
R179,R179_T001,1,13,-0.3055837555614533,-0.4820425757724924,-0.1971976210123687,-0.2496014184540357,5.0,3.0,4.0,3.0,P02,array/index access,Array expressions,True,True,
R179,R179_T002,2,7,-0.45344140266178184,-0.1452406445377766,-0.15085435879226616,0.0001585079823657002,3.0,7.0,5.0,7.0,P02,array/index access,Array expressions,True,True,
R179,R179_T003,3,13,0.26209503006566515,-0.21163864980067454,-0.4508964435072258,-0.008780415212428607,6.0,6.0,2.0,6.0,P02,array/index access,Array expressions,True,True,
R179,R179_T004,4,6,-0.44426273061044474,-0.21398074837273207,-1.1706777649978164,-0.4656460315913667,4.0,5.0,1.0,1.0,P02,array/index access,Array expressions,True,True,
R179,R179_T005,5,13,0.6947106026812278,-0.5152055484208818,-0.1236950704256169,-0.2450694080316372,7.0,2.0,6.0,4.0,P02,array/index access,Array expressions,True,True,
R179,R179_T006,6,7,-0.4564226369762942,-0.3346225061493375,-0.2014852614281258,-0.15446104898416316,2.0,4.0,3.0,5.0,P02,array/index access,Array expressions,True,True,
R179,R179_T007,7,1,-0.9549327069417934,-0.9530474631301293,0.44208459912965914,-0.280317045678238,1.0,1.0,7.0,2.0,P02,array/index access,Array expressions,True,True,
R180,R180_T001,1,9,-0.570910760862759,-0.30708042003795355,0.37482833964224077,0.6002555976365739,5.0,2.0,8.0,8.0,P03,array/index access,,True,False,nonpositive_in_at_least_three_panels
R180,R180_T002,2,8,-0.7648871328543289,0.33941187164700526,-1.200810604956775,-0.9494994561980677,3.0,9.0,2.0,1.0,P03,array/index access,,True,False,nonpositive_in_at_least_three_panels
R180,R180_T003,3,28,0.9186454972975345,0.11265373786789526,0.6229071717534721,0.8590081159887877,9.0,8.0,9.0,10.0,P03,array/index access,,True,False,nonpositive_in_at_least_three_panels
R180,R180_T004,4,19,0.15144636648869395,-0.20794229158332503,-0.1032827987710014,0.0695788872285102,7.0,3.0,6.0,5.0,P03,array/index access,,True,False,nonpositive_in_at_least_three_panels
R180,R180_T005,5,27,2.1742777897634658,-0.03342853142401369,-0.11356802871161535,-0.3957474536700678,10.0,5.0,4.0,2.0,P03,array/index access,,True,False,nonpositive_in_at_least_three_panels
R180,R180_T006,6,17,0.23510219198594737,-0.13870272111055762,-0.3061225096517432,-0.289379087880232,8.0,4.0,3.0,3.0,P03,array/index access,,True,False,nonpositive_in_at_least_three_panels
R180,R180_T007,7,11,-0.5751686214342134,0.036734614059942744,-0.054058547292470116,-0.15546622192642368,4.0,6.0,7.0,4.0,P03,array/index access,,True,False,nonpositive_in_at_least_three_panels
R180,R180_T008,8,9,-0.5461129234064498,0.08570861025264491,0.6786067490613616,0.6595686518407621,6.0,7.0,10.0,9.0,P03,array/index access,,True,False,nonpositive_in_at_least_three_panels
R180,R180_T009,9,1,-1.0053310723591204,-1.0638527134924938,-0.11303087381659048,0.2425461713832113,1.0,1.0,5.0,7.0,P03,array/index access,,True,False,nonpositive_in_at_least_three_panels
R180,R180_T010,10,1,-0.889149943423717,1.4389994267111152,-1.3670686359315258,0.08836303662666171,2.0,10.0,1.0,6.0,P03,array/index access,,True,False,nonpositive_in_at_least_three_panels
R181,R181_T001,1,2,-0.18265137580179633,-0.05165965283923413,-0.3690585856559663,-0.8046479848711167,9.0,2.0,3.0,4.0,P03,array/index access,Array expressions,True,True,
R181,R181_T002,2,10,0.1392844903820344,0.30478382252162906,2.326237713097209,1.063639529461897,11.0,8.0,12.0,12.0,P03,array/index access,Array expressions,True,True,
R181,R181_T003,3,9,-0.48820427682591605,-0.047007439396222345,0.5010760015869139,0.364668168605605,6.0,3.0,9.0,9.0,P03,array/index access,Array expressions,True,True,
R181,R181_T004,4,4,-0.8855146671083486,0.6872893887860636,-0.86904397743718,-0.9410308175664647,2.0,11.0,2.0,3.0,P03,array/index access,Array expressions,True,True,
R181,R181_T005,5,15,0.045208326262342176,0.03503268136341767,0.6567287449609864,0.918180703266613,10.0,4.0,10.0,11.0,P03,array/index access,Array expressions,True,True,
R181,R181_T006,6,5,-0.3782321899653622,0.6809517302438266,-0.36043512525195526,-0.31187572776567934,7.0,10.0,4.0,6.0,P03,array/index access,Array expressions,True,True,
R181,R181_T007,7,12,0.282905110673866,0.4262932234978722,0.3618721348410679,-1.1829455683539989,12.0,9.0,8.0,1.0,P03,array/index access,Array expressions,True,True,
R181,R181_T008,8,10,-0.2530027755302335,0.18290106156949193,-0.2746089283429369,-1.0099151574911696,8.0,7.0,5.0,2.0,P03,array/index access,Array expressions,True,True,
R181,R181_T009,9,3,-0.9265280986791762,0.06983184117651653,-0.09915458320087596,-0.5484073602498634,1.0,5.0,6.0,5.0,P03,array/index access,Array expressions,True,True,
R181,R181_T010,10,2,-0.6935087431470813,0.8538667452073956,1.1153315737645215,0.17452160071490838,5.0,12.0,11.0,7.0,P03,array/index access,Array expressions,True,True,
R181,R181_T011,11,2,-0.8627274424973034,-0.37887256216451126,-0.03915982938440211,0.567310682271063,3.0,1.0,7.0,10.0,P03,array/index access,Array expressions,True,True,
R181,R181_T012,12,5,-0.8325202753388335,0.09989551138561974,-1.2025978148541563,0.19438054135102611,4.0,6.0,1.0,8.0,P03,array/index access,Array expressions,True,True,
R182,R182_T001,1,13,0.37329584006631406,-0.30186835412705243,-0.7779314942859434,0.7672886974584808,4.0,2.0,1.0,6.0,P06,array/index access,,True,False,nonpositive_in_at_least_three_panels
R182,R182_T002,2,20,1.0526199024689242,0.12663186840388876,-0.453439239699801,-0.08124709407225174,5.0,5.0,3.0,5.0,P06,array/index access,,True,False,nonpositive_in_at_least_three_panels
R182,R182_T003,3,9,-0.2738008129097177,-0.32415838681233444,-0.5362815376103748,-0.41296295905137814,3.0,1.0,2.0,2.0,P06,array/index access,,True,False,nonpositive_in_at_least_three_panels
R182,R182_T004,4,18,1.4099394649745847,0.17551225721881455,0.042817073382439765,-0.5162504892698111,6.0,6.0,5.0,1.0,P06,array/index access,,True,False,nonpositive_in_at_least_three_panels
R182,R182_T005,5,4,-0.724481002779847,-0.0474938934142726,-0.11675979101572216,-0.17188926404367377,1.0,3.0,4.0,4.0,P06,array/index access,,True,False,nonpositive_in_at_least_three_panels
R182,R182_T006,6,1,-0.6471268195976492,0.049487080510568875,0.8039666651784761,-0.25967191405933343,2.0,4.0,6.0,3.0,P06,array/index access,,True,False,nonpositive_in_at_least_three_panels
R183,R183_T001,1,9,-0.09945296755353676,0.32968687027190363,0.31860192038301566,0.6680815202252438,6.0,5.0,6.0,7.0,P06,array/index access,,True,False,nonpositive_in_at_least_three_panels
R183,R183_T002,2,9,-0.29613900330716497,0.26462782619379227,-0.2220466099902357,-0.45809096046067377,4.0,3.0,2.0,5.0,P06,array/index access,,True,False,nonpositive_in_at_least_three_panels
R183,R183_T003,3,8,-0.6297716094245319,0.41050338628804295,1.8898120774487406,-0.8450078303227514,3.0,7.0,7.0,4.0,P06,array/index access,,True,False,nonpositive_in_at_least_three_panels
R183,R183_T004,4,6,-0.91579252248631,0.25339328654274623,0.2933303234980052,-1.3366175258181665,2.0,2.0,5.0,1.0,P06,array/index access,,True,False,nonpositive_in_at_least_three_panels
R183,R183_T005,5,11,0.6566076102265028,0.397947281083065,-0.8349865675668604,-1.0190665698250323,7.0,6.0,1.0,2.0,P06,array/index access,,True,False,nonpositive_in_at_least_three_panels
R183,R183_T006,6,4,-0.19780280023529226,0.276328641109332,0.15564836337431823,-0.957631775226187,5.0,4.0,4.0,3.0,P06,array/index access,,True,False,nonpositive_in_at_least_three_panels
R183,R183_T007,7,1,-1.1736777311183155,-2.482846747996892,0.10375880134740023,0.5127037911236938,1.0,1.0,3.0,6.0,P06,array/index access,,True,False,nonpositive_in_at_least_three_panels
R184,R184_T001,1,14,-0.3454554238515839,-0.06702895167895619,0.7073129230389386,-0.2605420393350384,5.0,2.0,5.0,2.0,P06,array/index access,,True,False,not_selected_under_75_percent_constraints
R184,R184_T002,2,8,-0.2227365875761335,0.307598265999844,-0.45304305287675034,0.05599812778020138,6.0,4.0,2.0,3.0,P06,array/index access,,True,False,not_selected_under_75_percent_constraints
R184,R184_T003,3,3,-0.7588680835837636,-0.14344084970465096,0.9023392579494627,0.5921174388468153,2.0,1.0,6.0,4.0,P06,array/index access,,True,False,not_selected_under_75_percent_constraints
R184,R184_T004,4,6,-0.75267454599173,0.31691206628596885,0.14691314267352992,0.6136803277182854,3.0,5.0,4.0,5.0,P06,array/index access,,True,False,not_selected_under_75_percent_constraints
R184,R184_T005,5,6,-0.6170717914113392,0.06930421520889053,-0.2553892235520247,0.6844771580667756,4.0,3.0,3.0,6.0,P06,array/index access,,True,False,not_selected_under_75_percent_constraints
R184,R184_T006,6,2,-0.9597472859632333,1.4489983099711117,-0.702628788665613,-1.4771623925954342,1.0,6.0,1.0,1.0,P06,array/index access,,True,False,not_selected_under_75_percent_constraints
R185,R185_T001,1,9,-0.3661799000377059,-0.2953598642237845,-0.5867821039109656,0.1037444480254156,6.0,4.0,4.0,9.0,P06,array/index access,Control flow,True,True,
R185,R185_T002,2,3,-0.7011739631438517,-0.4083030114175406,-0.9255337655012665,-0.15604665663233966,4.0,3.0,1.0,4.0,P06,array/index access,Control flow,True,True,
R185,R185_T003,3,14,0.41486076415170564,-0.2846804243285782,-0.5251441121597394,0.04118174493727725,11.0,5.0,5.0,7.0,P06,array/index access,Control flow,True,True,
R185,R185_T004,4,15,-0.02110795587377834,-0.09176744910516042,0.0838277846850174,0.28719281791055784,8.0,7.0,10.0,10.0,P06,array/index access,Control flow,True,True,
R185,R185_T005,5,9,0.021151401680613732,0.2805553355755326,-0.31123367047351885,-0.07021102643313044,10.0,8.0,6.0,6.0,P06,array/index access,Control flow,True,True,
R185,R185_T006,6,8,-0.00391142345650571,-0.1550824164959945,0.3403594465260206,-0.3137831342889265,9.0,6.0,11.0,2.0,P06,array/index access,Control flow,True,True,
R185,R185_T007,7,13,0.7550225245316368,0.41610328137935304,-0.14576868770712198,-0.7564593525285525,12.0,10.0,8.0,1.0,P06,array/index access,Control flow,True,True,
R185,R185_T008,8,5,-0.03013558253581018,-0.5681389850457373,-0.16641623871488695,0.6021480435144672,7.0,2.0,7.0,11.0,P06,array/index access,Control flow,True,True,
R185,R185_T009,9,1,-0.7181117201481967,0.664636454364966,-0.8869063597951258,-0.24999025605555425,3.0,11.0,3.0,3.0,P06,array/index access,Control flow,True,True,
R185,R185_T010,10,1,-0.5833331510731665,1.5733734477447145,0.5326135682328043,1.026464154672275,5.0,12.0,12.0,12.0,P06,array/index access,Control flow,True,True,
R185,R185_T011,11,1,-0.9181768273827315,0.2981604830277338,-0.07613307962363476,-0.13250683478044328,2.0,9.0,9.0,5.0,P06,array/index access,Control flow,True,True,
R185,R185_T012,12,1,-1.000786082098997,-0.8228942774978143,-0.9044302493246624,0.049720900832473235,1.0,1.0,2.0,8.0,P06,array/index access,Control flow,True,True,
R186,R186_T001,1,9,0.6367978131197549,0.4229720747221502,-0.7194023867414053,-0.13822339647102735,6.0,9.0,3.0,3.0,P09,array/index access,,True,False,nonpositive_in_at_least_three_panels
R186,R186_T002,2,15,-0.010214679920539463,-0.018206492674749532,-0.791719319186873,-0.13501251318289267,3.0,3.0,2.0,4.0,P09,array/index access,,True,False,nonpositive_in_at_least_three_panels
R186,R186_T003,3,30,1.5552603765959923,0.03806954070172223,-0.6716843033294143,-0.06191855172355983,9.0,5.0,4.0,5.0,P09,array/index access,,True,False,nonpositive_in_at_least_three_panels
R186,R186_T004,4,20,-0.1132484600675006,0.32884924959237344,-0.3044548027326748,0.7892470449999737,2.0,8.0,6.0,7.0,P09,array/index access,,True,False,nonpositive_in_at_least_three_panels
R186,R186_T005,5,22,0.28616421980327267,0.22895263027627688,-0.8517421496101253,0.8344978890339237,5.0,7.0,1.0,8.0,P09,array/index access,,True,False,nonpositive_in_at_least_three_panels
R186,R186_T006,6,26,1.09614263575309,-0.1510789584303278,0.289888427718454,-0.40659891246162444,7.0,1.0,7.0,1.0,P09,array/index access,,True,False,nonpositive_in_at_least_three_panels
R186,R186_T007,7,24,1.3640058842929585,0.034532597688216676,-0.3053148448050354,-0.24815446141573147,8.0,4.0,5.0,2.0,P09,array/index access,,True,False,nonpositive_in_at_least_three_panels
R186,R186_T008,8,13,0.1483547957009778,0.22009120998951312,0.3945366606503246,0.013364619314755669,4.0,6.0,8.0,6.0,P09,array/index access,,True,False,nonpositive_in_at_least_three_panels
R186,R186_T009,9,4,-0.8390214750367897,-0.025376135852032772,1.5507179000216447,0.8366636709684232,1.0,2.0,9.0,9.0,P09,array/index access,,True,False,nonpositive_in_at_least_three_panels
R187,R187_T001,1,13,-0.056505784801810253,0.1615135206880409,-0.31029247155685397,-0.28448671711802664,6.0,5.0,3.0,6.0,P09,array/index access,Array expressions,True,True,
R187,R187_T002,2,9,-0.36103663516174417,0.06787138175540017,0.45599927431730736,-0.37350205615579646,5.0,3.0,7.0,4.0,P09,array/index access,Array expressions,True,True,
R187,R187_T003,3,5,-0.6647849507078475,0.34747288816572636,0.0007749711254792327,-0.49142192844238125,3.0,6.0,6.0,2.0,P09,array/index access,Array expressions,True,True,
R187,R187_T004,4,7,-0.6863088850762296,0.07197046339739592,-0.3677125698835529,-0.9514543056927528,2.0,4.0,1.0,1.0,P09,array/index access,Array expressions,True,True,
R187,R187_T005,5,12,0.15170662375175017,-0.2673542722245635,-0.24655362094350372,-0.3783924492886297,7.0,2.0,5.0,3.0,P09,array/index access,Array expressions,True,True,
R187,R187_T006,6,5,-0.7003392528128173,-0.5247375272475546,-0.3167528137004901,-0.37292349957564147,1.0,1.0,2.0,5.0,P09,array/index access,Array expressions,True,True,
R187,R187_T007,7,7,-0.36127908961483307,0.4600211727071183,-0.2888155286481356,-0.19882308877064647,4.0,7.0,4.0,7.0,P09,array/index access,Array expressions,True,True,
R188,R188_T001,1,8,-0.352994528754784,0.08420583708083898,-0.06015494127657198,-0.36048202960772474,7.0,2.0,5.0,2.0,P09,array/index access,,True,False,not_selected_under_75_percent_constraints
R188,R188_T002,2,4,-0.752127064247841,0.16257228022869405,1.1257574068058671,-0.03852495767321714,3.0,3.0,7.0,5.0,P09,array/index access,,True,False,not_selected_under_75_percent_constraints
R188,R188_T003,3,3,-0.8957300995781283,-0.4455845106514256,-0.12087784280503729,-0.5575509379035185,2.0,1.0,4.0,1.0,P09,array/index access,,True,False,not_selected_under_75_percent_constraints
R188,R188_T004,4,3,-0.5642691780041993,0.3406888782876485,-0.47478268478548796,-0.3190236088051978,5.0,5.0,2.0,3.0,P09,array/index access,,True,False,not_selected_under_75_percent_constraints
R188,R188_T005,5,6,-0.4149925443386499,0.18900019539460922,-0.5494669166343554,0.6660698084650468,6.0,4.0,1.0,6.0,P09,array/index access,,True,False,not_selected_under_75_percent_constraints
R188,R188_T006,6,2,-0.6980861227403578,0.4585089711147523,0.5690051859313663,1.3461129007714732,4.0,6.0,6.0,7.0,P09,array/index access,,True,False,not_selected_under_75_percent_constraints
R188,R188_T007,7,1,-0.9862216933996263,1.6853925337272977,-0.1521445625077024,-0.3187368861828747,1.0,7.0,3.0,4.0,P09,array/index access,,True,False,not_selected_under_75_percent_constraints
R189,R189_T001,1,7,0.08391739110828195,0.3520459079104808,-0.3194028428222526,-0.30129213824253687,2.0,6.0,3.0,4.0,P13,array/index access,Control flow,True,True,
R189,R189_T002,2,6,-0.567248337328094,-0.13744338496849423,-0.7331463378252033,-0.7149840957574506,1.0,2.0,1.0,2.0,P13,array/index access,Control flow,True,True,
R189,R189_T003,3,25,5.148370932383319,0.14161140015689266,-0.5605606113195734,-0.49981563443994137,7.0,5.0,2.0,3.0,P13,array/index access,Control flow,True,True,
R189,R189_T004,4,12,1.2995601174937137,0.4418011760728806,0.190244015486802,0.5131850465773818,4.0,7.0,5.0,6.0,P13,array/index access,Control flow,True,True,
R189,R189_T005,5,15,0.30529751414634815,-0.08882904932114587,0.6755491786464828,-0.7469719066723299,3.0,3.0,6.0,1.0,P13,array/index access,Control flow,True,True,
R189,R189_T006,6,15,2.1448311645333757,0.08737010112605406,0.06769862014704005,-0.2612582711838043,5.0,4.0,4.0,5.0,P13,array/index access,Control flow,True,True,
R189,R189_T007,7,9,2.4047445705926305,-0.17476129617406444,1.1225594392660776,0.6403416548591099,6.0,1.0,7.0,7.0,P13,array/index access,Control flow,True,True,
R190,R190_T001,1,16,0.4604754183208934,0.22047325703220222,-0.602530266517623,0.44488409241927834,6.0,8.0,1.0,8.0,P14,array/index access,Array expressions,True,True,
R190,R190_T002,2,12,-0.08839628154663119,0.07887770324083045,0.820535233668609,0.5662691408409749,5.0,5.0,8.0,9.0,P14,array/index access,Array expressions,True,True,
R190,R190_T003,3,22,0.5424338162757057,-0.18055657433969083,0.26066863040835553,0.22924138137631023,7.0,2.0,6.0,6.0,P14,array/index access,Array expressions,True,True,
R190,R190_T004,4,31,2.860087703070071,0.1661215020306521,-0.2962104556131503,-0.21433002389205438,9.0,7.0,3.0,4.0,P14,array/index access,Array expressions,True,True,
R190,R190_T005,5,14,-0.31497347693001315,-0.31189688101084506,-0.464584749761338,-0.3666738081689261,2.0,1.0,2.0,2.0,P14,array/index access,Array expressions,True,True,
R190,R190_T006,6,17,-0.16396828759037071,0.030769501191512633,0.0367535859574572,-0.28671935308828095,4.0,4.0,4.0,3.0,P14,array/index access,Array expressions,True,True,
R190,R190_T007,7,22,0.8926004797691128,-0.03562856465130474,0.14772861787320266,-0.5288470658326996,8.0,3.0,5.0,1.0,P14,array/index access,Array expressions,True,True,
R190,R190_T008,8,7,-0.5104369414469483,0.16243522182476575,0.9670402676518556,0.16435982915939093,1.0,6.0,9.0,5.0,P14,array/index access,Array expressions,True,True,
R190,R190_T009,9,6,-0.2762614033404231,0.5861374980296629,0.5832978600423598,0.3757868812656078,3.0,9.0,7.0,7.0,P14,array/index access,Array expressions,True,True,
R191,R191_T001,1,13,0.2648239278153199,0.05827489777206999,-0.568587580871668,0.6196792133099179,8.0,7.0,2.0,8.0,P14,array/index access,,True,False,nonpositive_in_at_least_three_panels
R191,R191_T002,2,9,-0.42769287213594637,0.3659534585555773,0.7842767275573826,0.6711698343306945,4.0,10.0,9.0,9.0,P14,array/index access,,True,False,nonpositive_in_at_least_three_panels
R191,R191_T003,3,26,2.270085344259755,-0.012582367118605007,0.41939240298795594,-0.10512107153940535,10.0,6.0,8.0,4.0,P14,array/index access,,True,False,nonpositive_in_at_least_three_panels
R191,R191_T004,4,19,-0.08161594525846254,-0.1334181189581966,-0.2563122550238944,-0.44013230715443935,6.0,5.0,4.0,3.0,P14,array/index access,,True,False,nonpositive_in_at_least_three_panels
R191,R191_T005,5,23,2.0512420755976017,0.25927283236866017,-0.1739307108491185,-0.6312157764170817,9.0,9.0,5.0,1.0,P14,array/index access,,True,False,nonpositive_in_at_least_three_panels
R191,R191_T006,6,13,-0.4522766831300431,-0.4109702498562848,-0.7459915632429374,-0.4881169923696424,3.0,3.0,1.0,2.0,P14,array/index access,,True,False,nonpositive_in_at_least_three_panels
R191,R191_T007,7,14,-0.47883462948274175,-0.26220146444331976,1.3582426568330082,0.05882655928100725,2.0,4.0,10.0,7.0,P14,array/index access,,True,False,nonpositive_in_at_least_three_panels
R191,R191_T008,8,11,0.01309865153105196,-0.45568595285916486,0.31996798252682446,0.67790997719097,7.0,1.0,7.0,10.0,P14,array/index access,,True,False,nonpositive_in_at_least_three_panels
R191,R191_T009,9,4,-0.2530139950408925,-0.4235542491921637,-0.35221678273619844,-0.04103181368843791,5.0,2.0,3.0,6.0,P14,array/index access,,True,False,nonpositive_in_at_least_three_panels
R191,R191_T010,10,1,-0.8926169948870074,0.11684245187874265,-0.09899351435575676,-0.088438211349303,1.0,8.0,6.0,5.0,P14,array/index access,,True,False,nonpositive_in_at_least_three_panels
R192,R192_T001,1,12,-0.21794156040132898,0.03543234103780172,-0.4619218864585928,-0.27294384401553445,9.0,6.0,3.0,6.0,P14,array/index access,,True,False,not_selected_under_75_percent_constraints
R192,R192_T002,2,16,0.29901408309814803,-0.10365633461421747,0.2937369361225735,0.32989374700092217,10.0,2.0,6.0,9.0,P14,array/index access,,True,False,not_selected_under_75_percent_constraints
R192,R192_T003,3,5,-0.5798506380538027,-0.051223927701541105,0.4186663978793081,0.025767634120892197,5.0,3.0,7.0,7.0,P14,array/index access,,True,False,not_selected_under_75_percent_constraints
R192,R192_T004,4,5,-0.5682723167827763,-0.29046955126533713,-0.08496590595272512,0.12242527453667852,6.0,1.0,4.0,8.0,P14,array/index access,,True,False,not_selected_under_75_percent_constraints
R192,R192_T005,5,2,-0.7599008246680524,-0.044684498322209,0.9795895336647016,0.947515340505428,4.0,4.0,9.0,10.0,P14,array/index access,,True,False,not_selected_under_75_percent_constraints
R192,R192_T006,6,1,-0.9855603352277015,1.5997997808395086,0.24464250904739868,-0.40359720781523006,2.0,10.0,5.0,5.0,P14,array/index access,,True,False,not_selected_under_75_percent_constraints
R192,R192_T007,7,3,-0.7839767099729326,-0.04440447128615682,0.7934945028063304,-1.1827271947058737,3.0,5.0,8.0,2.0,P14,array/index access,,True,False,not_selected_under_75_percent_constraints
R192,R192_T008,8,1,-1.0553079243758035,0.3184126289868286,-0.47737860383802827,-1.156362001816924,1.0,8.0,2.0,3.0,P14,array/index access,,True,False,not_selected_under_75_percent_constraints
R192,R192_T009,9,5,-0.5211000131019313,0.463215558363341,-0.8282899169411521,-1.207185884562739,7.0,9.0,1.0,1.0,P14,array/index access,,True,False,not_selected_under_75_percent_constraints
R192,R192_T010,10,2,-0.45011438160055156,0.30084338349727824,1.2634528603160609,-0.8279089350637784,8.0,7.0,10.0,4.0,P14,array/index access,,True,False,not_selected_under_75_percent_constraints
R193,R193_T001,1,10,-0.6798011039231172,0.3142988156781804,0.2633194417835805,-0.8862021426461341,5.0,7.0,4.0,4.0,P14,array/index access,Array expressions,True,True,
R193,R193_T002,2,11,-0.08128103890477241,0.06767012916607591,0.6226348624063132,-0.09910476362958748,8.0,5.0,8.0,6.0,P14,array/index access,Array expressions,True,True,
R193,R193_T003,3,3,-0.499558352500169,0.0011071902256819162,0.490429465199644,-0.7927948529791493,7.0,4.0,6.0,5.0,P14,array/index access,Array expressions,True,True,
R193,R193_T004,4,1,-0.9044374247561402,-0.22553859298713022,0.17616470145477894,-1.4066159347602776,3.0,2.0,3.0,1.0,P14,array/index access,Array expressions,True,True,
R193,R193_T005,5,2,-0.6139689714407975,0.4821670026927083,-0.9917010836629846,0.5849028795278658,6.0,8.0,1.0,7.0,P14,array/index access,Array expressions,True,True,
R193,R193_T006,6,2,-0.738443813602602,-0.16016113680022895,0.3798921135904166,1.2618500139701372,4.0,3.0,5.0,8.0,P14,array/index access,Array expressions,True,True,
R193,R193_T007,7,1,-1.0569946467820408,0.2222298463758793,-0.9705120543388844,-0.9916174676583633,1.0,6.0,2.0,2.0,P14,array/index access,Array expressions,True,True,
R193,R193_T008,8,1,-0.9218932575370283,-0.3934845986329955,0.5894059274150825,-0.9845170255115067,2.0,1.0,7.0,3.0,P14,array/index access,Array expressions,True,True,
R194,R194_T001,1,12,-0.2941274226731607,-0.12132631963325329,0.6196560723917476,0.07833474265698231,3.0,3.0,7.0,3.0,P18,array/index access,,True,False,not_selected_under_75_percent_constraints
R194,R194_T002,2,10,0.22759376519391897,-0.4351244350539207,0.11646176574889112,-0.058673237203616134,5.0,1.0,3.0,1.0,P18,array/index access,,True,False,not_selected_under_75_percent_constraints
R194,R194_T003,3,17,0.36794291601925755,0.18410707107521784,0.3589671689312717,0.2102444287392149,6.0,5.0,5.0,5.0,P18,array/index access,,True,False,not_selected_under_75_percent_constraints
R194,R194_T004,4,17,0.909132560709887,0.2747649852928262,-0.810414254833277,-0.03964993097713382,8.0,7.0,1.0,2.0,P18,array/index access,,True,False,not_selected_under_75_percent_constraints
R194,R194_T005,5,12,0.77299783161794,-0.1554781182114282,-0.5774088909286084,0.11721298457220282,7.0,2.0,2.0,4.0,P18,array/index access,,True,False,not_selected_under_75_percent_constraints
R194,R194_T006,6,5,-0.7113115361651845,0.23872350093318997,0.24911080660921134,0.34182873700271715,2.0,6.0,4.0,6.0,P18,array/index access,,True,False,not_selected_under_75_percent_constraints
R194,R194_T007,7,4,-0.849126317503119,0.32313078644535254,0.6691767711907207,1.5090191499637264,1.0,8.0,8.0,8.0,P18,array/index access,,True,False,not_selected_under_75_percent_constraints
R194,R194_T008,8,5,-0.13692021771929666,0.1425734183958595,0.42515796987107096,0.4352487181627572,4.0,4.0,6.0,7.0,P18,array/index access,,True,False,not_selected_under_75_percent_constraints
R195,R195_T001,1,10,0.0836328137505035,0.3789296894857845,0.37307637713338754,0.732024853388498,18.0,19.0,13.0,19.0,P18,array/index access,Array expressions,True,True,
R195,R195_T002,2,7,-0.4444519055547624,0.31311815650607233,0.10909934395476968,0.2578379336867855,8.0,15.0,10.0,14.0,P18,array/index access,Array expressions,True,True,
R195,R195_T003,3,5,-0.38006809191248303,-0.3562582788208616,-0.570098249940083,0.1434995242352509,11.0,7.0,5.0,10.0,P18,array/index access,Array expressions,True,True,
R195,R195_T004,4,8,-0.38696965362316776,0.1924727265831761,0.8676318028919563,0.09825124261308742,10.0,10.0,18.0,8.0,P18,array/index access,Array expressions,True,True,
R195,R195_T005,5,9,-0.022033166512644184,0.24581223317152132,0.48820585791624027,-0.2640666170447567,17.0,13.0,15.0,5.0,P18,array/index access,Array expressions,True,True,
R195,R195_T006,6,4,0.38579520853631505,-0.4245514152311003,0.171519493066538,0.17308671269647202,20.0,5.0,11.0,11.0,P18,array/index access,Array expressions,True,True,
R195,R195_T007,7,3,-0.7747987823288719,-0.6143181608368086,-0.027318908315508355,0.2155186820562477,1.0,3.0,9.0,13.0,P18,array/index access,Array expressions,True,True,
R195,R195_T008,8,2,-0.339271148375943,0.2270381069472439,1.3735710336220615,1.1785931294957348,13.0,11.0,20.0,20.0,P18,array/index access,Array expressions,True,True,
R195,R195_T009,9,4,-0.6852928946791063,-0.8581752406816561,0.5455397321236349,-0.18703098017691056,3.0,1.0,17.0,7.0,P18,array/index access,Array expressions,True,True,
R195,R195_T010,10,3,-0.27676485097271947,0.3208863325743902,1.3569583437871202,0.3960605216521298,14.0,16.0,19.0,15.0,P18,array/index access,Array expressions,True,True,
R195,R195_T011,11,4,-0.6739948735876674,0.35222814302429617,-0.6342588268587764,-0.32631649972224697,4.0,17.0,3.0,4.0,P18,array/index access,Array expressions,True,True,
R195,R195_T012,12,6,-0.35897407623510746,-0.12621511183784775,-0.5976858556664647,-0.24233795091998037,12.0,9.0,4.0,6.0,P18,array/index access,Array expressions,True,True,
R195,R195_T013,13,3,-0.19644596282269258,0.2425899605174674,0.30876679002602675,-0.6764067782393086,15.0,12.0,12.0,1.0,P18,array/index access,Array expressions,True,True,
R195,R195_T014,14,2,-0.4065367068362656,-0.6194653655226647,-0.737176149046502,0.1177001204961499,9.0,2.0,1.0,9.0,P18,array/index access,Array expressions,True,True,
R195,R195_T015,15,3,-0.6453038035439448,-0.5560111424181308,-0.6609167173965229,-0.35504035703032555,5.0,4.0,2.0,3.0,P18,array/index access,Array expressions,True,True,
R195,R195_T016,16,2,-0.6171714395437108,0.3648953667775675,0.4727926091911694,0.6345304738444927,6.0,18.0,14.0,18.0,P18,array/index access,Array expressions,True,True,
R195,R195_T017,17,5,-0.08338731313472708,-0.385524469328058,-0.3332660113819817,0.47114436028705287,16.0,6.0,6.0,16.0,P18,array/index access,Array expressions,True,True,
R195,R195_T018,18,4,-0.7428296105725979,0.6347764876266809,-0.036523230985827694,0.5607889253226265,2.0,20.0,8.0,17.0,P18,array/index access,Array expressions,True,True,
R195,R195_T019,19,3,-0.4950252795587022,-0.30785250056363095,0.5223574386506872,0.18987877933105976,7.0,8.0,16.0,12.0,P18,array/index access,Array expressions,True,True,
R195,R195_T020,20,1,0.12803774289415035,0.26019268101166576,-0.18360408756876415,-0.43916114296099273,19.0,14.0,7.0,2.0,P18,array/index access,Array expressions,True,True,
R196,R196_T001,1,12,0.4621861529057427,-0.5478955306530334,-0.2994926134267472,0.6483539195792454,8.0,2.0,1.0,7.0,P20,array/index access,,True,False,nonpositive_in_at_least_three_panels
R196,R196_T002,2,11,-0.0064523119231274795,0.15705803797448592,-0.28340338234030915,0.595636038334102,5.0,8.0,2.0,5.0,P20,array/index access,,True,False,nonpositive_in_at_least_three_panels
R196,R196_T003,3,15,-0.05023151894164784,-0.23875420576358464,-0.27194449010425026,0.4919073863285142,4.0,3.0,3.0,3.0,P20,array/index access,,True,False,nonpositive_in_at_least_three_panels
R196,R196_T004,4,16,0.3122452526844622,-0.13530550982951384,1.6943274820017986,0.28067626478318736,6.0,4.0,8.0,2.0,P20,array/index access,,True,False,nonpositive_in_at_least_three_panels
R196,R196_T005,5,7,-0.4643405494343442,0.010653467110546825,-0.029175270731139364,0.6502032024173813,3.0,5.0,6.0,8.0,P20,array/index access,,True,False,nonpositive_in_at_least_three_panels
R196,R196_T006,6,6,-0.6672928688248602,-0.5636331537564133,-0.2506871071359647,0.6379123454359916,2.0,1.0,4.0,6.0,P20,array/index access,,True,False,nonpositive_in_at_least_three_panels
R196,R196_T007,7,10,0.4364171036023423,0.15142420150752828,-0.06034328196372948,-0.37292664981810103,7.0,7.0,5.0,1.0,P20,array/index access,,True,False,nonpositive_in_at_least_three_panels
R196,R196_T008,8,2,-0.9214888238007749,0.10211149073732273,0.1801962182893744,0.5559031252344077,1.0,6.0,7.0,4.0,P20,array/index access,,True,False,nonpositive_in_at_least_three_panels
R197,R197_T001,1,12,0.10869403072319793,-0.14254311778239204,0.2986667433748576,0.6489762157652871,6.0,1.0,5.0,4.0,P20,array/index access,,True,False,not_selected_under_75_percent_constraints
R197,R197_T002,2,11,-0.5923460246161035,0.043216185874420526,-0.482999134758878,-0.15429843497484808,1.0,2.0,2.0,2.0,P20,array/index access,,True,False,not_selected_under_75_percent_constraints
R197,R197_T003,3,11,-0.03479060448609527,0.2906126500313812,-0.16544618642091702,-0.31601834868715534,4.0,6.0,3.0,1.0,P20,array/index access,,True,False,not_selected_under_75_percent_constraints
R197,R197_T004,4,14,0.03509570863203799,0.16407500016919202,0.9683814157552252,0.682243613503001,5.0,4.0,6.0,5.0,P20,array/index access,,True,False,not_selected_under_75_percent_constraints
R197,R197_T005,5,6,-0.5792360552331556,0.11233704541263818,-0.1517713437631164,0.724376919082179,2.0,3.0,4.0,6.0,P20,array/index access,,True,False,not_selected_under_75_percent_constraints
R197,R197_T006,6,9,-0.5396964993808714,0.2338440576060385,-0.6097464003761018,-0.0903434177929379,3.0,5.0,1.0,3.0,P20,array/index access,,True,False,not_selected_under_75_percent_constraints
R198,R198_T001,1,6,-0.4170668491291328,-0.12428224408082217,-0.901340036369485,-0.03569234914990623,7.0,6.0,2.0,6.0,P20,array/index access,Array expressions,True,True,
R198,R198_T002,2,14,-0.12641675259623872,0.37067443215361423,0.2778656016107513,-0.4066209775081089,8.0,8.0,6.0,3.0,P20,array/index access,Array expressions,True,True,
R198,R198_T003,3,8,-0.532628094406793,-0.1860100538166829,-0.1264611627542235,0.5982836635899732,5.0,5.0,3.0,9.0,P20,array/index access,Array expressions,True,True,
R198,R198_T004,4,3,-0.7511228198084341,-0.382670635448162,0.4507247482496341,-0.03409874497845,3.0,3.0,8.0,7.0,P20,array/index access,Array expressions,True,True,
R198,R198_T005,5,8,-0.7906115364782105,0.0402522240843467,0.30942382239956423,-1.0828607919598623,2.0,7.0,7.0,1.0,P20,array/index access,Array expressions,True,True,
R198,R198_T006,6,11,-0.10174719717084783,-0.2080108190750752,0.4751233178673604,-0.07248802564460877,9.0,4.0,9.0,5.0,P20,array/index access,Array expressions,True,True,
R198,R198_T007,7,5,-0.49554178070946914,0.4442235155516219,-0.031035794754637747,-0.019793973151942385,6.0,9.0,4.0,8.0,P20,array/index access,Array expressions,True,True,
R198,R198_T008,8,5,-0.736072490389069,-0.5216787193616761,-0.9569475280929661,-0.2199246243524208,4.0,2.0,1.0,4.0,P20,array/index access,Array expressions,True,True,
R198,R198_T009,9,1,-0.8679747055512262,-0.6912152865120307,0.029516023164695888,-0.5078244049941639,1.0,1.0,5.0,2.0,P20,array/index access,Array expressions,True,True,
R199,R199_T001,1,9,-0.4674187277191453,0.10449777969413525,-0.04023722000868454,-0.9929647557817395,5.0,5.0,2.0,2.0,P20,array/index access,,True,False,not_selected_under_75_percent_constraints
R199,R199_T002,2,10,-0.04965926198730166,-0.08804673454646923,0.09208898917812347,-1.3114746740823688,6.0,4.0,4.0,1.0,P20,array/index access,,True,False,not_selected_under_75_percent_constraints
R199,R199_T003,3,5,-0.8209452361661526,-0.4330965291486507,-0.9805765089397545,0.42748421470682096,2.0,1.0,1.0,5.0,P20,array/index access,,True,False,not_selected_under_75_percent_constraints
R199,R199_T004,4,2,-0.8969178804226825,0.9563729605629882,1.0425761138161627,1.0090921122485403,1.0,7.0,7.0,6.0,P20,array/index access,,True,False,not_selected_under_75_percent_constraints
R199,R199_T005,5,5,-0.7055861131587745,-0.42149043306908096,0.147428422088879,0.05263768416648159,3.0,2.0,5.0,3.0,P20,array/index access,,True,False,not_selected_under_75_percent_constraints
R199,R199_T006,6,8,0.03515405139199487,-0.1420642057313123,0.508590332682937,0.09158466447564705,7.0,3.0,6.0,4.0,P20,array/index access,,True,False,not_selected_under_75_percent_constraints
R199,R199_T007,7,5,-0.6193490980618058,0.4189132128131961,0.02790324377799173,1.1313074985995855,4.0,6.0,3.0,7.0,P20,array/index access,,True,False,not_selected_under_75_percent_constraints
R200,R200_T001,1,6,-0.2696529857491074,0.3752527082495198,-0.368264180110409,-0.4141882344810104,3.0,6.0,2.0,7.0,P22,array/index access,,True,False,not_selected_under_75_percent_constraints
R200,R200_T002,2,17,0.7228157634370195,-0.215420007942961,0.47074531114055795,0.6393463899955586,7.0,1.0,9.0,9.0,P22,array/index access,,True,False,not_selected_under_75_percent_constraints
R200,R200_T003,3,23,0.6349512091246861,0.43931591695614497,-0.09987678914665248,-0.46131371723785186,6.0,8.0,3.0,5.0,P22,array/index access,,True,False,not_selected_under_75_percent_constraints
R200,R200_T004,4,10,-0.4669680488984634,0.5608202182575703,-0.08412975668717694,-0.42487726023397326,2.0,9.0,4.0,6.0,P22,array/index access,,True,False,not_selected_under_75_percent_constraints
R200,R200_T005,5,22,3.0447644475641447,-0.1066125712302437,0.2652734049982921,-0.572525491689055,9.0,2.0,8.0,4.0,P22,array/index access,,True,False,not_selected_under_75_percent_constraints
R200,R200_T006,6,24,2.3860249763850465,-0.00880183538610567,0.18147488457261815,-0.5729811181665142,8.0,4.0,7.0,3.0,P22,array/index access,,True,False,not_selected_under_75_percent_constraints
R200,R200_T007,7,9,-0.26052305109971835,0.404369066783329,-0.8250926092263922,-0.6002711217309374,4.0,7.0,1.0,2.0,P22,array/index access,,True,False,not_selected_under_75_percent_constraints
R200,R200_T008,8,4,-0.4883448416267305,0.2626982514236704,-0.008647219469959536,-0.6237888517334076,1.0,5.0,5.0,1.0,P22,array/index access,,True,False,not_selected_under_75_percent_constraints
R200,R200_T009,9,12,0.1521120909864118,-0.0945699978253936,0.134782558265735,-0.3790722169770599,5.0,3.0,6.0,8.0,P22,array/index access,,True,False,not_selected_under_75_percent_constraints
R201,R201_T001,1,14,-0.24043132962965016,0.06333951105300127,-0.6450983533482784,-0.7753661187541425,2.0,7.0,1.0,2.0,P22,array/index access,,True,False,not_selected_under_75_percent_constraints
R201,R201_T002,2,30,2.6987593693233904,0.10433562811725319,1.1562401977145609,-0.18978223914774672,6.0,8.0,5.0,5.0,P22,array/index access,,True,False,not_selected_under_75_percent_constraints
R201,R201_T003,3,20,0.1813769407275725,-0.23255257174767757,0.6345671654915699,-0.3680317704450354,4.0,1.0,3.0,3.0,P22,array/index access,,True,False,not_selected_under_75_percent_constraints
R201,R201_T004,4,27,3.5900914925659606,-0.04361032218365439,1.3118957503439204,-1.0953793677772703,8.0,4.0,6.0,1.0,P22,array/index access,,True,False,not_selected_under_75_percent_constraints
R201,R201_T005,5,27,4.534552650865545,-0.034363208590625395,1.4540731895162378,0.3039986039346764,9.0,5.0,8.0,8.0,P22,array/index access,,True,False,not_selected_under_75_percent_constraints
R201,R201_T006,6,26,3.5623239773178867,-0.0745691192762166,3.5590630478984875,-0.23122114474093594,7.0,2.0,9.0,4.0,P22,array/index access,,True,False,not_selected_under_75_percent_constraints
R201,R201_T007,7,14,1.1808678880293102,-0.04742034506376339,1.3799296615997525,-0.11946662858589374,5.0,3.0,7.0,6.0,P22,array/index access,,True,False,not_selected_under_75_percent_constraints
R201,R201_T008,8,3,-0.8229713177349133,0.04266761324616428,0.24863255434396736,0.3155511002720853,1.0,6.0,2.0,9.0,P22,array/index access,,True,False,not_selected_under_75_percent_constraints
R201,R201_T009,9,3,0.032002600989378016,0.23601513055932,1.0050464585032015,0.11236898564067538,3.0,9.0,4.0,7.0,P22,array/index access,,True,False,not_selected_under_75_percent_constraints
R202,R202_T001,1,18,1.5901861607689123,-0.07245125126070838,1.9527918047987314,-1.9491326514195306,8.0,3.0,9.0,1.0,P22,array/index access,Array expressions,True,True,
R202,R202_T002,2,19,1.1391370487667787,-0.13393746099373816,1.6334898618369447,0.5871531789660106,6.0,2.0,8.0,7.0,P22,array/index access,Array expressions,True,True,
R202,R202_T003,3,9,-0.6019606838845226,0.01377241046178889,-0.015339172714403437,-0.3254071780775743,1.0,5.0,3.0,6.0,P22,array/index access,Array expressions,True,True,
R202,R202_T004,4,22,1.716738885785536,0.08552387574148267,0.9127806585501549,0.6654995958567897,9.0,7.0,6.0,8.0,P22,array/index access,Array expressions,True,True,
R202,R202_T005,5,19,1.5467479199561824,0.21744020455216345,0.41027528016254095,0.7518171894765776,7.0,8.0,4.0,9.0,P22,array/index access,Array expressions,True,True,
R202,R202_T006,6,6,-0.5500938396930973,0.31755407402424096,1.0800978395564558,-1.0015071464596275,2.0,9.0,7.0,3.0,P22,array/index access,Array expressions,True,True,
R202,R202_T007,7,13,0.4064034149561293,-0.42702746018767657,-0.3244786849806547,-1.5007060951398943,4.0,1.0,1.0,2.0,P22,array/index access,Array expressions,True,True,
R202,R202_T008,8,9,0.40930043544045375,0.02432422647767779,0.6424251534334237,-0.6223310595081061,5.0,6.0,5.0,5.0,P22,array/index access,Array expressions,True,True,
R202,R202_T009,9,5,0.12345854759627163,-0.05433470170597254,-0.2766217461079475,-0.9913550329843019,3.0,4.0,2.0,4.0,P22,array/index access,Array expressions,True,True,
R203,R203_T001,1,19,0.7187017407126906,-0.07308515201952984,0.7692134900592379,-1.164792800199408,7.0,3.0,3.0,1.0,P22,array/index access,,True,False,not_selected_under_75_percent_constraints
R203,R203_T002,2,4,1.4217823602239363,-0.14813837663299792,-0.0664358058488751,-0.42762828133114344,8.0,1.0,1.0,5.0,P22,array/index access,,True,False,not_selected_under_75_percent_constraints
R203,R203_T003,3,9,0.24102139760537988,0.06031243654572048,1.2629806060325617,0.6595395162005944,4.0,4.0,6.0,7.0,P22,array/index access,,True,False,not_selected_under_75_percent_constraints
R203,R203_T004,4,11,0.2680121030684753,0.08514524853513027,1.279051415045571,0.34264918114579174,5.0,5.0,7.0,6.0,P22,array/index access,,True,False,not_selected_under_75_percent_constraints
R203,R203_T005,5,8,0.5603093748810274,-0.13928226697432639,1.070187375308165,-0.9626873093498948,6.0,2.0,5.0,3.0,P22,array/index access,,True,False,not_selected_under_75_percent_constraints
R203,R203_T006,6,3,-0.30191445368285214,0.609552349086974,1.0377088809012172,-1.0939585146389896,3.0,7.0,4.0,2.0,P22,array/index access,,True,False,not_selected_under_75_percent_constraints
R203,R203_T007,7,1,-0.5578485682569713,0.1298919009213697,1.8854562871340506,-0.896214312784342,2.0,6.0,8.0,4.0,P22,array/index access,,True,False,not_selected_under_75_percent_constraints
R203,R203_T008,8,1,-0.6419335175617507,2.177141889500631,-0.004375172249886261,0.680075762426673,1.0,8.0,2.0,8.0,P22,array/index access,,True,False,not_selected_under_75_percent_constraints
R204,R204_T001,1,15,1.0099083149231802,0.37784898959294905,0.3774725017605037,-0.7205882654402037,5.0,7.0,3.0,5.0,P22,array/index access,Array expressions,True,True,
R204,R204_T002,2,19,1.4882394621697008,-0.3413767279904533,1.7679143257643908,-0.421329137977182,7.0,3.0,8.0,6.0,P22,array/index access,Array expressions,True,True,
R204,R204_T003,3,11,-0.41393079218511936,-0.5886179938990662,-0.22929808170100766,-1.0481313162037829,3.0,2.0,2.0,1.0,P22,array/index access,Array expressions,True,True,
R204,R204_T004,4,20,1.0793063066260122,0.06581680123305741,1.1393790237612642,0.6867303016670457,6.0,6.0,6.0,8.0,P22,array/index access,Array expressions,True,True,
R204,R204_T005,5,13,1.7265908122910083,-0.0337136796155454,0.6516495116673504,0.660999759073973,8.0,5.0,4.0,7.0,P22,array/index access,Array expressions,True,True,
R204,R204_T006,6,2,-0.46134024243843647,1.0671164833728497,1.6470690907405459,-0.9823224165994944,2.0,8.0,7.0,2.0,P22,array/index access,Array expressions,True,True,
R204,R204_T007,7,6,-0.06335160050561188,-0.09147943337069608,-0.5241650652168238,-0.9282478638757387,4.0,4.0,1.0,3.0,P22,array/index access,Array expressions,True,True,
R204,R204_T008,8,2,-0.5762620510876474,-1.440138364690132,0.7259728212639519,-0.7469543259726011,1.0,1.0,5.0,4.0,P22,array/index access,Array expressions,True,True,
R205,R205_T001,1,15,0.5341064302762059,0.00599427019602851,0.5009498529788573,-0.5678484634068429,6.0,3.0,4.0,2.0,P22,array/index access,,True,False,not_selected_under_75_percent_constraints
R205,R205_T002,2,7,-0.5583200282850366,0.4917331423181589,-0.6857858051321138,-0.448174778282118,2.0,5.0,2.0,3.0,P22,array/index access,,True,False,not_selected_under_75_percent_constraints
R205,R205_T003,3,9,0.20573444065922972,0.011911132997781411,0.3109451247127208,0.6479413307640525,4.0,4.0,3.0,6.0,P22,array/index access,,True,False,not_selected_under_75_percent_constraints
R205,R205_T004,4,6,0.34867644040227735,-0.8611935373006818,0.9064512218748989,0.27979378138227484,5.0,1.0,5.0,5.0,P22,array/index access,,True,False,not_selected_under_75_percent_constraints
R205,R205_T005,5,1,-0.3590206396713387,-0.2739952882151175,1.1223408058750153,0.06335356398481462,3.0,2.0,6.0,4.0,P22,array/index access,,True,False,not_selected_under_75_percent_constraints
R205,R205_T006,6,1,-1.0197512185031297,0.8337703675060695,-0.9983507357831503,-0.7723791833847278,1.0,6.0,1.0,1.0,P22,array/index access,,True,False,not_selected_under_75_percent_constraints
R206,R206_T001,1,15,0.4319962962227258,0.3530270623353438,-1.1522823487239815,0.2342780114415095,7.0,10.0,1.0,7.0,P26,array/index access,,True,False,not_selected_under_75_percent_constraints
R206,R206_T002,2,22,0.9161815203780161,-0.049248271608464164,-0.033473775431149135,0.07404588819704279,9.0,4.0,8.0,5.0,P26,array/index access,,True,False,not_selected_under_75_percent_constraints
R206,R206_T003,3,13,-0.5328921970730182,0.19754644841929375,-0.8000884923400223,-0.0712495637212124,2.0,8.0,3.0,3.0,P26,array/index access,,True,False,not_selected_under_75_percent_constraints
R206,R206_T004,4,19,1.2179137816872452,0.21381415986213848,-0.24724524434989822,0.001351345957755927,11.0,9.0,7.0,4.0,P26,array/index access,,True,False,not_selected_under_75_percent_constraints
R206,R206_T005,5,12,0.6486578899308221,0.06480833545622929,-0.46330343143456193,0.3816782528693576,8.0,6.0,4.0,9.0,P26,array/index access,,True,False,not_selected_under_75_percent_constraints
R206,R206_T006,6,18,1.1953349126285613,0.008274075491534659,0.042886019179898795,0.5691237432068158,10.0,5.0,9.0,10.0,P26,array/index access,,True,False,not_selected_under_75_percent_constraints
R206,R206_T007,7,5,0.049771960700147305,-0.3108879702812581,-0.8428057738292085,0.36381080669127047,5.0,2.0,2.0,8.0,P26,array/index access,,True,False,not_selected_under_75_percent_constraints
R206,R206_T008,8,9,-0.2412079187274581,0.07662015259159712,1.5606840695648294,0.8493424413199501,4.0,7.0,11.0,11.0,P26,array/index access,,True,False,not_selected_under_75_percent_constraints
R206,R206_T009,9,7,0.06030372956268174,0.472426199822639,-0.41206506361306644,-0.5069473557761739,6.0,11.0,6.0,1.0,P26,array/index access,,True,False,not_selected_under_75_percent_constraints
R206,R206_T010,10,2,-0.9786859025001714,-0.3608830449431781,-0.4504075856627676,-0.4769288510783421,1.0,1.0,5.0,2.0,P26,array/index access,,True,False,not_selected_under_75_percent_constraints
R206,R206_T011,11,3,-0.4175248480272136,-0.12809200546012556,1.1752243245815361,0.09181651027011173,3.0,3.0,10.0,6.0,P26,array/index access,,True,False,not_selected_under_75_percent_constraints
R207,R207_T001,1,14,0.7470000394923235,-0.3672114040557974,0.22568579317616944,-0.618348177336283,10.0,3.0,7.0,5.0,P26,array/index access,,True,False,nonpositive_in_at_least_three_panels
R207,R207_T002,2,13,0.9144964087098097,0.012062340735017127,-1.130579661021115,-0.6376003716478241,12.0,8.0,1.0,4.0,P26,array/index access,,True,False,nonpositive_in_at_least_three_panels
R207,R207_T003,3,12,0.612111801892346,-0.28877152307978377,-0.1303959032756478,-0.30476464695006916,9.0,4.0,6.0,8.0,P26,array/index access,,True,False,nonpositive_in_at_least_three_panels
R207,R207_T004,4,4,0.3487948469695637,-0.1220502767131616,-0.8813005945919805,-0.8840614850795215,8.0,6.0,3.0,2.0,P26,array/index access,,True,False,nonpositive_in_at_least_three_panels
R207,R207_T005,5,8,-0.3938092308780777,0.2548166272792272,1.2755400271886146,0.19759031593152795,7.0,10.0,11.0,12.0,P26,array/index access,,True,False,nonpositive_in_at_least_three_panels
R207,R207_T006,6,6,-0.4976858931565588,-0.08428661712031454,1.0240649393870986,-0.12531951602096003,6.0,7.0,10.0,11.0,P26,array/index access,,True,False,nonpositive_in_at_least_three_panels
R207,R207_T007,7,2,-0.7912780579822876,-0.13567781806283657,1.9994506412118522,-0.24551342970087964,2.0,5.0,12.0,10.0,P26,array/index access,,True,False,nonpositive_in_at_least_three_panels
R207,R207_T008,8,3,-0.6279581833881951,-0.6668903402966092,0.46615452735745116,-0.6804923253276202,4.0,2.0,8.0,3.0,P26,array/index access,,True,False,nonpositive_in_at_least_three_panels
R207,R207_T009,9,3,-0.5326492812552597,1.5045019461131435,0.8518933574796037,-0.9196683005477065,5.0,12.0,9.0,1.0,P26,array/index access,,True,False,nonpositive_in_at_least_three_panels
R207,R207_T010,10,7,0.8202310655589237,0.21968841959091226,-0.48328297384045826,-0.393003244872193,11.0,9.0,4.0,7.0,P26,array/index access,,True,False,nonpositive_in_at_least_three_panels
R207,R207_T011,11,1,-0.6803359224732862,-1.4782879824880468,-0.15697778593537384,-0.44847857120176754,3.0,1.0,5.0,6.0,P26,array/index access,,True,False,nonpositive_in_at_least_three_panels
R207,R207_T012,12,1,-0.9241954188004793,0.4527865796045999,-0.8977811043039291,-0.28336379660093897,1.0,11.0,2.0,9.0,P26,array/index access,,True,False,nonpositive_in_at_least_three_panels
R208,R208_T001,1,5,-0.3833490042444658,-0.19124615175307996,-0.31648465833565426,-0.8288501950002628,4.0,4.0,2.0,3.0,P26,array/index access,,True,False,nonpositive_in_at_least_three_panels
R208,R208_T002,2,4,-0.8563855838758899,-0.3201629487559279,-0.26867183281171725,-0.457639458579091,1.0,2.0,3.0,5.0,P26,array/index access,,True,False,nonpositive_in_at_least_three_panels
R208,R208_T003,3,1,-0.7035813979738746,-0.6984030381395275,0.0772414303802359,-0.8952704670235709,2.0,1.0,5.0,2.0,P26,array/index access,,True,False,nonpositive_in_at_least_three_panels
R208,R208_T004,4,2,-0.4959135986706424,0.01986489328843251,0.023066791030892413,-1.1374664930779412,3.0,5.0,4.0,1.0,P26,array/index access,,True,False,nonpositive_in_at_least_three_panels
R208,R208_T005,5,3,-0.24698925344188863,-0.2225383208228604,-0.44730864238626483,-0.6686632253327761,5.0,3.0,1.0,4.0,P26,array/index access,,True,False,nonpositive_in_at_least_three_panels
R209,R209_T001,1,19,0.618612587976913,-0.14778171314371352,0.14931059732839494,0.32864792338239524,9.0,3.0,6.0,3.0,P28,array/index access,Array expressions,True,True,
R209,R209_T002,2,15,0.18572779048369017,0.07317057719405153,-1.1751014206718808,-0.04131118434409253,6.0,7.0,1.0,1.0,P28,array/index access,Array expressions,True,True,
R209,R209_T003,3,25,2.4301798300735165,0.14827909645652315,0.39665545593538515,0.3588222547801961,10.0,8.0,9.0,4.0,P28,array/index access,Array expressions,True,True,
R209,R209_T004,4,12,0.20325050750575002,-0.09617710903792376,-0.32390277735816425,0.651619755219916,7.0,4.0,3.0,7.0,P28,array/index access,Array expressions,True,True,
R209,R209_T005,5,14,0.16182220461585706,0.043256888425106665,-1.033782761259049,0.678986553562989,5.0,5.0,2.0,8.0,P28,array/index access,Array expressions,True,True,
R209,R209_T006,6,14,0.6100253114878947,-0.15821560629834633,0.22940171604227266,0.2963344925159855,8.0,2.0,7.0,2.0,P28,array/index access,Array expressions,True,True,
R209,R209_T007,7,4,-0.5975302287361653,0.2741866316117902,-0.11570310809119884,0.5127512343766275,2.0,9.0,4.0,5.0,P28,array/index access,Array expressions,True,True,
R209,R209_T008,8,2,-0.12728431676711802,-0.2845476048886567,0.09713366263343483,0.5394976253745348,4.0,1.0,5.0,6.0,P28,array/index access,Array expressions,True,True,
R209,R209_T009,9,3,-0.6313476245717381,0.05410781076325214,0.27734905937259363,2.0161671703673716,1.0,6.0,8.0,10.0,P28,array/index access,Array expressions,True,True,
R209,R209_T010,10,2,-0.1949896339680479,0.6755465515290457,0.5112105965748645,0.9372041835257438,3.0,10.0,10.0,9.0,P28,array/index access,Array expressions,True,True,
R210,R210_T001,1,23,2.66665149328724,-0.3511485312052823,0.08972969477284654,0.16120663929962556,5.0,1.0,5.0,1.0,P28,array/index access,,True,False,not_selected_under_75_percent_constraints
R210,R210_T002,2,24,0.9917784272939415,0.05209404553895466,-0.3906736193840524,0.8639072189809008,3.0,4.0,1.0,6.0,P28,array/index access,,True,False,not_selected_under_75_percent_constraints
R210,R210_T003,3,18,0.7758204802392469,0.08558166078741775,-0.07093856512013515,0.6405590053302901,2.0,5.0,2.0,3.0,P28,array/index access,,True,False,not_selected_under_75_percent_constraints
R210,R210_T004,4,24,1.8880502438302706,0.2710457050458001,0.7557669534750585,0.2809005495003587,4.0,6.0,6.0,2.0,P28,array/index access,,True,False,not_selected_under_75_percent_constraints
R210,R210_T005,5,24,2.99893393861629,-0.1308835529491467,0.012614348017614574,0.6770072194999363,6.0,3.0,4.0,4.0,P28,array/index access,,True,False,not_selected_under_75_percent_constraints
R210,R210_T006,6,16,0.4763380685713569,-0.29302492480792647,-0.04923840385879541,0.7818344396991831,1.0,2.0,3.0,5.0,P28,array/index access,,True,False,not_selected_under_75_percent_constraints
R211,R211_T001,1,8,-0.1706195934146677,-0.13178842933147458,-0.23678963358142327,0.595212553458535,2.0,2.0,4.0,3.0,P28,array/index access,Array expressions,True,True,
R211,R211_T002,2,6,-0.35291889343256294,0.029945856039125435,-0.3064235276232882,-0.7195406120237909,1.0,4.0,2.0,1.0,P28,array/index access,Array expressions,True,True,
R211,R211_T003,3,15,1.6972314657799468,0.18882451439606068,0.01852454516739203,0.24397424797141257,5.0,6.0,6.0,2.0,P28,array/index access,Array expressions,True,True,
R211,R211_T004,4,14,0.6540859164438152,-0.2876837929110821,-0.2712876065652767,0.8264560373893852,3.0,1.0,3.0,6.0,P28,array/index access,Array expressions,True,True,
R211,R211_T005,5,16,1.3096333883435105,0.052843687863325134,-0.06659460491092604,0.70169115041826,4.0,5.0,5.0,5.0,P28,array/index access,Array expressions,True,True,
R211,R211_T006,6,13,1.8260556678412236,-0.009683614988379833,-1.2238361609658508,0.6428191702883502,6.0,3.0,1.0,4.0,P28,array/index access,Array expressions,True,True,
R212,R212_T001,1,13,1.0712393136888345,-0.0067742359478136695,-0.3308203670796192,-0.33617783819110175,6.0,1.0,2.0,2.0,P28,array/index access,,True,False,not_selected_under_75_percent_constraints
R212,R212_T002,2,8,-0.18675025313261676,0.21541505056217036,-0.3028803244373801,0.6600642163874714,3.0,4.0,3.0,6.0,P28,array/index access,,True,False,not_selected_under_75_percent_constraints
R212,R212_T003,3,6,-0.5950678807967043,0.362868918089754,0.11200078788026424,-0.27339196288796747,2.0,5.0,6.0,3.0,P28,array/index access,,True,False,not_selected_under_75_percent_constraints
R212,R212_T004,4,4,-0.051244670280164904,0.3877432171362189,-0.23678654575582891,-0.34338062997997015,4.0,6.0,4.0,1.0,P28,array/index access,,True,False,not_selected_under_75_percent_constraints
R212,R212_T005,5,6,0.0892368321902185,-0.002767337302101177,-0.11529152399533664,-0.04588628511300807,5.0,2.0,5.0,4.0,P28,array/index access,,True,False,not_selected_under_75_percent_constraints
R212,R212_T006,6,4,-0.776401209313898,0.06845510212977546,-0.6715706393504162,0.1659921310327247,1.0,3.0,1.0,5.0,P28,array/index access,,True,False,not_selected_under_75_percent_constraints
R213,R213_T001,1,6,0.7189715104527155,-0.11301196992205136,-0.31095648650709684,0.7176125006543567,5.0,2.0,4.0,6.0,P28,array/index access,Control flow,True,True,
R213,R213_T002,2,6,0.16112535879421963,0.21312201820393653,0.16094373401993092,-0.16459229059226374,4.0,4.0,6.0,1.0,P28,array/index access,Control flow,True,True,
R213,R213_T003,3,15,0.79564272358305,-0.18865498708614625,-0.6588062523491865,0.1674759085488887,6.0,1.0,3.0,3.0,P28,array/index access,Control flow,True,True,
R213,R213_T004,4,8,0.01110867226869427,0.29189790842798097,-0.3027157682947785,0.5174681553716513,3.0,5.0,5.0,5.0,P28,array/index access,Control flow,True,True,
R213,R213_T005,5,6,-0.2626696331040553,0.39323166853536584,-0.9678040338951813,0.19521572317268654,2.0,6.0,2.0,4.0,P28,array/index access,Control flow,True,True,
R213,R213_T006,6,6,-0.6279863746292307,0.13495020795031426,-1.181908483177058,0.14145212453760306,1.0,3.0,1.0,2.0,P28,array/index access,Control flow,True,True,
R214,R214_T001,1,8,-0.2897162516215755,0.566350150947901,-0.7761991959100453,-0.09366513172395867,4.0,5.0,3.0,4.0,P31,array/index access,Array expressions,True,True,
R214,R214_T002,2,2,-0.763519196835396,-0.02867229405081384,-0.4232783053296379,0.0038691486274336864,2.0,3.0,4.0,5.0,P31,array/index access,Array expressions,True,True,
R214,R214_T003,3,8,0.12288996687726732,-0.3891529543344371,-0.38653278749010234,0.08129535395573377,6.0,2.0,5.0,6.0,P31,array/index access,Array expressions,True,True,
R214,R214_T004,4,1,-0.5410569959916041,0.509680126048651,-1.1732314210345782,-0.5804580836863571,3.0,4.0,2.0,2.0,P31,array/index access,Array expressions,True,True,
R214,R214_T005,5,2,-0.13204216208106462,-0.44011642379707727,-0.37327525085486113,-0.4735134305516397,5.0,1.0,6.0,3.0,P31,array/index access,Array expressions,True,True,
R214,R214_T006,6,1,-0.9217800246450477,1.4366924481797747,-1.2818464872831223,-0.580990248976767,1.0,6.0,1.0,1.0,P31,array/index access,Array expressions,True,True,
R215,R215_T001,1,7,-0.46556940054175106,0.5478689532077154,0.020589418944918114,0.20358920621266333,2.0,6.0,4.0,6.0,P02,loop condition / boundary,Control flow,True,True,
R215,R215_T002,2,9,-0.7231074518847901,0.13152314126907794,0.48854706554945954,-0.6177240230803517,1.0,4.0,5.0,1.0,P02,loop condition / boundary,Control flow,True,True,
R215,R215_T003,3,23,1.5906682988860574,0.06245818053601527,1.2095655419037492,0.07212226917255939,5.0,2.0,6.0,5.0,P02,loop condition / boundary,Control flow,True,True,
R215,R215_T004,4,16,0.14965508267672475,0.10691142999228143,-0.7608096858682806,-0.20461803784813015,4.0,3.0,1.0,3.0,P02,loop condition / boundary,Control flow,True,True,
R215,R215_T005,5,23,1.796627643164471,0.20876434126427226,-0.34621948005640774,-0.1159384850715484,6.0,5.0,3.0,4.0,P02,loop condition / boundary,Control flow,True,True,
R215,R215_T006,6,10,-0.040909886357703935,-0.006872233295060132,-0.7063962957909139,-0.44257121982158515,3.0,1.0,2.0,2.0,P02,loop condition / boundary,Control flow,True,True,
R216,R216_T001,1,7,-0.34475531938795934,0.4744208776452135,-0.05723608414182877,0.9591788431197882,3.0,13.0,4.0,10.0,P04,loop condition / boundary,,True,False,nonpositive_in_at_least_three_panels
R216,R216_T002,2,10,-0.08423337698917888,0.04478204868650622,-0.4290962900604307,0.21332403990406568,4.0,9.0,2.0,3.0,P04,loop condition / boundary,,True,False,nonpositive_in_at_least_three_panels
R216,R216_T003,3,26,3.1538970239685966,-0.06487635249856336,0.1583850605800651,0.7725072802258274,13.0,7.0,5.0,8.0,P04,loop condition / boundary,,True,False,nonpositive_in_at_least_three_panels
R216,R216_T004,4,21,2.107990100410896,-0.13425723084978397,-0.3633417012965283,0.6291636849321011,11.0,5.0,3.0,5.0,P04,loop condition / boundary,,True,False,nonpositive_in_at_least_three_panels
R216,R216_T005,5,26,2.628669202090958,-0.04479097514835417,0.75079299400345,0.18975104939761614,12.0,8.0,8.0,2.0,P04,loop condition / boundary,,True,False,nonpositive_in_at_least_three_panels
R216,R216_T006,6,22,1.358811490400117,-0.22116974834722578,1.9390466972927152,1.2745285122040224,8.0,4.0,13.0,12.0,P04,loop condition / boundary,,True,False,nonpositive_in_at_least_three_panels
R216,R216_T007,7,22,1.6368570555732658,0.17435323775936892,0.8240544794718933,1.0845174283787449,10.0,10.0,9.0,11.0,P04,loop condition / boundary,,True,False,nonpositive_in_at_least_three_panels
R216,R216_T008,8,18,1.589322210165611,-0.10342853268575863,1.6400679970433876,0.6029758676425364,9.0,6.0,12.0,4.0,P04,loop condition / boundary,,True,False,nonpositive_in_at_least_three_panels
R216,R216_T009,9,8,0.2778296417664919,0.34329177436386127,-0.6696997817932574,0.024367276748759863,7.0,12.0,1.0,1.0,P04,loop condition / boundary,,True,False,nonpositive_in_at_least_three_panels
R216,R216_T010,10,7,0.0772977160017112,0.2980067482861476,0.3739316532594328,1.4095057821345185,5.0,11.0,7.0,13.0,P04,loop condition / boundary,,True,False,nonpositive_in_at_least_three_panels
R216,R216_T011,11,6,-0.5561299514179773,-0.2746515058357842,0.22455559528740002,0.7056152031191217,1.0,3.0,6.0,6.0,P04,loop condition / boundary,,True,False,nonpositive_in_at_least_three_panels
R216,R216_T012,12,4,0.23472834066248616,-0.35545547995522386,1.0224042891572276,0.7207830217302481,6.0,1.0,10.0,7.0,P04,loop condition / boundary,,True,False,nonpositive_in_at_least_three_panels
R216,R216_T013,13,4,-0.46468350465965447,-0.299269668070292,1.054998389883911,0.8528280898173133,2.0,2.0,11.0,9.0,P04,loop condition / boundary,,True,False,nonpositive_in_at_least_three_panels
R217,R217_T001,1,13,0.19327177726024494,0.09490306475745139,0.1351512077818895,0.6905694180094034,4.0,5.0,4.0,7.0,P06,loop condition / boundary,,True,False,nonpositive_in_at_least_three_panels
R217,R217_T002,2,20,0.20431914327196277,-0.412082942542238,-0.5875584558119916,0.21951982928605396,5.0,1.0,3.0,6.0,P06,loop condition / boundary,,True,False,nonpositive_in_at_least_three_panels
R217,R217_T003,3,21,0.01085900896595482,-0.24104222799385622,-0.8530421493787529,0.014525172553752741,3.0,2.0,2.0,4.0,P06,loop condition / boundary,,True,False,nonpositive_in_at_least_three_panels
R217,R217_T004,4,28,3.9220273510110046,0.0533667704831672,0.19295803724740412,-0.3475720287091761,7.0,4.0,5.0,2.0,P06,loop condition / boundary,,True,False,nonpositive_in_at_least_three_panels
R217,R217_T005,5,27,1.6512556802423688,0.11977751772971758,0.4807060159453564,-0.5198620711359008,6.0,6.0,6.0,1.0,P06,loop condition / boundary,,True,False,nonpositive_in_at_least_three_panels
R217,R217_T006,6,11,-0.28869522225262884,-0.1810477064935476,0.5897737040025891,-0.10084211794155706,1.0,3.0,7.0,3.0,P06,loop condition / boundary,,True,False,nonpositive_in_at_least_three_panels
R217,R217_T007,7,6,-0.2603886946968297,0.3405184144330269,-0.8599769734715595,0.015331964964413913,2.0,7.0,1.0,5.0,P06,loop condition / boundary,,True,False,nonpositive_in_at_least_three_panels
R218,R218_T001,1,6,-0.8234962096070378,0.0956024747400434,-0.23078777056661384,0.7815140687453536,4.0,10.0,7.0,15.0,P06,loop condition / boundary,,True,False,nonpositive_in_at_least_three_panels
R218,R218_T002,2,2,-1.0244572544075445,-0.06291959159802998,-0.45762340200096857,-0.8512912250807042,1.0,7.0,6.0,3.0,P06,loop condition / boundary,,True,False,nonpositive_in_at_least_three_panels
R218,R218_T003,3,11,-0.3807849471261648,-0.3805823460474836,-0.6887074449491418,0.4829488414623646,9.0,4.0,4.0,13.0,P06,loop condition / boundary,,True,False,nonpositive_in_at_least_three_panels
R218,R218_T004,4,9,-0.4374501409876579,0.29551432554439044,-0.7361189190085584,-0.02748412413491184,8.0,13.0,3.0,9.0,P06,loop condition / boundary,,True,False,nonpositive_in_at_least_three_panels
R218,R218_T005,5,15,-0.23973356838676319,0.27657818634644893,0.5063033553445583,-0.9376224101827981,11.0,12.0,13.0,1.0,P06,loop condition / boundary,,True,False,nonpositive_in_at_least_three_panels
R218,R218_T006,6,12,-0.30675422308271827,-0.4216336635853353,0.9129478103795682,1.5102603841777125,10.0,3.0,15.0,16.0,P06,loop condition / boundary,,True,False,nonpositive_in_at_least_three_panels
R218,R218_T007,7,14,0.10352298611667972,-0.06456041258092392,0.0424496519911135,0.17459726134583378,12.0,6.0,8.0,11.0,P06,loop condition / boundary,,True,False,nonpositive_in_at_least_three_panels
R218,R218_T008,8,10,0.3526766792980067,-0.10249247745173887,0.606954420466492,0.5490949740802097,14.0,5.0,14.0,14.0,P06,loop condition / boundary,,True,False,nonpositive_in_at_least_three_panels
R218,R218_T009,9,11,0.2935231438755344,-0.029667337307756635,-1.3680037784328432,-0.8661053492368643,13.0,8.0,1.0,2.0,P06,loop condition / boundary,,True,False,nonpositive_in_at_least_three_panels
R218,R218_T010,10,17,1.8516507219785268,0.0774306411621026,0.07258176827477124,-0.34023339569049305,16.0,9.0,9.0,4.0,P06,loop condition / boundary,,True,False,nonpositive_in_at_least_three_panels
R218,R218_T011,11,13,1.3519621690202168,-0.4902697165514041,0.18027573130633098,-0.19797550496793784,15.0,2.0,10.0,5.0,P06,loop condition / boundary,,True,False,nonpositive_in_at_least_three_panels
R218,R218_T012,12,4,-0.842761993058783,0.13443197426610257,1.2089410723636456,0.2554814186038244,3.0,11.0,16.0,12.0,P06,loop condition / boundary,,True,False,nonpositive_in_at_least_three_panels
R218,R218_T013,13,2,-0.6558611293974032,0.9817919505119542,0.33208852970807384,-0.0610577923327816,7.0,16.0,12.0,8.0,P06,loop condition / boundary,,True,False,nonpositive_in_at_least_three_panels
R218,R218_T014,14,1,-0.9684716661059461,-1.0810946146140077,0.28344956949055733,-0.08810163368190622,2.0,1.0,11.0,6.0,P06,loop condition / boundary,,True,False,nonpositive_in_at_least_three_panels
R218,R218_T015,15,1,-0.7478611457031968,0.3289603045310958,-0.8107974420351537,0.0028048448700735418,5.0,14.0,2.0,10.0,P06,loop condition / boundary,,True,False,nonpositive_in_at_least_three_panels
R218,R218_T016,16,1,-0.7193398934111817,0.5999117514414114,-0.6661966108098533,-0.0825647726855498,6.0,15.0,5.0,7.0,P06,loop condition / boundary,,True,False,nonpositive_in_at_least_three_panels
R219,R219_T001,1,16,-0.24597154116621556,-0.13338485891306448,0.21757880251572434,0.4105580037530688,5.0,3.0,6.0,8.0,P07,loop condition / boundary,,True,False,not_selected_under_75_percent_constraints
R219,R219_T002,2,10,-0.37030776648525404,-0.14371230135121743,3.5415259593230903,-0.07874928253392233,3.0,2.0,10.0,4.0,P07,loop condition / boundary,,True,False,not_selected_under_75_percent_constraints
R219,R219_T003,3,15,-0.18709188811004973,0.11630850118752324,1.6477213080974427,0.21852362388099192,6.0,6.0,9.0,7.0,P07,loop condition / boundary,,True,False,not_selected_under_75_percent_constraints
R219,R219_T004,4,15,-0.47793339443837524,0.05530542449740936,-0.8464118947333087,-0.17855716148369224,2.0,5.0,1.0,3.0,P07,loop condition / boundary,,True,False,not_selected_under_75_percent_constraints
R219,R219_T005,5,22,1.0242462110653159,0.2250664110079626,-0.6981403203441131,-0.27480506880378996,10.0,9.0,3.0,2.0,P07,loop condition / boundary,,True,False,not_selected_under_75_percent_constraints
R219,R219_T006,6,10,-0.009270320565539588,-0.683521516530421,0.8304483184856641,0.6103843000794736,8.0,1.0,8.0,9.0,P07,loop condition / boundary,,True,False,not_selected_under_75_percent_constraints
R219,R219_T007,7,14,-0.07420858388390954,0.21067475644670777,0.08056399925652602,-1.7080656892063033,7.0,8.0,5.0,1.0,P07,loop condition / boundary,,True,False,not_selected_under_75_percent_constraints
R219,R219_T008,8,12,0.2506228727105029,0.21036367500634964,-0.5704478847651909,1.3602749004591128,9.0,7.0,4.0,10.0,P07,loop condition / boundary,,True,False,not_selected_under_75_percent_constraints
R219,R219_T009,9,10,-0.2815592770874396,0.03209719179515184,0.6355010510053013,-0.07527803918937982,4.0,4.0,7.0,5.0,P07,loop condition / boundary,,True,False,not_selected_under_75_percent_constraints
R219,R219_T010,10,6,-0.6450708509541081,0.6084684200978608,-0.7143635803336701,0.006505575394234723,1.0,10.0,2.0,6.0,P07,loop condition / boundary,,True,False,not_selected_under_75_percent_constraints
R220,R220_T001,1,6,-0.6117109313050225,0.7970423165902837,-0.3197217561088095,0.5211617786428439,4.0,15.0,4.0,13.0,P08,loop condition / boundary,,True,False,not_selected_under_75_percent_constraints
R220,R220_T002,2,7,-0.7391492859851051,0.14759949930816826,2.2290382556516826,-0.3642588612820301,3.0,8.0,15.0,3.0,P08,loop condition / boundary,,True,False,not_selected_under_75_percent_constraints
R220,R220_T003,3,14,0.2690677716774855,-0.05689853310680333,0.1371465947193086,0.1956370492306696,10.0,4.0,11.0,9.0,P08,loop condition / boundary,,True,False,not_selected_under_75_percent_constraints
R220,R220_T004,4,11,0.10792431347257152,-0.18188289469770053,-0.8163498424404407,0.3126695462872427,7.0,1.0,2.0,11.0,P08,loop condition / boundary,,True,False,not_selected_under_75_percent_constraints
R220,R220_T005,5,17,0.22444827689765967,-0.17993259465065414,-0.06720514372891614,-0.10072507488262379,8.0,2.0,8.0,5.0,P08,loop condition / boundary,,True,False,not_selected_under_75_percent_constraints
R220,R220_T006,6,15,0.7001512257425784,0.006724508217226995,0.6756484960265635,0.8534539106120999,13.0,6.0,12.0,15.0,P08,loop condition / boundary,,True,False,not_selected_under_75_percent_constraints
R220,R220_T007,7,20,0.33580341873587854,0.13189342607752974,-0.16733682729921026,-0.47512094798890425,11.0,7.0,6.0,2.0,P08,loop condition / boundary,,True,False,not_selected_under_75_percent_constraints
R220,R220_T008,8,15,0.4609914346800766,-0.0991536231723449,1.11489766508243,0.5351041049657134,12.0,3.0,14.0,14.0,P08,loop condition / boundary,,True,False,not_selected_under_75_percent_constraints
R220,R220_T009,9,14,0.2590278841445886,0.15344010390474566,-1.0260018537509292,-0.6469126350506264,9.0,9.0,1.0,1.0,P08,loop condition / boundary,,True,False,not_selected_under_75_percent_constraints
R220,R220_T010,10,22,1.6319884282964638,-0.014213199195849723,-0.1632144244720484,-0.060321174623709006,15.0,5.0,7.0,6.0,P08,loop condition / boundary,,True,False,not_selected_under_75_percent_constraints
R220,R220_T011,11,17,1.441390101950313,0.22579842711994927,0.041127776945444915,0.36352121785267505,14.0,10.0,9.0,12.0,P08,loop condition / boundary,,True,False,not_selected_under_75_percent_constraints
R220,R220_T012,12,6,-0.5955117664245174,0.23175487372751502,0.09631828427597182,0.24135694534475513,5.0,11.0,10.0,10.0,P08,loop condition / boundary,,True,False,not_selected_under_75_percent_constraints
R220,R220_T013,13,3,-1.0607272279396123,0.3189548509349837,1.0269836187592472,0.1256791784912619,1.0,14.0,13.0,8.0,P08,loop condition / boundary,,True,False,not_selected_under_75_percent_constraints
R220,R220_T014,14,4,-0.3154426162004798,0.288739373575626,-0.30876963365151866,0.12336425437801556,6.0,13.0,5.0,7.0,P08,loop condition / boundary,,True,False,not_selected_under_75_percent_constraints
R220,R220_T015,15,1,-0.8106466713957091,0.283727798110324,-0.6834084994592118,-0.12279860625113675,2.0,12.0,3.0,4.0,P08,loop condition / boundary,,True,False,not_selected_under_75_percent_constraints
R221,R221_T001,1,12,-0.2856498603251487,0.16466712454610868,0.5410614874699272,0.3430880507760971,7.0,11.0,11.0,10.0,P08,loop condition / boundary,Calls / returns,True,True,
R221,R221_T002,2,9,-0.4036524395150156,-0.1054817078893613,1.657026783482052,0.6016085896844241,6.0,3.0,14.0,14.0,P08,loop condition / boundary,Calls / returns,True,True,
R221,R221_T003,3,17,0.5658108669874842,0.14145436741556625,0.43033107897186484,0.5491084741190865,13.0,9.0,10.0,13.0,P08,loop condition / boundary,Calls / returns,True,True,
R221,R221_T004,4,14,0.14548883667318369,0.08274451256613595,0.11051408922207184,0.3697459154576897,12.0,8.0,8.0,11.0,P08,loop condition / boundary,Calls / returns,True,True,
R221,R221_T005,5,11,0.5828365553691577,0.012396147127327239,0.4206019282657702,-0.4776939234925963,14.0,6.0,9.0,3.0,P08,loop condition / boundary,Calls / returns,True,True,
R221,R221_T006,6,13,-0.17757253694147193,-0.09919576595866715,1.3503945559462325,0.43826332861008094,11.0,4.0,13.0,12.0,P08,loop condition / boundary,Calls / returns,True,True,
R221,R221_T007,7,6,-0.763042094571024,-0.05985685310812513,-0.6079953482247483,0.8131406941740783,4.0,5.0,1.0,15.0,P08,loop condition / boundary,Calls / returns,True,True,
R221,R221_T008,8,10,-0.2042909061518491,0.40615024660645876,1.275227850206199,-0.1578838649741301,10.0,13.0,12.0,6.0,P08,loop condition / boundary,Calls / returns,True,True,
R221,R221_T009,9,8,-0.27424613508038026,0.03283271442170317,-0.5971095159511747,-1.3167202174750356,9.0,7.0,2.0,1.0,P08,loop condition / boundary,Calls / returns,True,True,
R221,R221_T010,10,18,1.1091918961413647,0.14786618075475158,0.005315660389825537,-0.45210931145482686,15.0,10.0,5.0,4.0,P08,loop condition / boundary,Calls / returns,True,True,
R221,R221_T011,11,7,-0.41389665430258393,-0.5576398839797777,-0.20025029215338455,-0.27584916726302433,5.0,2.0,4.0,5.0,P08,loop condition / boundary,Calls / returns,True,True,
R221,R221_T012,12,2,-0.279451454206991,-0.6169260728379422,0.06993697019623284,-0.6560135069750012,8.0,1.0,7.0,2.0,P08,loop condition / boundary,Calls / returns,True,True,
R221,R221_T013,13,1,-1.0087264296264147,0.9364156500625901,2.006195024096935,0.05643327065971171,1.0,15.0,15.0,9.0,P08,loop condition / boundary,Calls / returns,True,True,
R221,R221_T014,14,1,-0.7850670307130286,0.897199315327927,0.04850577147280586,-0.08147606282716317,3.0,14.0,6.0,7.0,P08,loop condition / boundary,Calls / returns,True,True,
R221,R221_T015,15,2,-0.9323603426569491,0.39325109525065904,-0.3033278275828403,-0.07013431460906634,2.0,12.0,3.0,8.0,P08,loop condition / boundary,Calls / returns,True,True,
R222,R222_T001,1,7,-0.4124127884875441,0.0650149060592883,-0.369857255415398,0.2238748049208427,7.0,6.0,5.0,10.0,P09,loop condition / boundary,Control flow,True,True,
R222,R222_T002,2,3,-1.0786618936111088,-0.3395978729046279,-0.26179300409152456,-0.1346007869986892,2.0,2.0,6.0,6.0,P09,loop condition / boundary,Control flow,True,True,
R222,R222_T003,3,14,-0.1087474644089757,-0.17506873262421843,-0.5443288851186882,0.09029908816739517,11.0,4.0,3.0,7.0,P09,loop condition / boundary,Control flow,True,True,
R222,R222_T004,4,19,-0.08624123494226826,0.07063612376352355,-0.5385671153289749,0.2621384398020312,13.0,7.0,4.0,11.0,P09,loop condition / boundary,Control flow,True,True,
R222,R222_T005,5,11,-0.5351527568449835,-0.1783102316939792,0.5619882682677538,-0.31372218801056123,6.0,3.0,11.0,2.0,P09,loop condition / boundary,Control flow,True,True,
R222,R222_T006,6,9,-0.5498114108434856,0.18941869258361763,1.3772018483924058,0.590321206269912,4.0,8.0,13.0,14.0,P09,loop condition / boundary,Control flow,True,True,
R222,R222_T007,7,8,-0.27550737560998334,0.5336827354735534,-0.1262012712384016,0.45657350874707997,9.0,13.0,8.0,13.0,P09,loop condition / boundary,Control flow,True,True,
R222,R222_T008,8,12,-0.08774451011807183,0.3083996097641199,1.8477837593966548,0.2028818387248148,12.0,10.0,14.0,9.0,P09,loop condition / boundary,Control flow,True,True,
R222,R222_T009,9,8,-0.20483714913960527,-0.37043281363209934,-0.1959168131630371,-0.8155587311716405,10.0,1.0,7.0,1.0,P09,loop condition / boundary,Control flow,True,True,
R222,R222_T010,10,16,0.9058818206823537,-0.03477166371054219,0.9686313045833144,0.3817991848961164,14.0,5.0,12.0,12.0,P09,loop condition / boundary,Control flow,True,True,
R222,R222_T011,11,5,-0.301546698216624,0.403390479961106,0.4455136206735936,0.1693255570439157,8.0,11.0,10.0,8.0,P09,loop condition / boundary,Control flow,True,True,
R222,R222_T012,12,4,-0.8455076224957202,0.19969392758927626,0.16451050823765634,-0.14841888164561068,3.0,9.0,9.0,5.0,P09,loop condition / boundary,Control flow,True,True,
R222,R222_T013,13,4,-0.5489906240838001,0.8214260187877518,-1.206350753653952,-0.22240963138173012,5.0,14.0,1.0,3.0,P09,loop condition / boundary,Control flow,True,True,
R222,R222_T014,14,1,-1.1158014710777453,0.45788693656760765,-0.6885721029600137,-0.18805897975310723,1.0,12.0,2.0,4.0,P09,loop condition / boundary,Control flow,True,True,
R223,R223_T001,1,3,0.08134901609054503,0.438577194069723,0.267899005220856,0.31682805301146344,14.0,12.0,9.0,10.0,P09,loop condition / boundary,,True,False,not_selected_under_75_percent_constraints
R223,R223_T002,2,4,-0.10368390366871516,-0.14225131303570682,2.181452133055369,1.2160970564893598,12.0,5.0,15.0,15.0,P09,loop condition / boundary,,True,False,not_selected_under_75_percent_constraints
R223,R223_T003,3,12,-0.3153061569150665,0.26735168088390576,0.07267466617693023,-0.4667965590729321,6.0,9.0,5.0,1.0,P09,loop condition / boundary,,True,False,not_selected_under_75_percent_constraints
R223,R223_T004,4,17,-0.09445268205210709,0.054029767778249305,0.6049133290113579,0.49167884880103774,13.0,7.0,10.0,12.0,P09,loop condition / boundary,,True,False,not_selected_under_75_percent_constraints
R223,R223_T005,5,12,-0.4143246929044371,0.267914917544462,1.2458027239192078,-0.34954410430024546,5.0,11.0,13.0,6.0,P09,loop condition / boundary,,True,False,not_selected_under_75_percent_constraints
R223,R223_T006,6,16,0.3686016079382419,-0.18593950895896183,0.10743570185027036,0.45338131109969354,15.0,4.0,6.0,11.0,P09,loop condition / boundary,,True,False,not_selected_under_75_percent_constraints
R223,R223_T007,7,11,-0.47261324956760115,-0.445563759495093,0.8022843244846775,0.5517843548394941,4.0,1.0,11.0,13.0,P09,loop condition / boundary,,True,False,not_selected_under_75_percent_constraints
R223,R223_T008,8,13,-0.2742163716695394,0.07097067187461145,0.06241225767597477,0.2342810214159419,8.0,8.0,4.0,8.0,P09,loop condition / boundary,,True,False,not_selected_under_75_percent_constraints
R223,R223_T009,9,13,-0.22834952475235024,-0.0976405048286583,0.9972703522052745,0.3119485913148101,11.0,6.0,12.0,9.0,P09,loop condition / boundary,,True,False,not_selected_under_75_percent_constraints
R223,R223_T010,10,9,-0.2979350700299149,-0.3134356899409033,1.8782929207899972,0.6069935237845769,7.0,3.0,14.0,14.0,P09,loop condition / boundary,,True,False,not_selected_under_75_percent_constraints
R223,R223_T011,11,8,-0.2705768218984416,-0.39585977464246735,-0.11466284143872418,-0.3516219725035364,10.0,2.0,3.0,5.0,P09,loop condition / boundary,,True,False,not_selected_under_75_percent_constraints
R223,R223_T012,12,12,-0.27309655224726836,0.26788319211872486,-0.5235310225945646,-0.4377293980069637,9.0,10.0,2.0,2.0,P09,loop condition / boundary,,True,False,not_selected_under_75_percent_constraints
R223,R223_T013,13,5,-0.6282521608525514,0.9425834946557619,0.15093116100398196,-0.40719472207858187,3.0,14.0,7.0,4.0,P09,loop condition / boundary,,True,False,not_selected_under_75_percent_constraints
R223,R223_T014,14,1,-1.0033401786517577,0.8488330432840143,0.15511582919890735,-0.07004232773445486,2.0,13.0,8.0,7.0,P09,loop condition / boundary,,True,False,not_selected_under_75_percent_constraints
R223,R223_T015,15,1,-1.023419947450101,0.9695848205394461,-1.3853812610783782,-0.43283274491814533,1.0,15.0,1.0,3.0,P09,loop condition / boundary,,True,False,not_selected_under_75_percent_constraints
R224,R224_T001,1,15,-0.09635530084789472,0.08778295922758485,0.03356272331936996,0.7394167160629967,1.0,6.0,3.0,4.0,P11,loop condition / boundary,Control flow,True,True,
R224,R224_T002,2,14,0.22648919961363612,-0.2796222147388359,-0.4562087072531387,-0.047037419169789096,2.0,1.0,2.0,1.0,P11,loop condition / boundary,Control flow,True,True,
R224,R224_T003,3,28,2.5915384043695666,-0.09788862639292402,1.9828096253657417,1.1024765908758398,6.0,2.0,7.0,7.0,P11,loop condition / boundary,Control flow,True,True,
R224,R224_T004,4,27,2.7734437558286564,-0.03629179833492129,0.30353527493073285,0.1260991367631998,7.0,4.0,4.0,3.0,P11,loop condition / boundary,Control flow,True,True,
R224,R224_T005,5,21,0.9593051294874861,0.06209142803686848,1.835588027776007,0.8022168350779967,4.0,5.0,6.0,6.0,P11,loop condition / boundary,Control flow,True,True,
R224,R224_T006,6,16,0.45842927767814584,0.18124214842913022,0.3389257728210043,0.7848597361469087,3.0,7.0,5.0,5.0,P11,loop condition / boundary,Control flow,True,True,
R224,R224_T007,7,14,1.0060676738305458,-0.048030965021103024,-0.8115562621639651,0.10783273352319268,5.0,3.0,1.0,2.0,P11,loop condition / boundary,Control flow,True,True,
R225,R225_T001,1,8,-0.397147749573755,0.1686585559088668,-0.23723554362343535,0.9911197132482027,5.0,12.0,6.0,15.0,P13,loop condition / boundary,Control flow,True,True,
R225,R225_T002,2,10,-0.638369059041708,-0.04822120207520395,2.890739026319936,-0.31949172698080874,2.0,8.0,15.0,2.0,P13,loop condition / boundary,Control flow,True,True,
R225,R225_T003,3,23,1.3019722584072542,-0.18332640021179555,-0.2561233929926741,-0.11549072509428789,12.0,6.0,5.0,5.0,P13,loop condition / boundary,Control flow,True,True,
R225,R225_T004,4,23,1.6282105132335196,-0.23126924813345381,-0.6494186453008172,0.25992283710329084,13.0,4.0,3.0,10.0,P13,loop condition / boundary,Control flow,True,True,
R225,R225_T005,5,29,1.9011447908187062,0.001634104651602012,0.02359016507201638,-0.28366198603954623,14.0,9.0,8.0,3.0,P13,loop condition / boundary,Control flow,True,True,
R225,R225_T006,6,30,7.2309386302078,-0.2145400131698356,0.1990697549055164,0.6120805470258558,15.0,5.0,10.0,12.0,P13,loop condition / boundary,Control flow,True,True,
R225,R225_T007,7,25,0.7562327954477626,0.01984431752574796,0.04243487121147312,0.14727981892946654,8.0,10.0,9.0,9.0,P13,loop condition / boundary,Control flow,True,True,
R225,R225_T008,8,18,1.212363013202963,0.053813102316029315,0.8986156414275562,0.8614951169982629,11.0,11.0,13.0,14.0,P13,loop condition / boundary,Control flow,True,True,
R225,R225_T009,9,20,1.0942854675164406,-0.15720759470892193,-1.1433491444976063,0.02454929160831552,10.0,7.0,1.0,8.0,P13,loop condition / boundary,Control flow,True,True,
R225,R225_T010,10,15,0.6578475965233327,-0.42689471653388117,-0.03787089282621586,0.4156646823047765,7.0,3.0,7.0,11.0,P13,loop condition / boundary,Control flow,True,True,
R225,R225_T011,11,14,1.015300538510851,0.3056471057848718,-0.712308812626726,-0.11573367371492109,9.0,14.0,2.0,4.0,P13,loop condition / boundary,Control flow,True,True,
R225,R225_T012,12,3,-0.27404326099064175,0.8908208599932502,0.6302979165857023,0.6325963227552185,6.0,15.0,11.0,13.0,P13,loop condition / boundary,Control flow,True,True,
R225,R225_T013,13,2,-0.47348148759844877,-0.5571679641558831,0.7685466560290225,-0.3560566329376426,4.0,2.0,12.0,1.0,P13,loop condition / boundary,Control flow,True,True,
R225,R225_T014,14,2,-0.9826133479156152,-0.7436628128530776,1.0150429832675396,0.023356699190174246,1.0,1.0,14.0,7.0,P13,loop condition / boundary,Control flow,True,True,
R225,R225_T015,15,2,-0.5882555228699731,0.24433687211613242,-0.4798269595103403,-0.05335971668767341,3.0,13.0,4.0,6.0,P13,loop condition / boundary,Control flow,True,True,
R226,R226_T001,1,4,-0.12987439201231002,0.3702338076237709,-0.334303166425747,0.230521369111776,6.0,10.0,7.0,11.0,P14,loop condition / boundary,,True,False,nonpositive_in_at_least_three_panels
R226,R226_T002,2,4,-0.725794735562023,0.86844363189275,3.889962092573441,-0.0851570555796397,2.0,15.0,15.0,5.0,P14,loop condition / boundary,,True,False,nonpositive_in_at_least_three_panels
R226,R226_T003,3,13,0.017153275355498526,0.4608393219169856,0.2902310087442124,0.13065918396870715,8.0,13.0,9.0,8.0,P14,loop condition / boundary,,True,False,nonpositive_in_at_least_three_panels
R226,R226_T004,4,10,-0.22605119904616233,0.42080436299583435,-0.8499417355799078,0.06129218489738322,5.0,12.0,4.0,7.0,P14,loop condition / boundary,,True,False,nonpositive_in_at_least_three_panels
R226,R226_T005,5,17,0.3326769719078674,-0.056134806362311884,-0.8928608118834935,-0.40139810116222946,10.0,8.0,3.0,3.0,P14,loop condition / boundary,,True,False,nonpositive_in_at_least_three_panels
R226,R226_T006,6,13,0.2895986765268416,-0.13794108662209378,0.6034229284500071,1.934053778550253,9.0,4.0,11.0,15.0,P14,loop condition / boundary,,True,False,nonpositive_in_at_least_three_panels
R226,R226_T007,7,19,0.36344342663704854,-0.0798357574133345,0.9419058609462742,0.455711251379532,11.0,6.0,14.0,14.0,P14,loop condition / boundary,,True,False,nonpositive_in_at_least_three_panels
R226,R226_T008,8,24,0.7756336885107565,-0.006816476664064056,0.6388382894583298,0.3155616058944751,13.0,9.0,12.0,13.0,P14,loop condition / boundary,,True,False,nonpositive_in_at_least_three_panels
R226,R226_T009,9,23,0.7072693896557386,-0.05994588298740308,-1.4779323417817158,-0.4558672312988907,12.0,7.0,1.0,2.0,P14,loop condition / boundary,,True,False,nonpositive_in_at_least_three_panels
R226,R226_T010,10,18,-0.015412284869306759,-0.30654527044198476,0.3723375895058693,-0.24385261852914578,7.0,2.0,10.0,4.0,P14,loop condition / boundary,,True,False,nonpositive_in_at_least_three_panels
R226,R226_T011,11,29,2.323922116370698,-0.08825375764657759,-0.46656946568035257,-0.46755733619048545,15.0,5.0,6.0,1.0,P14,loop condition / boundary,,True,False,nonpositive_in_at_least_three_panels
R226,R226_T012,12,22,1.4789417471652373,-0.1539509621215407,-0.8451106767101825,0.03774342143231635,14.0,3.0,5.0,6.0,P14,loop condition / boundary,,True,False,nonpositive_in_at_least_three_panels
R226,R226_T013,13,3,-0.5266169299907296,-0.5128667542477566,0.6549461961813403,0.1759061616395943,3.0,1.0,13.0,9.0,P14,loop condition / boundary,,True,False,nonpositive_in_at_least_three_panels
R226,R226_T014,14,2,-0.9053771952233857,0.7651338424715299,0.056809868246738095,0.2051035640489578,1.0,14.0,8.0,10.0,P14,loop condition / boundary,,True,False,nonpositive_in_at_least_three_panels
R226,R226_T015,15,5,-0.5067602268458773,0.39651095368260325,-1.345914636211237,0.27326733780223017,4.0,11.0,2.0,12.0,P14,loop condition / boundary,,True,False,nonpositive_in_at_least_three_panels
R227,R227_T001,1,10,-0.24185635792067228,0.6684611113785135,-0.195924603935951,0.5318077819653176,4.0,14.0,9.0,8.0,P14,loop condition / boundary,Control flow,True,True,
R227,R227_T002,2,7,-0.617922944704051,-0.38001187936450975,-0.3439087160874373,0.7113342336708497,1.0,1.0,6.0,10.0,P14,loop condition / boundary,Control flow,True,True,
R227,R227_T003,3,20,0.685780419427569,0.023616394592661245,-0.3405294432187121,0.8045369569416558,13.0,10.0,7.0,11.0,P14,loop condition / boundary,Control flow,True,True,
R227,R227_T004,4,19,0.7737179318701736,-0.23874740510308246,-0.6710266076404982,0.5636867054747853,14.0,3.0,4.0,9.0,P14,loop condition / boundary,Control flow,True,True,
R227,R227_T005,5,21,0.3534624204637775,-0.11551567234856597,-0.4549186687576074,-0.8407147304944176,11.0,4.0,5.0,1.0,P14,loop condition / boundary,Control flow,True,True,
R227,R227_T006,6,17,0.2573735404708964,0.12229361054773585,-0.2915339234860772,0.8089978428325314,10.0,12.0,8.0,12.0,P14,loop condition / boundary,Control flow,True,True,
R227,R227_T007,7,18,0.03833236741690971,-0.07976881105934469,-0.0336458346048071,0.4278361861671816,8.0,6.0,12.0,7.0,P14,loop condition / boundary,Control flow,True,True,
R227,R227_T008,8,16,-0.014862516190245985,-0.02664354575025818,-0.10603651155374312,0.9649026504809598,5.0,9.0,10.0,13.0,P14,loop condition / boundary,Control flow,True,True,
R227,R227_T009,9,15,0.37251127583303417,-0.2490015144401595,-0.7907720983209438,0.2597164702932258,12.0,2.0,3.0,6.0,P14,loop condition / boundary,Control flow,True,True,
R227,R227_T010,10,10,-0.4828449255457552,-0.07494117644176265,1.3559503721839716,1.1446198694857996,3.0,7.0,14.0,14.0,P14,loop condition / boundary,Control flow,True,True,
R227,R227_T011,11,13,0.024578334962745294,0.3568341781142289,-0.09458667583205817,-0.15367460968515306,7.0,13.0,11.0,2.0,P14,loop condition / boundary,Control flow,True,True,
R227,R227_T012,12,9,-0.514105370219008,-0.04545002002823635,1.2503159328019076,0.16195191518610483,2.0,8.0,13.0,5.0,P14,loop condition / boundary,Control flow,True,True,
R227,R227_T013,13,13,-0.005583539069869213,0.05502621061371075,-0.9289247191231375,0.02818372689242869,6.0,11.0,1.0,3.0,P14,loop condition / boundary,Control flow,True,True,
R227,R227_T014,14,13,0.25213663109558965,-0.08205445485465926,-0.8963457314554325,0.11478275310019119,9.0,5.0,2.0,4.0,P14,loop condition / boundary,Control flow,True,True,
R228,R228_T001,1,4,-0.016447823814959163,-0.10883391590501419,0.36785208403354935,1.0556654486211894,3.0,7.0,9.0,14.0,P15,loop condition / boundary,,True,False,nonpositive_in_at_least_three_panels
R228,R228_T002,2,10,-0.33939737182598173,-0.010358509209117794,2.9917466034625555,-0.5769604416825921,1.0,9.0,15.0,2.0,P15,loop condition / boundary,,True,False,nonpositive_in_at_least_three_panels
R228,R228_T003,3,23,0.8663930082080578,-0.1970022172154257,0.22612433698897294,0.13639356897854066,12.0,4.0,8.0,7.0,P15,loop condition / boundary,,True,False,nonpositive_in_at_least_three_panels
R228,R228_T004,4,16,0.7098944069363458,0.006681018674547942,-0.8976177555146752,-0.10767461360478141,8.0,10.0,2.0,4.0,P15,loop condition / boundary,,True,False,nonpositive_in_at_least_three_panels
R228,R228_T005,5,18,1.234380126105055,0.1040544874781179,-0.19200369129326014,-0.1762344470410883,13.0,11.0,7.0,3.0,P15,loop condition / boundary,,True,False,nonpositive_in_at_least_three_panels
R228,R228_T006,6,18,0.7049326813100497,0.39286506741267246,1.5512706370740437,1.701022606844302,7.0,15.0,13.0,15.0,P15,loop condition / boundary,,True,False,nonpositive_in_at_least_three_panels
R228,R228_T007,7,13,0.7881787591816739,-0.153351336886767,1.4715966760711179,0.7195369536005481,10.0,5.0,12.0,13.0,P15,loop condition / boundary,,True,False,nonpositive_in_at_least_three_panels
R228,R228_T008,8,17,0.550522475053843,0.17374890664401205,0.8092456936228004,0.1955447346713682,5.0,12.0,11.0,8.0,P15,loop condition / boundary,,True,False,nonpositive_in_at_least_three_panels
R228,R228_T009,9,12,0.01213941481520199,0.3402486498599435,-1.086855412322649,-0.7677042079836376,4.0,14.0,1.0,1.0,P15,loop condition / boundary,,True,False,nonpositive_in_at_least_three_panels
R228,R228_T010,10,24,3.0138650237310856,-0.20289576060603629,0.46859092065076763,0.02064950745944329,15.0,3.0,10.0,6.0,P15,loop condition / boundary,,True,False,nonpositive_in_at_least_three_panels
R228,R228_T011,11,22,2.492052923458289,-0.05184933788731793,-0.30907898394868094,0.2097368569950453,14.0,8.0,6.0,9.0,P15,loop condition / boundary,,True,False,nonpositive_in_at_least_three_panels
R228,R228_T012,12,13,0.8110059684142116,-0.12138528070441458,-0.4271632338933892,0.325478323954136,11.0,6.0,5.0,11.0,P15,loop condition / boundary,,True,False,nonpositive_in_at_least_three_panels
R228,R228_T013,13,9,-0.21814655102054128,-0.9438165518115128,1.5977085061949097,0.301104325924121,2.0,1.0,14.0,10.0,P15,loop condition / boundary,,True,False,nonpositive_in_at_least_three_panels
R228,R228_T014,14,7,0.6901041189718526,-0.5512301268508715,-0.6321775134797458,0.5524716264575488,6.0,2.0,3.0,12.0,P15,loop condition / boundary,,True,False,nonpositive_in_at_least_three_panels
R228,R228_T015,15,6,0.7630113560739719,0.19066178818456056,-0.631638182082216,-0.02109579774424941,9.0,13.0,4.0,5.0,P15,loop condition / boundary,,True,False,nonpositive_in_at_least_three_panels
R229,R229_T001,1,17,0.5592456392816475,0.30172436589477164,0.22543218645455312,0.5220948538121973,7.0,13.0,10.0,10.0,P15,loop condition / boundary,Calls / returns,True,True,
R229,R229_T002,2,14,-0.3579742041758472,-0.288320042107058,-0.000733871303161863,-1.2516432988906494,1.0,2.0,6.0,1.0,P15,loop condition / boundary,Calls / returns,True,True,
R229,R229_T003,3,11,-0.09762525926029327,0.24010977220986457,2.498545800043481,1.367546890120001,2.0,12.0,14.0,14.0,P15,loop condition / boundary,Calls / returns,True,True,
R229,R229_T004,4,10,0.3084669708898739,-0.030703999507651864,-0.3947299345878493,0.1634522133177907,6.0,8.0,4.0,5.0,P15,loop condition / boundary,Calls / returns,True,True,
R229,R229_T005,5,14,0.0660554230000306,0.3456872518719815,1.943770902819721,0.570034587617425,3.0,14.0,13.0,12.0,P15,loop condition / boundary,Calls / returns,True,True,
R229,R229_T006,6,18,1.0121808722776102,0.15592941484924264,-0.0024584624050313455,0.2142457094874292,9.0,10.0,5.0,7.0,P15,loop condition / boundary,Calls / returns,True,True,
R229,R229_T007,7,18,1.9080032171803996,-0.11944191686440415,0.11230249382469386,0.23831752790219518,13.0,4.0,9.0,8.0,P15,loop condition / boundary,Calls / returns,True,True,
R229,R229_T008,8,13,2.611637008180889,-0.0995765264226296,-0.5921529284735708,0.18635226500529925,14.0,6.0,2.0,6.0,P15,loop condition / boundary,Calls / returns,True,True,
R229,R229_T009,9,7,1.8035243562366274,-0.11941175076379039,1.035823362626791,0.5675766844092192,12.0,5.0,11.0,11.0,P15,loop condition / boundary,Calls / returns,True,True,
R229,R229_T010,10,6,0.7680484119465328,-0.09489348019161603,0.08914577624317621,0.2589496811488437,8.0,7.0,8.0,9.0,P15,loop condition / boundary,Calls / returns,True,True,
R229,R229_T011,11,7,0.14964665584307663,-0.12499081846411382,1.0819564463934142,0.7628243563002588,4.0,3.0,12.0,13.0,P15,loop condition / boundary,Calls / returns,True,True,
R229,R229_T012,12,6,0.3049723744857515,-0.4232758630804819,-0.48934952223335215,-0.11923993400057604,5.0,1.0,3.0,4.0,P15,loop condition / boundary,Calls / returns,True,True,
R229,R229_T013,13,8,1.245705643836882,0.12448925682237552,-0.6342279845738821,-0.5245942061589137,11.0,9.0,1.0,2.0,P15,loop condition / boundary,Calls / returns,True,True,
R229,R229_T014,14,5,1.0685321183879675,0.17830574297633012,0.084907284831345,-0.3543468054532151,10.0,11.0,7.0,3.0,P15,loop condition / boundary,Calls / returns,True,True,
R230,R230_T001,1,5,-0.708521215786115,-0.5116203992233725,-0.39240340362393616,0.2536952804778464,4.0,2.0,8.0,12.0,P15,loop condition / boundary,,True,False,nonpositive_in_at_least_three_panels
R230,R230_T002,2,1,-0.9861053217720088,0.18639434543381408,-0.27343407316797935,-0.5675291321026812,2.0,11.0,9.0,2.0,P15,loop condition / boundary,,True,False,nonpositive_in_at_least_three_panels
R230,R230_T003,3,8,-0.3993449977338126,-0.03948910543978257,-0.522545868330602,0.03351294522232032,10.0,5.0,7.0,11.0,P15,loop condition / boundary,,True,False,nonpositive_in_at_least_three_panels
R230,R230_T004,4,7,-0.598446905550588,0.1190929316995349,-0.9165124679105071,-0.11623896808442206,7.0,10.0,4.0,8.0,P15,loop condition / boundary,,True,False,nonpositive_in_at_least_three_panels
R230,R230_T005,5,6,-0.24189284570703992,-0.19324686483883788,-0.5653086347251474,-0.04733515391506671,13.0,4.0,6.0,9.0,P15,loop condition / boundary,,True,False,nonpositive_in_at_least_three_panels
R230,R230_T006,6,8,-0.6159545334292748,0.5653963618456981,0.3116908615522462,0.6054422657952147,6.0,15.0,14.0,14.0,P15,loop condition / boundary,,True,False,nonpositive_in_at_least_three_panels
R230,R230_T007,7,7,-0.3275439896618951,0.21282040895980184,0.8293560104981199,-0.81113146805559,11.0,12.0,15.0,1.0,P15,loop condition / boundary,,True,False,nonpositive_in_at_least_three_panels
R230,R230_T008,8,8,-0.5513115090604589,0.28777906774519707,0.2651387941951786,0.6356380470298421,9.0,13.0,13.0,15.0,P15,loop condition / boundary,,True,False,nonpositive_in_at_least_three_panels
R230,R230_T009,9,8,-0.6175106250258667,-0.3540752539997945,-1.0980716331131832,0.4523786729294217,5.0,3.0,2.0,13.0,P15,loop condition / boundary,,True,False,nonpositive_in_at_least_three_panels
R230,R230_T010,10,11,0.2908486664385539,-0.026196293978250462,-0.9201287070577902,-0.42855498226795125,15.0,6.0,3.0,3.0,P15,loop condition / boundary,,True,False,nonpositive_in_at_least_three_panels
R230,R230_T011,11,1,-1.0344816772257894,-1.403484116837222,-0.09994336800850885,-0.25843995356225496,1.0,1.0,11.0,5.0,P15,loop condition / boundary,,True,False,nonpositive_in_at_least_three_panels
R230,R230_T012,12,12,0.19702422261141192,-0.004235582193423561,-0.7990160714157373,-0.16656182549911566,14.0,7.0,5.0,7.0,P15,loop condition / boundary,,True,False,nonpositive_in_at_least_three_panels
R230,R230_T013,13,3,-0.2761949780856878,0.04006187991278335,-0.17903620274303944,-0.4081480716930818,12.0,9.0,10.0,4.0,P15,loop condition / boundary,,True,False,nonpositive_in_at_least_three_panels
R230,R230_T014,14,2,-0.7282877132749559,0.02114315825238744,0.1466263397342777,-0.031159071583922043,3.0,8.0,12.0,10.0,P15,loop condition / boundary,,True,False,nonpositive_in_at_least_three_panels
R230,R230_T015,15,2,-0.5663818354331339,0.5633134952563936,-1.2891721996510788,-0.19770367157970672,8.0,14.0,1.0,6.0,P15,loop condition / boundary,,True,False,nonpositive_in_at_least_three_panels
R231,R231_T001,1,4,-0.8163271041965176,-0.10359148263192694,-0.14491750093609157,0.4244394034962326,3.0,10.0,8.0,8.0,P16,loop condition / boundary,Control flow,True,True,
R231,R231_T002,2,5,-0.7358931980322195,-0.545458750679295,4.183819041142961,-0.26170002133541187,5.0,3.0,13.0,3.0,P16,loop condition / boundary,Control flow,True,True,
R231,R231_T003,3,8,-0.6032190449854958,-0.34751423684430816,0.2177881289420792,0.5152040313817201,6.0,5.0,10.0,11.0,P16,loop condition / boundary,Control flow,True,True,
R231,R231_T004,4,10,-0.5376899703400689,-0.09940136945338623,-0.7668925803095853,0.44963462246245234,7.0,11.0,5.0,9.0,P16,loop condition / boundary,Control flow,True,True,
R231,R231_T005,5,14,-0.11733838211539967,-0.35196544761265885,-0.4467455298620866,-0.4214071688749031,12.0,4.0,7.0,1.0,P16,loop condition / boundary,Control flow,True,True,
R231,R231_T006,6,11,-0.35259034361100455,-0.2995475062873576,0.0939115484652171,2.36353122217127,9.0,6.0,9.0,13.0,P16,loop condition / boundary,Control flow,True,True,
R231,R231_T007,7,13,-0.32474751185717926,-0.24471912524893794,0.8507555123915242,-0.2821974129857006,10.0,7.0,12.0,2.0,P16,loop condition / boundary,Control flow,True,True,
R231,R231_T008,8,11,-0.35382103085842687,-0.18748535336865357,0.556409688300209,1.0970196299998347,8.0,8.0,11.0,12.0,P16,loop condition / boundary,Control flow,True,True,
R231,R231_T009,9,14,-0.1390150249532259,-0.16551027677697033,-1.2156303775578665,0.32520771138986365,11.0,9.0,1.0,6.0,P16,loop condition / boundary,Control flow,True,True,
R231,R231_T010,10,9,0.044014164893567055,0.2434457629626048,-0.8100650120271133,0.5089061995634396,13.0,13.0,4.0,10.0,P16,loop condition / boundary,Control flow,True,True,
R231,R231_T011,11,2,-0.7856726619804214,-0.9805587323918608,-0.5860537968897394,0.3671655205706192,4.0,1.0,6.0,7.0,P16,loop condition / boundary,Control flow,True,True,
R231,R231_T012,12,1,-1.0122090394599346,-0.899924346316516,-1.0369387270995916,0.20079081580921612,1.0,2.0,3.0,5.0,P16,loop condition / boundary,Control flow,True,True,
R231,R231_T013,13,1,-0.8867865489111911,0.06703733589060118,-1.207760943064841,0.08876484618561979,2.0,12.0,2.0,4.0,P16,loop condition / boundary,Control flow,True,True,
R232,R232_T001,1,7,-0.3388740982146956,-0.7849412717297027,-0.33229264331370284,0.4816302555721452,11.0,1.0,10.0,13.0,P17,loop condition / boundary,,True,False,nonpositive_in_at_least_three_panels
R232,R232_T002,2,8,0.02141791334237808,0.3858409145280547,-0.7054761009378003,-0.16614448496211146,12.0,18.0,5.0,3.0,P17,loop condition / boundary,,True,False,nonpositive_in_at_least_three_panels
R232,R232_T003,3,23,0.3197173148299372,-0.08219772561674908,-0.5695917454843528,0.3777735740731753,14.0,11.0,8.0,11.0,P17,loop condition / boundary,,True,False,nonpositive_in_at_least_three_panels
R232,R232_T004,4,21,0.525920959514149,-0.053182818563330674,-0.7658907039431497,0.531006437087722,15.0,12.0,4.0,14.0,P17,loop condition / boundary,,True,False,nonpositive_in_at_least_three_panels
R232,R232_T005,5,24,0.5806361824826622,-0.1924329821256342,-0.5245467290765164,-0.32271373281837185,16.0,8.0,9.0,2.0,P17,loop condition / boundary,,True,False,nonpositive_in_at_least_three_panels
R232,R232_T006,6,30,1.6591451166975553,-0.02708707149135415,-0.3063854103927872,0.6211867567801937,17.0,13.0,11.0,16.0,P17,loop condition / boundary,,True,False,nonpositive_in_at_least_three_panels
R232,R232_T007,7,29,2.7003588813669808,-0.1695789068315631,-0.16151649144637786,0.617871964227916,18.0,10.0,12.0,15.0,P17,loop condition / boundary,,True,False,nonpositive_in_at_least_three_panels
R232,R232_T008,8,12,0.03345060422665064,-0.22075881553134635,-0.5791998402209965,-0.016504364762368728,13.0,7.0,7.0,6.0,P17,loop condition / boundary,,True,False,nonpositive_in_at_least_three_panels
R232,R232_T009,9,9,-0.5895306326116992,0.2500735217994324,-0.00047721683070321247,0.1611520722719095,9.0,17.0,14.0,9.0,P17,loop condition / boundary,,True,False,nonpositive_in_at_least_three_panels
R232,R232_T010,10,4,-0.6861881089248499,-0.6171695250545266,1.0267598038583796,0.9483495183858256,5.0,4.0,18.0,17.0,P17,loop condition / boundary,,True,False,nonpositive_in_at_least_three_panels
R232,R232_T011,11,3,-0.8522690675492722,0.0035921855798098975,-1.2433779691535503,0.14006032012731007,2.0,16.0,1.0,8.0,P17,loop condition / boundary,,True,False,nonpositive_in_at_least_three_panels
R232,R232_T012,12,6,-0.41920253406922425,-0.5126101850177811,-0.12066430221057921,0.4405944158483936,10.0,5.0,13.0,12.0,P17,loop condition / boundary,,True,False,nonpositive_in_at_least_three_panels
R232,R232_T013,13,9,-0.6364128345921262,-0.02169424130564357,-0.865952620565734,-0.13084900468049207,6.0,14.0,3.0,4.0,P17,loop condition / boundary,,True,False,nonpositive_in_at_least_three_panels
R232,R232_T014,14,5,-0.6262951651165137,-0.1844895319376084,0.37860051218172036,1.302166752561086,7.0,9.0,17.0,18.0,P17,loop condition / boundary,,True,False,nonpositive_in_at_least_three_panels
R232,R232_T015,15,4,-0.71035835042131,-0.008012880937319333,0.23849163528998044,-0.3556901449305105,4.0,15.0,15.0,1.0,P17,loop condition / boundary,,True,False,nonpositive_in_at_least_three_panels
R232,R232_T016,16,3,-0.7213796797758727,-0.712373976234092,0.31111539759305606,0.061686200963189,3.0,2.0,16.0,7.0,P17,loop condition / boundary,,True,False,nonpositive_in_at_least_three_panels
R232,R232_T017,17,4,-0.5905520440989328,-0.47741684647240434,-1.0172537249634515,0.2573485236253879,8.0,6.0,2.0,10.0,P17,loop condition / boundary,,True,False,nonpositive_in_at_least_three_panels
R232,R232_T018,18,1,-0.9050616525201572,-0.6717235030907636,-0.6097816214249535,-0.06257697959732002,1.0,3.0,6.0,5.0,P17,loop condition / boundary,,True,False,nonpositive_in_at_least_three_panels
R233,R233_T001,1,1,-1.1833136165525806,-1.3377668088016657,0.6968644542631472,0.22972096970052305,1.0,1.0,13.0,12.0,P19,loop condition / boundary,Calls / returns,True,True,
R233,R233_T002,2,9,-0.3289944878144692,-0.225281583371213,0.568025111725186,-0.09400623774475299,15.0,7.0,10.0,4.0,P19,loop condition / boundary,Calls / returns,True,True,
R233,R233_T003,3,9,-0.31325608638326524,-0.04902340344706692,-0.7837018413192824,0.08500935888632534,16.0,11.0,3.0,8.0,P19,loop condition / boundary,Calls / returns,True,True,
R233,R233_T004,4,10,-0.5346712276518917,-0.27909099623988143,-0.7400297877423663,-0.1930514110025359,12.0,6.0,4.0,2.0,P19,loop condition / boundary,Calls / returns,True,True,
R233,R233_T005,5,10,-0.45715584675651916,-0.42629704347029007,0.8884325952459973,1.860734025779722,13.0,2.0,14.0,19.0,P19,loop condition / boundary,Calls / returns,True,True,
R233,R233_T006,6,3,-0.7480282278995118,0.6230496921486304,0.9464591051105279,0.7125018235505918,4.0,17.0,16.0,17.0,P19,loop condition / boundary,Calls / returns,True,True,
R233,R233_T007,7,10,-0.36445037280369935,-0.033595584948900664,1.0495098716803681,0.6149660166126134,14.0,12.0,18.0,16.0,P19,loop condition / boundary,Calls / returns,True,True,
R233,R233_T008,8,8,-0.7309830344399995,-0.20244917304491877,-1.205204727833764,-0.8664838734404167,5.0,8.0,1.0,1.0,P19,loop condition / boundary,Calls / returns,True,True,
R233,R233_T009,9,13,0.03687300755294298,-0.17116011131629266,-0.24053889802546566,0.09590433634857869,18.0,9.0,8.0,9.0,P19,loop condition / boundary,Calls / returns,True,True,
R233,R233_T010,10,15,0.4074642575245339,-0.3148746060300555,-0.34640265073457255,0.21458220507295603,19.0,4.0,7.0,11.0,P19,loop condition / boundary,Calls / returns,True,True,
R233,R233_T011,11,6,-0.60159500274551,-0.32256075133265744,-0.4867878525208205,0.07929225040230288,11.0,3.0,6.0,7.0,P19,loop condition / boundary,Calls / returns,True,True,
R233,R233_T012,12,6,-0.7301023948621997,-0.3135905506960846,0.9708306760613556,0.44404094359284446,6.0,5.0,17.0,15.0,P19,loop condition / boundary,Calls / returns,True,True,
R233,R233_T013,13,6,-0.28201540670483255,0.5962180137063737,0.6625069312782723,0.7325695486919935,17.0,16.0,12.0,18.0,P19,loop condition / boundary,Calls / returns,True,True,
R233,R233_T014,14,1,-0.8178959149921443,1.7472394582058046,0.9267687820822758,0.36570575075928113,3.0,19.0,15.0,14.0,P19,loop condition / boundary,Calls / returns,True,True,
R233,R233_T015,15,8,-0.7234386334717997,-0.11454521902080944,1.608503744433489,0.335723725548458,7.0,10.0,19.0,13.0,P19,loop condition / boundary,Calls / returns,True,True,
R233,R233_T016,16,4,-0.6129593921690671,0.46221270569027384,-0.053138140366166244,0.20108799959138626,10.0,14.0,9.0,10.0,P19,loop condition / boundary,Calls / returns,True,True,
R233,R233_T017,17,2,-0.8487426605048182,0.05142653349547931,0.5711396845796887,-0.17357136742493764,2.0,13.0,11.0,3.0,P19,loop condition / boundary,Calls / returns,True,True,
R233,R233_T018,18,1,-0.7046419819173991,1.0610600693804944,-0.8901641967317212,-0.05659911461684419,8.0,18.0,2.0,5.0,P19,loop condition / boundary,Calls / returns,True,True,
R233,R233_T019,19,3,-0.6708001071580468,0.5125980001626508,-0.5196740485650919,-0.05615140958115542,9.0,15.0,5.0,6.0,P19,loop condition / boundary,Calls / returns,True,True,
R234,R234_T001,1,7,0.38328178946678904,0.048473107579561865,-0.21744184986963713,0.8714617049889765,9.0,13.0,7.0,12.0,P20,loop condition / boundary,,True,False,not_selected_under_75_percent_constraints
R234,R234_T002,2,14,-0.22963729220526888,-0.34567139020037685,-0.6069090513335175,0.174147500195133,1.0,2.0,4.0,8.0,P20,loop condition / boundary,,True,False,not_selected_under_75_percent_constraints
R234,R234_T003,3,25,1.7018440511122328,-0.1248350970345764,0.1814954404482408,0.7661713353128229,13.0,7.0,10.0,11.0,P20,loop condition / boundary,,True,False,not_selected_under_75_percent_constraints
R234,R234_T004,4,22,0.36340520576639207,-0.11001628118739956,-0.5635564012220964,0.15909159778645018,8.0,8.0,5.0,7.0,P20,loop condition / boundary,,True,False,not_selected_under_75_percent_constraints
R234,R234_T005,5,20,0.9725400553119637,0.01753310279332577,-0.23489340979490433,-0.6399867849265778,12.0,11.0,6.0,1.0,P20,loop condition / boundary,,True,False,not_selected_under_75_percent_constraints
R234,R234_T006,6,25,0.19619099758175787,0.035935091951154734,-0.16631292809281117,1.040584733943664,5.0,12.0,8.0,14.0,P20,loop condition / boundary,,True,False,not_selected_under_75_percent_constraints
R234,R234_T007,7,22,0.2908197784647512,-0.19567604082472698,0.8567080086218913,0.1569600443864506,6.0,6.0,13.0,6.0,P20,loop condition / boundary,,True,False,not_selected_under_75_percent_constraints
R234,R234_T008,8,23,0.7403041910150682,0.1925563153622309,0.7505793873881087,0.10740384653975361,11.0,14.0,12.0,4.0,P20,loop condition / boundary,,True,False,not_selected_under_75_percent_constraints
R234,R234_T009,9,25,2.517199902853262,-0.09473754639308057,-0.6862082153070239,-0.16521298209639157,14.0,9.0,3.0,2.0,P20,loop condition / boundary,,True,False,not_selected_under_75_percent_constraints
R234,R234_T010,10,17,0.1412470653789186,-0.299366303851334,0.0983521407786519,0.943885199534099,4.0,4.0,9.0,13.0,P20,loop condition / boundary,,True,False,not_selected_under_75_percent_constraints
R234,R234_T011,11,14,0.6474122207462338,-0.26589262507338,0.25844370972091274,0.1366764902146925,10.0,5.0,11.0,5.0,P20,loop condition / boundary,,True,False,not_selected_under_75_percent_constraints
R234,R234_T012,12,11,0.0996526419775632,-0.341968130295381,0.8807567861478941,0.5325585057151879,3.0,3.0,14.0,9.0,P20,loop condition / boundary,,True,False,not_selected_under_75_percent_constraints
R234,R234_T013,13,17,0.3142491004903458,-0.3502033715971947,-0.9113979557053956,0.6001188803484744,7.0,1.0,1.0,10.0,P20,loop condition / boundary,,True,False,not_selected_under_75_percent_constraints
R234,R234_T014,14,12,0.0031682950096875995,-0.03911493944864743,-0.8712467327223362,0.06472367243651263,2.0,10.0,2.0,3.0,P20,loop condition / boundary,,True,False,not_selected_under_75_percent_constraints
R235,R235_T001,1,4,-0.5049144483700392,0.3075419121366047,0.1386417289418608,0.31520641200490934,4.0,11.0,5.0,9.0,P21,loop condition / boundary,,True,False,not_selected_under_75_percent_constraints
R235,R235_T002,2,6,-0.41624662802578616,0.32904174467467745,2.4001410142398805,-0.4153434249074997,5.0,12.0,13.0,3.0,P21,loop condition / boundary,,True,False,not_selected_under_75_percent_constraints
R235,R235_T003,3,7,-0.2397812449272961,-0.23419996412369307,1.0693172514653106,0.2583569880926238,6.0,4.0,10.0,8.0,P21,loop condition / boundary,,True,False,not_selected_under_75_percent_constraints
R235,R235_T004,4,10,-0.5360303220189198,-0.11451500202115317,-0.7381365275550712,0.4026059116926981,3.0,5.0,2.0,10.0,P21,loop condition / boundary,,True,False,not_selected_under_75_percent_constraints
R235,R235_T005,5,9,-0.16522085250184906,-0.08987252266758244,0.6772513775779719,-0.14514080170068727,7.0,6.0,8.0,5.0,P21,loop condition / boundary,,True,False,not_selected_under_75_percent_constraints
R235,R235_T006,6,11,0.4847382795437241,0.04472187660050913,2.1739051607882867,1.1624809127174247,12.0,9.0,12.0,13.0,P21,loop condition / boundary,,True,False,not_selected_under_75_percent_constraints
R235,R235_T007,7,11,0.23411899454151197,-0.051099780183201,1.445300273003861,-0.7645923648213077,9.0,7.0,11.0,1.0,P21,loop condition / boundary,,True,False,not_selected_under_75_percent_constraints
R235,R235_T008,8,7,0.36801966985533446,-0.4362341629423488,1.0204272994601948,0.4422012990651328,11.0,2.0,9.0,12.0,P21,loop condition / boundary,,True,False,not_selected_under_75_percent_constraints
R235,R235_T009,9,11,0.3206567966829731,0.00484250961812975,-0.6742543008527365,-0.4803457330225626,10.0,8.0,3.0,2.0,P21,loop condition / boundary,,True,False,not_selected_under_75_percent_constraints
R235,R235_T010,10,9,1.647613310145843,-0.47794477648246336,0.03343644763424112,-0.24361976574279964,13.0,1.0,4.0,4.0,P21,loop condition / boundary,,True,False,not_selected_under_75_percent_constraints
R235,R235_T011,11,2,-0.781985255238979,-0.33489044955910463,0.40982076486662455,0.4110756838591921,1.0,3.0,6.0,11.0,P21,loop condition / boundary,,True,False,not_selected_under_75_percent_constraints
R235,R235_T012,12,3,-0.618648742566441,0.2585226120986301,0.6752427325623326,0.07070581321555298,2.0,10.0,7.0,7.0,P21,loop condition / boundary,,True,False,not_selected_under_75_percent_constraints
R235,R235_T013,13,1,0.05027894682840043,1.2857125303046537,-1.0862868295553103,-0.08939465803758911,8.0,13.0,1.0,6.0,P21,loop condition / boundary,,True,False,not_selected_under_75_percent_constraints
R236,R236_T001,1,19,0.6440499993451498,0.3210526096727295,0.09280735706565357,-0.3982210790922501,4.0,9.0,5.0,5.0,P22,loop condition / boundary,Control flow,True,True,
R236,R236_T002,2,15,-0.06538080003146858,-0.2608070666568872,0.8042133814127223,0.6056339979671229,1.0,1.0,7.0,9.0,P22,loop condition / boundary,Control flow,True,True,
R236,R236_T003,3,17,0.30972783345679694,-0.12552617061147295,-0.2736018570585343,0.5889329783769139,3.0,2.0,3.0,8.0,P22,loop condition / boundary,Control flow,True,True,
R236,R236_T004,4,23,1.8852891203642452,0.030389682972117624,-0.35766154071416995,-0.5796950166484377,8.0,6.0,2.0,3.0,P22,loop condition / boundary,Control flow,True,True,
R236,R236_T005,5,26,1.6889376906249005,0.17114939292116782,0.8091446359043033,-0.46011072253760493,7.0,8.0,8.0,4.0,P22,loop condition / boundary,Control flow,True,True,
R236,R236_T006,6,23,1.1266793508933957,-0.11032659131029826,-0.05972858328263681,-0.9705187199735548,5.0,4.0,4.0,1.0,P22,loop condition / boundary,Control flow,True,True,
R236,R236_T007,7,25,3.7958546863855447,0.13004524292487696,0.9073125507008362,-0.7923351395481378,9.0,7.0,9.0,2.0,P22,loop condition / boundary,Control flow,True,True,
R236,R236_T008,8,9,-0.03723958627345055,-0.113210415830458,0.27307575274402535,-0.1044595443348917,2.0,3.0,6.0,7.0,P22,loop condition / boundary,Control flow,True,True,
R236,R236_T009,9,15,1.281598072999354,0.0031482132355796777,-1.0759637732448872,-0.2031297732225782,6.0,5.0,1.0,6.0,P22,loop condition / boundary,Control flow,True,True,
R237,R237_T001,1,10,0.9878655297185164,0.04070028073184413,0.49530551231825953,0.14688209302850405,8.0,6.0,5.0,9.0,P22,loop condition / boundary,Control flow,True,True,
R237,R237_T002,2,10,-0.4607268909558961,0.16158463721941102,-0.054028269156235265,-0.19662871032147164,3.0,8.0,2.0,8.0,P22,loop condition / boundary,Control flow,True,True,
R237,R237_T003,3,11,-0.5263645290801265,0.3079475862822533,1.6700559451243198,-0.2896679212891509,2.0,9.0,9.0,7.0,P22,loop condition / boundary,Control flow,True,True,
R237,R237_T004,4,16,0.7276994149515877,0.03419382718062496,0.5315728854001173,-0.3997259615226774,6.0,5.0,6.0,5.0,P22,loop condition / boundary,Control flow,True,True,
R237,R237_T005,5,15,0.9194662030367797,-0.06965906902612845,0.5555634570247728,-0.8918092729653636,7.0,4.0,7.0,3.0,P22,loop condition / boundary,Control flow,True,True,
R237,R237_T006,6,21,0.3538406236244624,-0.12786258635769954,0.22719669684372712,-1.1320602017663,5.0,2.0,4.0,1.0,P22,loop condition / boundary,Control flow,True,True,
R237,R237_T007,7,19,1.0930445873164911,-0.11862270441904099,0.8519736268712421,-1.0695826922949734,9.0,3.0,8.0,2.0,P22,loop condition / boundary,Control flow,True,True,
R237,R237_T008,8,2,-0.7136797581572599,0.07787255329940948,-0.005438446986951377,-0.4188542996318459,1.0,7.0,3.0,4.0,P22,loop condition / boundary,Control flow,True,True,
R237,R237_T009,9,7,-0.19869341420185213,-0.48164707429862247,-0.8079055786122512,-0.3762119775864446,4.0,1.0,1.0,6.0,P22,loop condition / boundary,Control flow,True,True,
R238,R238_T001,1,4,-0.8154473220412433,0.6899154345875097,-0.39923137683888066,1.682229591607933,2.0,12.0,8.0,12.0,P25,loop condition / boundary,,True,False,nonpositive_in_at_least_three_panels
R238,R238_T002,2,7,-0.7776574849186546,-0.3818034979908985,-1.0624532585959054,0.6470304260083015,4.0,3.0,3.0,10.0,P25,loop condition / boundary,,True,False,nonpositive_in_at_least_three_panels
R238,R238_T003,3,9,-0.11154355699993172,0.18460455572526174,-0.740893377200984,1.3946268345505304,13.0,10.0,5.0,11.0,P25,loop condition / boundary,,True,False,nonpositive_in_at_least_three_panels
R238,R238_T004,4,14,-0.4552438979356154,0.09107055551161745,-0.844991730146672,0.3281632782887104,11.0,8.0,4.0,7.0,P25,loop condition / boundary,,True,False,nonpositive_in_at_least_three_panels
R238,R238_T005,5,10,-0.18461892234292868,0.19582973901753095,-0.2783540643399689,-0.34747728069282274,12.0,11.0,9.0,2.0,P25,loop condition / boundary,,True,False,nonpositive_in_at_least_three_panels
R238,R238_T006,6,8,-0.7999663088432895,-0.20127020220245082,0.8076666620387488,1.7003609201222203,3.0,5.0,13.0,13.0,P25,loop condition / boundary,,True,False,nonpositive_in_at_least_three_panels
R238,R238_T007,7,8,-0.5699686630776006,0.1006175829718732,-0.26708887427908207,-0.7466437210954728,8.0,9.0,10.0,1.0,P25,loop condition / boundary,,True,False,nonpositive_in_at_least_three_panels
R238,R238_T008,8,7,-0.6980850947795737,-0.17234865471287528,0.08732909455967415,0.5102008219162545,6.0,6.0,11.0,9.0,P25,loop condition / boundary,,True,False,nonpositive_in_at_least_three_panels
R238,R238_T009,9,6,-0.7177552080050204,0.7730916404895889,-1.7583886640963249,-0.34430105107899994,5.0,13.0,1.0,3.0,P25,loop condition / boundary,,True,False,nonpositive_in_at_least_three_panels
R238,R238_T010,10,5,-0.5252850965506239,-0.13719040070331623,-0.4870169137770593,0.40827726480132887,10.0,7.0,7.0,8.0,P25,loop condition / boundary,,True,False,nonpositive_in_at_least_three_panels
R238,R238_T011,11,6,-0.5906526550855317,-0.34865649962051304,-0.5720143500199469,0.1807391872406056,7.0,4.0,6.0,6.0,P25,loop condition / boundary,,True,False,nonpositive_in_at_least_three_panels
R238,R238_T012,12,1,-1.0155990434321374,-1.665218439242285,0.5736096671065259,-0.13334150709222478,1.0,1.0,12.0,4.0,P25,loop condition / boundary,,True,False,nonpositive_in_at_least_three_panels
R238,R238_T013,13,1,-0.5503779327049568,-1.560306179147429,-1.4729791080225052,0.1800434671990868,9.0,2.0,2.0,5.0,P25,loop condition / boundary,,True,False,nonpositive_in_at_least_three_panels
R239,R239_T001,1,6,-0.6461861524323337,0.22123135727642015,0.22321226335542985,0.2927570297291202,3.0,12.0,8.0,11.0,P26,loop condition / boundary,,True,False,nonpositive_in_at_least_three_panels
R239,R239_T002,2,7,-0.3731973447858774,0.14307159198954808,4.069296158217203,0.13078080406514828,6.0,9.0,17.0,4.0,P26,loop condition / boundary,,True,False,nonpositive_in_at_least_three_panels
R239,R239_T003,3,20,-0.3031334197590378,0.35360919836281474,0.7029673522883236,0.30307540386564374,7.0,15.0,11.0,12.0,P26,loop condition / boundary,,True,False,nonpositive_in_at_least_three_panels
R239,R239_T004,4,17,0.040102971899090296,0.3485280361514474,-0.7111999981876664,0.18138443245030933,13.0,14.0,1.0,8.0,P26,loop condition / boundary,,True,False,nonpositive_in_at_least_three_panels
R239,R239_T005,5,17,-0.13653603881643353,0.42988815524254426,-0.43800865446433784,-0.6286463333357405,10.0,16.0,2.0,1.0,P26,loop condition / boundary,,True,False,nonpositive_in_at_least_three_panels
R239,R239_T006,6,17,-0.19180792105491676,0.019970598107235095,1.4039099448882462,1.9144922789402834,9.0,7.0,15.0,17.0,P26,loop condition / boundary,,True,False,nonpositive_in_at_least_three_panels
R239,R239_T007,7,7,-0.5723220112827709,0.46999595483986584,1.352289124591472,0.5051628665302234,4.0,17.0,14.0,14.0,P26,loop condition / boundary,,True,False,nonpositive_in_at_least_three_panels
R239,R239_T008,8,15,0.07362636171442695,-0.264639889762149,1.4776425121500074,0.6439870957918588,14.0,1.0,16.0,15.0,P26,loop condition / boundary,,True,False,nonpositive_in_at_least_three_panels
R239,R239_T009,9,21,0.39025214998086805,0.26012266861012023,-0.05656789679175143,0.13216530197234105,15.0,13.0,4.0,5.0,P26,loop condition / boundary,,True,False,nonpositive_in_at_least_three_panels
R239,R239_T010,10,20,1.4232753049261513,0.20982472726899667,-0.04710330833894483,0.08110784320159349,16.0,10.0,5.0,2.0,P26,loop condition / boundary,,True,False,nonpositive_in_at_least_three_panels
R239,R239_T011,11,23,2.311811074519809,-0.1758518302607557,0.021120761797300918,0.13223797186759245,17.0,4.0,6.0,6.0,P26,loop condition / boundary,,True,False,nonpositive_in_at_least_three_panels
R239,R239_T012,12,13,-0.2681406182256101,0.00882349302272339,0.1726150110762812,0.366023709851919,8.0,6.0,7.0,13.0,P26,loop condition / boundary,,True,False,nonpositive_in_at_least_three_panels
R239,R239_T013,13,12,0.013580170111478643,0.22103190572719436,0.5179297067429137,0.6792078803276409,12.0,11.0,9.0,16.0,P26,loop condition / boundary,,True,False,nonpositive_in_at_least_three_panels
R239,R239_T014,14,11,-0.03789417015765378,0.06254226731515035,0.8406239989973363,0.26834282712536184,11.0,8.0,12.0,9.0,P26,loop condition / boundary,,True,False,nonpositive_in_at_least_three_panels
R239,R239_T015,15,6,-0.5618040863803752,-0.10455964444487835,1.0050046435069009,0.1682548197488325,5.0,5.0,13.0,7.0,P26,loop condition / boundary,,True,False,nonpositive_in_at_least_three_panels
R239,R239_T016,16,3,-0.84108023373216,-0.19367182966470484,-0.2915693398609762,0.1222504230869551,2.0,3.0,3.0,3.0,P26,loop condition / boundary,,True,False,nonpositive_in_at_least_three_panels
R239,R239_T017,17,3,-0.850870112497399,-0.22531349711924817,0.6093652796717928,0.27337897213023554,1.0,2.0,10.0,10.0,P26,loop condition / boundary,,True,False,nonpositive_in_at_least_three_panels
R240,R240_T001,1,8,0.1575612009737377,0.06621816955841306,0.402729627287763,1.2050371482872488,9.0,10.0,8.0,11.0,P28,loop condition / boundary,Control flow,True,True,
R240,R240_T002,2,2,-0.045543686529849664,-0.39359932241858797,1.098463296440915,-0.18474147927916282,7.0,1.0,11.0,2.0,P28,loop condition / boundary,Control flow,True,True,
R240,R240_T003,3,17,0.268016176864724,0.12967708954509452,0.32837737084273383,1.0979362504161991,11.0,11.0,6.0,10.0,P28,loop condition / boundary,Control flow,True,True,
R240,R240_T004,4,18,0.31967756635682654,-0.19701156561151711,-0.7450782397682408,0.7580426592958145,12.0,2.0,1.0,7.0,P28,loop condition / boundary,Control flow,True,True,
R240,R240_T005,5,17,0.38984566679071503,0.05209514778303628,-0.35593390935695224,-0.34422439560102597,13.0,9.0,5.0,1.0,P28,loop condition / boundary,Control flow,True,True,
R240,R240_T006,6,11,-0.2069330898523837,0.31174206140659877,1.4039583565717162,1.5247871539555469,5.0,12.0,13.0,13.0,P28,loop condition / boundary,Control flow,True,True,
R240,R240_T007,7,11,-0.0711845828345904,-0.13098559626150968,0.9924317960558801,-0.13271273198317646,6.0,3.0,10.0,3.0,P28,loop condition / boundary,Control flow,True,True,
R240,R240_T008,8,10,-0.47188064902829013,-0.09237637294458866,1.1558392822896026,1.3859455941985956,3.0,5.0,12.0,12.0,P28,loop condition / boundary,Control flow,True,True,
R240,R240_T009,9,17,0.1731021919187619,0.03783661232119286,-0.3810873082023487,0.20658762043615694,10.0,7.0,4.0,4.0,P28,loop condition / boundary,Control flow,True,True,
R240,R240_T010,10,9,-0.4461213560910802,-0.10791311392030765,-0.6030514526456595,1.085788405311622,4.0,4.0,3.0,9.0,P28,loop condition / boundary,Control flow,True,True,
R240,R240_T011,11,9,-0.5194438416071278,0.04265008195821421,0.3293641298251366,0.682922274648352,2.0,8.0,7.0,6.0,P28,loop condition / boundary,Control flow,True,True,
R240,R240_T012,12,7,-0.5832354799791182,0.6740151420030284,0.4888627339203553,0.5536985365518406,1.0,13.0,9.0,5.0,P28,loop condition / boundary,Control flow,True,True,
R240,R240_T013,13,12,0.14481631968305686,-0.03270985244857654,-0.6131015993346184,0.9203681582608388,8.0,6.0,2.0,8.0,P28,loop condition / boundary,Control flow,True,True,
R241,R241_T001,1,7,0.18863283177921153,0.3718721356139669,-0.31875737719846153,1.0608037753342334,5.0,14.0,9.0,14.0,P28,loop condition / boundary,,True,False,nonpositive_in_at_least_three_panels
R241,R241_T002,2,10,0.021713459145942155,0.39841304407018385,-0.44563982850032374,0.2792812633971769,2.0,15.0,8.0,2.0,P28,loop condition / boundary,,True,False,nonpositive_in_at_least_three_panels
R241,R241_T003,3,16,0.9390333504937348,-0.06727777319078634,0.7415062671416268,1.0445238961394416,9.0,4.0,14.0,13.0,P28,loop condition / boundary,,True,False,nonpositive_in_at_least_three_panels
R241,R241_T004,4,19,1.1386354479468037,0.36834356351169717,0.41125298490756396,0.5140390191874996,11.0,13.0,13.0,5.0,P28,loop condition / boundary,,True,False,nonpositive_in_at_least_three_panels
R241,R241_T005,5,21,1.6140374320450566,0.06501965533856274,-0.1384180452439375,1.0128905840385085,16.0,8.0,10.0,12.0,P28,loop condition / boundary,,True,False,nonpositive_in_at_least_three_panels
R241,R241_T006,6,22,0.7615507512741123,-0.10631057338987791,0.8787103760545593,1.3544084010917918,8.0,3.0,15.0,16.0,P28,loop condition / boundary,,True,False,nonpositive_in_at_least_three_panels
R241,R241_T007,7,15,1.26048424718001,0.2406611665157742,-0.5539318675463326,-0.320310341523627,14.0,12.0,6.0,1.0,P28,loop condition / boundary,,True,False,nonpositive_in_at_least_three_panels
R241,R241_T008,8,22,1.541876808284715,0.2212846809111656,1.4461710099296232,1.0122706353495208,15.0,11.0,16.0,11.0,P28,loop condition / boundary,,True,False,nonpositive_in_at_least_three_panels
R241,R241_T009,9,19,1.2393441914608443,0.18203461041381602,0.2828884845622639,0.5523066117799716,13.0,10.0,12.0,6.0,P28,loop condition / boundary,,True,False,nonpositive_in_at_least_three_panels
R241,R241_T010,10,12,0.6198000435663288,-0.0019409089879951248,-0.8512725115867191,0.7144814053125303,7.0,7.0,4.0,8.0,P28,loop condition / boundary,,True,False,nonpositive_in_at_least_three_panels
R241,R241_T011,11,15,1.1866625079577018,0.12496105520619764,-1.0456927842946255,0.3839230331184151,12.0,9.0,2.0,3.0,P28,loop condition / boundary,,True,False,nonpositive_in_at_least_three_panels
R241,R241_T012,12,11,0.43670868491140924,-0.051652262978311055,-0.44641234455728984,1.0790865276193944,6.0,5.0,7.0,15.0,P28,loop condition / boundary,,True,False,nonpositive_in_at_least_three_panels
R241,R241_T013,13,8,-0.2703667890882809,-0.3761172790306868,-0.830174317755111,0.6505025436762052,1.0,2.0,5.0,7.0,P28,loop condition / boundary,,True,False,nonpositive_in_at_least_three_panels
R241,R241_T014,14,7,0.10882633613495989,-0.5466722611328559,0.07732081937731664,0.4626966451397127,4.0,1.0,11.0,4.0,P28,loop condition / boundary,,True,False,nonpositive_in_at_least_three_panels
R241,R241_T015,15,12,1.0513362566512463,-0.025130066621574677,-1.4404416804503442,0.9004304562298469,10.0,6.0,1.0,10.0,P28,loop condition / boundary,,True,False,nonpositive_in_at_least_three_panels
R241,R241_T016,16,3,0.03019380788373129,0.43124732390720344,-0.9558965435076611,0.745154194835758,3.0,16.0,3.0,9.0,P28,loop condition / boundary,,True,False,nonpositive_in_at_least_three_panels
R242,R242_T001,1,8,0.9421906790059423,0.011995481977169355,-0.8859925594326595,0.7136823408031524,15.0,11.0,3.0,12.0,P28,loop condition / boundary,Control flow,True,True,
R242,R242_T002,2,6,-0.07276870377960977,-0.06592297055645863,-0.22081565666826064,-0.355367976895979,10.0,8.0,12.0,2.0,P28,loop condition / boundary,Control flow,True,True,
R242,R242_T003,3,13,1.2744597105213675,-0.23775118141274165,0.3382798843264923,0.93557457494079,16.0,7.0,15.0,15.0,P28,loop condition / boundary,Control flow,True,True,
R242,R242_T004,4,12,0.4677976805547599,-0.03887342350871607,-0.09168846210302169,0.572384940293902,13.0,9.0,13.0,10.0,P28,loop condition / boundary,Control flow,True,True,
R242,R242_T005,5,8,-0.17197684208987385,0.15440175386199456,-0.2792267714820093,-0.4181565201594631,9.0,12.0,11.0,1.0,P28,loop condition / boundary,Control flow,True,True,
R242,R242_T006,6,12,0.2396459500230589,0.1725833694513742,-0.31828334942243763,1.2264447781441128,12.0,13.0,9.0,16.0,P28,loop condition / boundary,Control flow,True,True,
R242,R242_T007,7,8,0.8006267738184732,-0.42788826944235525,-0.7902261821200828,-0.03230088585836566,14.0,4.0,5.0,4.0,P28,loop condition / boundary,Control flow,True,True,
R242,R242_T008,8,7,-0.48750790863874705,-0.03078076844561119,-0.5660712931080055,0.55116819115088,6.0,10.0,7.0,9.0,P28,loop condition / boundary,Control flow,True,True,
R242,R242_T009,9,5,-0.5093171904999146,-0.3922418822104746,-0.9556107688894718,0.2942770380224408,4.0,5.0,2.0,7.0,P28,loop condition / boundary,Control flow,True,True,
R242,R242_T010,10,4,-0.3558955597428235,0.2674443501258614,-0.061705272871741094,0.3321737097208189,7.0,15.0,14.0,8.0,P28,loop condition / boundary,Control flow,True,True,
R242,R242_T011,11,7,0.12210242030568978,-0.6991198248502599,-1.1295415453870874,-0.06553260988457177,11.0,3.0,1.0,3.0,P28,loop condition / boundary,Control flow,True,True,
R242,R242_T012,12,6,-0.31827809774809895,0.19878933535682708,-0.8664059552178672,0.8212966336905954,8.0,14.0,4.0,14.0,P28,loop condition / boundary,Control flow,True,True,
R242,R242_T013,13,1,-1.098359781268895,-1.0173950097557998,-0.4791285130459025,0.15704510875568437,1.0,2.0,8.0,5.0,P28,loop condition / boundary,Control flow,True,True,
R242,R242_T014,14,1,-0.5836763474330234,-1.7351153933613799,0.474100738718313,0.6255934440498483,3.0,1.0,16.0,11.0,P28,loop condition / boundary,Control flow,True,True,
R242,R242_T015,15,3,-0.49794540108233787,0.8003711516649381,-0.3169506540490837,0.21242482310187671,5.0,16.0,10.0,6.0,P28,loop condition / boundary,Control flow,True,True,
R242,R242_T016,16,1,-0.84190772851366,-0.3185457710545113,-0.690623913442754,0.7433004142064498,2.0,6.0,6.0,13.0,P28,loop condition / boundary,Control flow,True,True,
R243,R243_T001,1,6,0.6723734100143735,-0.4162017246339554,-0.43618575796295384,0.9818894378722928,12.0,3.0,6.0,10.0,P28,loop condition / boundary,Control flow,True,True,
R243,R243_T002,2,4,0.09195346120758119,-0.5109489531427418,-0.15785090607226512,0.5052240758254142,10.0,2.0,7.0,5.0,P28,loop condition / boundary,Control flow,True,True,
R243,R243_T003,3,16,-0.0883843242510675,-0.3545210184015131,0.5465951734819153,1.1488736903227943,9.0,4.0,11.0,11.0,P28,loop condition / boundary,Control flow,True,True,
R243,R243_T004,4,12,-0.26761356787969853,-0.05062482265518123,-0.542636790467132,0.3612049756967435,5.0,8.0,5.0,4.0,P28,loop condition / boundary,Control flow,True,True,
R243,R243_T005,5,13,-0.22069957395009154,-0.24317134571621277,5.572404350680701e-05,0.7317398782039923,7.0,5.0,8.0,9.0,P28,loop condition / boundary,Control flow,True,True,
R243,R243_T006,6,13,-0.25621916161057084,0.1751813806310859,0.5454977880665631,1.3014519792946972,6.0,10.0,10.0,12.0,P28,loop condition / boundary,Control flow,True,True,
R243,R243_T007,7,8,-0.18228442452358343,-0.23462738091476018,-0.6378176336414279,-0.11828574158045391,8.0,6.0,4.0,2.0,P28,loop condition / boundary,Control flow,True,True,
R243,R243_T008,8,9,-0.5512281676295366,-0.20270193540368087,0.7787341733690157,0.713569765442541,4.0,7.0,12.0,8.0,P28,loop condition / boundary,Control flow,True,True,
R243,R243_T009,9,8,0.21229757482561418,0.16050982110696077,-0.7558894626603135,-0.2814140978492966,11.0,9.0,3.0,1.0,P28,loop condition / boundary,Control flow,True,True,
R243,R243_T010,10,2,-0.9366146534624212,1.2200641096357399,0.23855525866835392,0.5541369494385168,1.0,12.0,9.0,6.0,P28,loop condition / boundary,Control flow,True,True,
R243,R243_T011,11,2,-0.7182766484242604,0.4722028735061654,-1.0820641593774485,0.6535100283868379,3.0,11.0,2.0,7.0,P28,loop condition / boundary,Control flow,True,True,
R243,R243_T012,12,1,-0.8315617476679104,-0.748452597372417,-1.208351992073009,0.34150536704743767,2.0,1.0,1.0,3.0,P28,loop condition / boundary,Control flow,True,True,
R244,R244_T001,1,2,-1.0062269912000916,0.10930309057117782,-0.9045769538301794,0.18995477878145992,1.0,9.0,4.0,12.0,P30,loop condition / boundary,Control flow,True,True,
R244,R244_T002,2,2,-0.9138328596193904,-0.6546037581024298,-0.8668278845720727,-0.34432896437331834,3.0,1.0,6.0,3.0,P30,loop condition / boundary,Control flow,True,True,
R244,R244_T003,3,13,0.3840978072630478,-0.031033923488244,-0.8745399909175579,-0.06495692509150908,10.0,5.0,5.0,7.0,P30,loop condition / boundary,Control flow,True,True,
R244,R244_T004,4,12,0.7984152748440715,0.16342648815033667,-0.7756734608730794,-0.02723794536962576,13.0,10.0,7.0,9.0,P30,loop condition / boundary,Control flow,True,True,
R244,R244_T005,5,12,0.8308073651468177,0.3371495343244162,-0.5529313451224517,-0.510828974346769,14.0,11.0,9.0,2.0,P30,loop condition / boundary,Control flow,True,True,
R244,R244_T006,6,6,-0.01985162353951383,0.04844064273545409,0.0018325772742520858,0.35457833174590836,8.0,7.0,12.0,14.0,P30,loop condition / boundary,Control flow,True,True,
R244,R244_T007,7,8,0.2350115778662828,0.4132248955441794,0.7949368949732399,-0.9772894163542888,9.0,13.0,14.0,1.0,P30,loop condition / boundary,Control flow,True,True,
R244,R244_T008,8,9,0.47056346203092597,-0.08686078644011212,0.2241331397041475,0.2029926270502166,12.0,3.0,13.0,13.0,P30,loop condition / boundary,Control flow,True,True,
R244,R244_T009,9,6,0.4182595973461643,0.08869784239526635,-1.2044894739223344,-0.06280982023652466,11.0,8.0,2.0,8.0,P30,loop condition / boundary,Control flow,True,True,
R244,R244_T010,10,5,-0.17347341514743883,0.000732001088052292,-0.620467001661757,-0.11030964349641575,7.0,6.0,8.0,6.0,P30,loop condition / boundary,Control flow,True,True,
R244,R244_T011,11,3,-0.5630264330528942,0.37183472005594914,-0.4046287532058845,0.16621459086070126,4.0,12.0,10.0,11.0,P30,loop condition / boundary,Control flow,True,True,
R244,R244_T012,12,1,-0.3780464386741654,0.5956434266703979,-0.3896989707201997,0.0034299208324579666,6.0,14.0,11.0,10.0,P30,loop condition / boundary,Control flow,True,True,
R244,R244_T013,13,3,-0.44009146800546595,-0.33793029023515087,-1.1009258933010138,-0.3023304224981805,5.0,2.0,3.0,4.0,P30,loop condition / boundary,Control flow,True,True,
R244,R244_T014,14,1,-0.9908470689999817,-0.07939632477967691,-1.3179567835676707,-0.2608739716078257,2.0,4.0,1.0,5.0,P30,loop condition / boundary,Control flow,True,True,
R245,R245_T001,1,2,-0.8709549648298253,-0.39815739157768065,-1.0875673275786142,0.40992037609892584,1.0,2.0,3.0,10.0,P31,loop condition / boundary,,True,False,nonpositive_in_at_least_three_panels
R245,R245_T002,2,2,-0.6457168463837343,-0.3748247188448433,3.6633040097646954,-0.2505207013650319,3.0,3.0,11.0,3.0,P31,loop condition / boundary,,True,False,nonpositive_in_at_least_three_panels
R245,R245_T003,3,7,-0.42548716949612636,-0.21521633231463683,-0.2522188052502136,0.3603429568441096,7.0,4.0,8.0,8.0,P31,loop condition / boundary,,True,False,nonpositive_in_at_least_three_panels
R245,R245_T004,4,5,-0.6233751238204316,0.06347509749700642,-0.688183832705089,-0.013223126100326119,4.0,9.0,5.0,6.0,P31,loop condition / boundary,,True,False,nonpositive_in_at_least_three_panels
R245,R245_T005,5,9,-0.4888712072395376,0.41574648784784524,-0.9444341475924558,-0.3751540763287922,6.0,11.0,4.0,2.0,P31,loop condition / boundary,,True,False,nonpositive_in_at_least_three_panels
R245,R245_T006,6,8,-0.2147001708146028,0.31744951577266756,0.5117459328860918,0.39067392288036534,9.0,10.0,10.0,9.0,P31,loop condition / boundary,,True,False,nonpositive_in_at_least_three_panels
R245,R245_T007,7,8,-0.6856363686460653,-0.012022658327923187,0.3673106317630788,0.6392516082744054,2.0,6.0,9.0,11.0,P31,loop condition / boundary,,True,False,nonpositive_in_at_least_three_panels
R245,R245_T008,8,13,-0.27060271170517125,0.03512327523820003,-0.3033597197041815,0.16091073903977285,8.0,7.0,7.0,7.0,P31,loop condition / boundary,,True,False,nonpositive_in_at_least_three_panels
R245,R245_T009,9,9,-0.5928487807377972,-0.13129379463041077,-1.7778810640440905,-0.45455328444893556,5.0,5.0,1.0,1.0,P31,loop condition / boundary,,True,False,nonpositive_in_at_least_three_panels
R245,R245_T010,10,10,0.38431803565958605,-0.4806256147270247,-0.6476264115191304,-0.08741607860990064,11.0,1.0,6.0,5.0,P31,loop condition / boundary,,True,False,nonpositive_in_at_least_three_panels
R245,R245_T011,11,12,0.23504444583498052,0.03904288707933475,-1.1361585233417557,-0.12244627792175018,10.0,8.0,2.0,4.0,P31,loop condition / boundary,,True,False,nonpositive_in_at_least_three_panels
